day,Unadjusted,Adjusted,total
2017-11-01,100000.000000,260.000000,100260.000000
2017-12-01,1877.000000,684.485843,2561.485843
2018-01-01,154323846.869011,52335345.866474,206659192.735485
2018-02-01,30470026.180444,58406927.054348,88876953.234792
2018-03-01,26843998.746484,51553651.455396,78397650.201880
2018-04-01,36502666.532850,71260810.043289,107763476.576139
2018-05-01,30211329.050149,54755271.463491,84966600.513640
2018-06-01,46533200.884778,67017274.531739,113550475.416518
2018-07-01,100095589.911558,57981048.477875,158076638.389433
2018-08-01,9970293.649154,38574029.944899,48544323.594053
2018-09-01,50463475.823407,67475552.122201,117939027.945608
2018-10-01,758039297.281896,433509844.203911,1191549141.485807
2018-11-01,856229233.737073,853197815.203033,1709427048.940105
2018-12-01,1187867107.189158,1260292504.702706,2448159611.891864
2019-01-01,2633685159.080774,1667024705.226922,4300709864.307695
2019-02-01,950126890.577871,832439721.994181,1782566612.572053
2019-03-01,447182802.244640,648700148.472241,1095882950.716881
2019-04-01,2714757235.217745,2611213998.456238,5325971233.673983
2019-05-01,3544348011.443965,3795601637.988714,7339949649.432678
2019-06-01,4381609761.391182,5235037650.977753,9616647412.368935
2019-07-01,13345053339.218122,15214443846.416454,28559497185.634575
2019-08-01,7138332439.809750,11817920079.171782,18956252518.981529
2019-09-01,9349496774.222450,13857649167.817574,23207145942.040024
2019-10-01,13999972048.182489,18017980761.221436,32017952809.403923
2019-11-01,12155106109.656242,17112267290.218489,29267373399.874733
2019-12-01,10574886622.247553,15060314245.629429,25635200867.876984
2020-01-01,10606384643.524010,14731455104.029776,25337839747.553787
2020-02-01,13343668793.429863,18136338752.762756,31480007546.192619
2020-03-01,22279856250.732876,26792216190.173775,49072072440.906647
2020-04-01,20177235403.712120,24737404355.667004,44914639759.379120
2020-05-01,24043947542.034763,30650345107.780998,54694292649.815765
2020-06-01,29319682511.204185,35578568675.683044,64898251186.887230
2020-07-01,46833428041.681030,46617720255.029465,93451148296.710495
2020-08-01,69483756067.214600,64083783290.248024,133567539357.462616
2020-09-01,112573115432.698349,86288183095.046356,198861298527.744690
2020-10-01,225784854751.593811,66381377281.026581,292166232032.620361
2020-11-01,237683062450.590637,78413632814.974762,316096695265.565430
2020-12-01,282457958293.562866,92382851732.421783,374840810025.984619
2021-01-01,738556212302.311768,159413525863.108765,897969738165.420532
2021-02-01,890867136590.413452,193758060245.972717,1084625196836.386230
2021-03-01,1358063392381.416992,217118757856.323669,1575182150237.740723
2021-04-01,3181011695864.717773,298562075549.483521,3479573771414.201172
2021-05-01,2400332952267.821289,458237192841.421021,2858570145109.242188
2021-06-01,1390675390717.211670,265691997002.236938,1656367387719.448730
2021-07-01,1124037951411.895996,226176682504.012634,1350214633915.908691
2021-08-01,1205627312566.499023,298516809048.215759,1504144121614.714844
2021-09-01,2087560720488.189453,321878250825.718628,2409438971313.908203
2021-10-01,16154544395901.382812,335523128607.667297,16490067524509.050781
2021-11-01,27556151642950.000000,399258200228.244141,27955409843178.242188
2021-12-01,31213000491252.785156,389969912724.964355,31602970403977.750000
2022-01-01,27547339480848.171875,318569000115.092834,27865908480963.265625
2022-02-01,21497947257610.148438,251067136037.475983,21749014393647.625000
2022-03-01,24291587678725.871094,323635064635.833008,24615222743361.703125
2022-04-01,4393992052195.519531,308110567543.349121,4702102619738.869141
2022-05-01,3442226986444.474609,467958889595.040283,3910185876039.514648
2022-06-01,3844940767866.168945,377837997180.855103,4222778765047.023926
2022-07-01,4063112614254.370117,303562233488.124756,4366674847742.495117
2022-08-01,3334218207785.868652,336910725730.952881,3671128933516.821289
2022-09-01,1435390913921.869141,313470948523.083069,1748861862444.952148
2022-10-01,837342539180.705078,299400852640.713013,1136743391821.417969
2022-11-01,889902524528.031494,469785598427.856873,1359688122955.888428
2022-12-01,609997472784.315430,395250103459.751221,1005247576244.066650
2023-01-01,573037454250.933594,403856221312.828979,976893675563.762573
2023-02-01,479488071160.668945,332694063988.211792,812182135148.880737
2023-03-01,706664940982.324707,478281148181.097534,1184946089163.422363
2023-04-01,393362144979.427002,312339894049.343994,705702039028.770996
2023-05-01,389369746195.951599,297182879198.844177,686552625394.795776
2023-06-01,424162999067.579468,351210527131.070374,775373526198.649902
2023-07-01,376324761762.242920,299545104122.306458,675869865884.549316
2023-08-01,412138219043.925842,315250750404.701233,727388969448.627075
2023-09-01,332375899617.874512,279814532517.462341,612190432135.336914
2023-10-01,411143569277.553589,311940649570.733704,723084218848.287354
2023-11-01,520249006165.022461,330279109647.756287,850528115812.778809
2023-12-01,763664890364.959961,359384356225.078125,1123049246590.038086
2024-01-01,1033675118718.368164,389869124101.849365,1423544242820.217529
2024-02-01,1426470229788.064453,359946691723.066284,1786416921511.130859
2024-03-01,2121876633703.504395,549383696259.548950,2671260329963.053223
2024-04-01,2147626967914.509277,505235241915.096313,2652862209829.605469
2024-05-01,2948699144839.470703,445274168745.963196,3393973313585.434082
2024-06-01,1457903792610.099365,427248243411.962341,1885152036022.061768
2024-07-01,904634543142.694580,468458407261.061707,1373092950403.756348
2024-08-01,902748950624.313965,505152775071.015503,1407901725695.329590
2024-09-01,1027274401916.521729,426723851515.711365,1453998253432.233154
2024-10-01,1525919156468.889648,500426154843.347168,2026345311312.236816
2024-11-01,2052177965062.944092,710169582384.344116,2762347547447.288086
2024-12-01,4214138100936.321289,751737235621.151611,4965875336557.472656
2025-01-01,4112518293092.865234,736913539474.716064,4849431832567.581055
2025-02-01,3188590016520.623047,728027338599.896484,3916617355120.519531
2025-03-01,1903018914121.177734,740855417297.926514,2643874331419.104492
2025-04-01,2123532028482.289551,786016444399.645874,2909548472881.935547
2025-05-01,2792868650944.692383,788123081787.205322,3580991732731.897461
2025-06-01,3068311842857.046875,823939659937.168335,3892251502794.215332
2025-07-01,3273576433536.444336,950903139694.406616,4224479573230.851074
2025-08-01,4052951593797.171875,949220375132.422119,5002171968929.593750
2025-09-01,4655688076974.283203,991222258900.722778,5646910335875.005859
2025-10-01,5611749535507.824219,1486497726933.477539,7098247262441.301758
2025-11-01,4355715090125.254883,1149181854038.288330,5504896944163.542969
2025-12-01,5547715377177.958008,1024986326993.588867,6572701704171.546875
2026-01-01,8985851976757.054688,1138922011388.441895,10124773988145.496094
2026-02-01,6872915918959.712891,1775160390604.051758,8648076309563.764648
2026-03-01,8414368436470.996094,1457945500078.257812,9872313936549.253906
2026-04-01,7298889361947.199219,1240447412052.933350,8539336774000.132812
2026-05-01,22738077233062.453125,1098765778001.332520,23836843011063.785156
2026-06-01,5128469449744.146484,1781211446474.433594,6909680896218.580078
2026-07-01,1162361417324.821533,436069273468.944031,1598430690793.765625
