day,Retail Sized,Non Retail Sized,total
2017-11-01,0.000000,7.000000,7.000000
2017-12-01,0.000000,23.000000,23.000000
2018-01-01,7.000000,330.000000,337.000000
2018-02-01,115.000000,870.000000,985.000000
2018-03-01,174.000000,916.000000,1090.000000
2018-04-01,470.000000,1706.000000,2176.000000
2018-05-01,565.000000,2073.000000,2638.000000
2018-06-01,556.000000,1962.000000,2518.000000
2018-07-01,539.000000,2683.000000,3222.000000
2018-08-01,882.000000,1698.000000,2580.000000
2018-09-01,1975.000000,3151.000000,5126.000000
2018-10-01,3999.000000,4794.000000,8793.000000
2018-11-01,12199.000000,18701.000000,30900.000000
2018-12-01,20060.000000,28586.000000,48646.000000
2019-01-01,30455.000000,23326.000000,53781.000000
2019-02-01,27124.000000,23445.000000,50569.000000
2019-03-01,26127.000000,32428.000000,58555.000000
2019-04-01,41327.000000,77224.000000,118551.000000
2019-05-01,97354.000000,144342.000000,241696.000000
2019-06-01,138611.000000,332661.000000,471272.000000
2019-07-01,231704.000000,668174.000000,899878.000000
2019-08-01,884334.000000,1189566.000000,2073900.000000
2019-09-01,1396066.000000,2122964.000000,3519030.000000
2019-10-01,720102.000000,1347612.000000,2067714.000000
2019-11-01,705411.000000,1561180.000000,2266591.000000
2019-12-01,572812.000000,1443459.000000,2016271.000000
2020-01-01,636353.000000,1193402.000000,1829755.000000
2020-02-01,937903.000000,1577774.000000,2515677.000000
2020-03-01,1314860.000000,2129882.000000,3444742.000000
2020-04-01,1787451.000000,2310985.000000,4098436.000000
2020-05-01,2219055.000000,2988560.000000,5207615.000000
2020-06-01,2691323.000000,3664142.000000,6355465.000000
2020-07-01,2530211.000000,4119287.000000,6649498.000000
2020-08-01,2693411.000000,5092892.000000,7786303.000000
2020-09-01,3248428.000000,5864074.000000,9112502.000000
2020-10-01,4144049.000000,6373270.000000,10517319.000000
2020-11-01,4377313.000000,6251751.000000,10629064.000000
2020-12-01,3967626.000000,6717226.000000,10684852.000000
2021-01-01,4848808.000000,7782560.000000,12631368.000000
2021-02-01,7444306.000000,8679517.000000,16123823.000000
2021-03-01,7179470.000000,11537166.000000,18716636.000000
2021-04-01,9562335.000000,14934859.000000,24497194.000000
2021-05-01,13808221.000000,19219419.000000,33027640.000000
2021-06-01,10766549.000000,14153482.000000,24920031.000000
2021-07-01,10720546.000000,12688834.000000,23409380.000000
2021-08-01,13053064.000000,16271500.000000,29324564.000000
2021-09-01,15375022.000000,18260809.000000,33635831.000000
2021-10-01,19997214.000000,20608668.000000,40605882.000000
2021-11-01,26271908.000000,25024638.000000,51296546.000000
2021-12-01,22892910.000000,22865839.000000,45758749.000000
2022-01-01,21268259.000000,19960326.000000,41228585.000000
2022-02-01,20036187.000000,17937002.000000,37973189.000000
2022-03-01,22053302.000000,20927477.000000,42980779.000000
2022-04-01,24083230.000000,23585734.000000,47668964.000000
2022-05-01,28457169.000000,25798040.000000,54255209.000000
2022-06-01,26153811.000000,21476258.000000,47630069.000000
2022-07-01,25883878.000000,20789728.000000,46673606.000000
2022-08-01,25509338.000000,21549645.000000,47058983.000000
2022-09-01,25667446.000000,20969963.000000,46637409.000000
2022-10-01,35754108.000000,19340117.000000,55094225.000000
2022-11-01,49193563.000000,23988849.000000,73182412.000000
2022-12-01,53692434.000000,22380881.000000,76073315.000000
2023-01-01,50302298.000000,20331797.000000,70634095.000000
2023-02-01,38771813.000000,21965471.000000,60737284.000000
2023-03-01,43414481.000000,27666172.000000,71080653.000000
2023-04-01,49725137.000000,28120856.000000,77845993.000000
2023-05-01,56736861.000000,29480243.000000,86217104.000000
2023-06-01,49401409.000000,26559020.000000,75960429.000000
2023-07-01,46265885.000000,29664845.000000,75930730.000000
2023-08-01,46697474.000000,28720841.000000,75418315.000000
2023-09-01,46308344.000000,25686871.000000,71995215.000000
2023-10-01,45972138.000000,27990177.000000,73962315.000000
2023-11-01,44585839.000000,30730607.000000,75316446.000000
2023-12-01,48097495.000000,35811239.000000,83908734.000000
2024-01-01,47584869.000000,35782351.000000,83367220.000000
2024-02-01,44722766.000000,33584339.000000,78307105.000000
2024-03-01,61256918.000000,50098968.000000,111355886.000000
2024-04-01,59388451.000000,44989253.000000,104377704.000000
2024-05-01,60074533.000000,40598844.000000,100673377.000000
2024-06-01,62577256.000000,38566673.000000,101143929.000000
2024-07-01,64793054.000000,40456428.000000,105249482.000000
2024-08-01,66107222.000000,41245095.000000,107352317.000000
2024-09-01,72904049.000000,38596913.000000,111500962.000000
2024-10-01,73682888.000000,43465326.000000,117148214.000000
2024-11-01,74935038.000000,53200858.000000,128135896.000000
2024-12-01,76629597.000000,56972132.000000,133601729.000000
2025-01-01,83914425.000000,52969732.000000,136884157.000000
2025-02-01,75445916.000000,46493277.000000,121939193.000000
2025-03-01,83077379.000000,50796759.000000,133874138.000000
2025-04-01,76937652.000000,49029172.000000,125966824.000000
2025-05-01,98390029.000000,92457999.000000,190848028.000000
2025-06-01,101309902.000000,137499849.000000,238809751.000000
2025-07-01,126297100.000000,121015179.000000,247312279.000000
2025-08-01,119584443.000000,79589003.000000,199173446.000000
2025-09-01,116419817.000000,81517423.000000,197937240.000000
2025-10-01,134872523.000000,96414636.000000,231287159.000000
2025-11-01,137438870.000000,78171199.000000,215610069.000000
2025-12-01,141293989.000000,66985979.000000,208279968.000000
2026-01-01,149129558.000000,65814248.000000,214943806.000000
2026-02-01,139500388.000000,56518861.000000,196019249.000000
2026-03-01,150600805.000000,62582430.000000,213183235.000000
2026-04-01,145995806.000000,60990965.000000,206986771.000000
2026-05-01,145636718.000000,62431677.000000,208068395.000000
2026-06-01,137242033.000000,66138300.000000,203380333.000000
2026-07-01,33156915.000000,15430033.000000,48586948.000000
