day,Weekday,Weekend,total
2026-06-08,78935547501.109528,0,78935547501.109528
2026-06-09,68094987128.256226,0,68094987128.256226
2026-06-10,66487813091.554871,0,66487813091.554871
2026-06-11,71549146661.614929,0,71549146661.614929
2026-06-12,179725057302.787384,0,179725057302.787384
2026-06-13,0,48477626049.394470,48477626049.394470
2026-06-14,0,46604240578.554039,46604240578.554039
2026-06-15,54204288213.851822,0,54204288213.851822
2026-06-16,70379304549.944778,0,70379304549.944778
2026-06-17,58830661682.150345,0,58830661682.150345
2026-06-18,55871719746.142738,0,55871719746.142738
2026-06-19,45129819714.831261,0,45129819714.831261
2026-06-20,0,36512856080.522629,36512856080.522629
2026-06-21,0,31090449584.489723,31090449584.489723
2026-06-22,45778664792.235794,0,45778664792.235794
2026-06-23,44604755937.107857,0,44604755937.107857
2026-06-24,45650386896.788658,0,45650386896.788658
2026-06-25,48270161412.030045,0,48270161412.030045
2026-06-26,55848385767.577042,0,55848385767.577042
2026-06-27,0,39929597150.938515,39929597150.938515
2026-06-28,0,36024287895.722748,36024287895.722748
2026-06-29,81887208433.630066,0,81887208433.630066
2026-06-30,60602710566.107117,0,60602710566.107117
2026-07-01,58427402006.091331,0,58427402006.091331
2026-07-02,120339582991.982559,0,120339582991.982559
2026-07-03,53804516033.752182,0,53804516033.752182
2026-07-04,0,53985459515.131783,53985459515.131783
2026-07-05,0,32484080404.055199,32484080404.055199
2026-07-06,52347506737.467590,0,52347506737.467590
2026-07-07,58333606368.212059,0,58333606368.212059
2026-07-08,6347119412.251059,0,6347119412.251059
