date,USDC,USDT,PYUSD,RLUSD,USDG,USDTB,FDUSD,USDH,USDP,total
2019-05-01,577327.009177,0,0,0,0,0,0,0,0,577327.009177
2019-06-01,3009294.022177,0,0,0,0,0,0,0,0,3009294.022177
2019-07-01,15835960.677680,0,0,0,0,0,0,0,0,15835960.677680
2019-08-01,11218642.249982,0,0,0,0,0,0,0,0,11218642.249982
2019-09-01,3560434.618849,0,0,0,0,0,0,0,0,3560434.618849
2019-10-01,3565768.929479,0,0,0,0,0,0,0,0,3565768.929479
2019-11-01,4672024.071722,0,0,0,0,0,0,0,0,4672024.071722
2019-12-01,9647196.655560,0,0,0,0,0,0,0,0,9647196.655560
2020-01-01,7216925.250051,1372148.792888,0,0,0,0,0,0,0,8589074.042939
2020-02-01,11357930.425447,3954921.153275,0,0,0,0,0,0,0,15312851.578721
2020-03-01,15431211.801764,837508.088618,0,0,0,0,0,0,0,16268719.890382
2020-04-01,4867876.025363,642459.761555,0,0,0,0,0,0,0,5510335.786919
2020-05-01,6581048.975899,3109195.272369,0,0,0,0,0,0,0,9690244.248268
2020-06-01,85818834.715025,283891394.940007,0,0,0,0,0,0,0,369710229.655032
2020-07-01,661767717.597549,130614570.860475,0,0,0,0,0,0,0,792382288.458024
2020-08-01,310259206.747272,200769141.051678,0,0,0,0,0,0,0,511028347.798951
2020-09-01,372508457.076950,314194561.756273,0,0,0,0,0,0,0,686703018.833223
2020-10-01,458754990.916085,200872749.028596,0,0,0,0,0,0,0,659627739.944681
2020-11-01,931220907.220493,328670280.797261,0,0,0,0,0,0,0,1259891188.017754
2020-12-01,904614897.659957,443580273.681187,0,0,0,0,0,0,0,1348195171.341144
2021-01-01,3167748620.204409,1459605358.282216,0,0,0,0,0,0,0,4627353978.486625
2021-02-01,3819999415.475175,927786957.917568,0,0,0,0,0,0,0,4747786373.392743
2021-03-01,2919428228.296703,951957071.549509,0,0,0,0,0,0,0,3871385299.846212
2021-04-01,6946874721.283807,1838038820.026619,0,0,0,0,0,0,0,8784913541.310427
2021-05-01,16147120208.318773,5979810181.684994,0,0,0,0,0,0,0,22126930390.003769
2021-06-01,9940096495.822582,3197482803.213492,0,0,0,0,0,0,0,13137579299.036076
2021-07-01,7798104022.032414,1924167145.748967,0,0,0,0,0,0,5055779.759639,9727326947.541021
2021-08-01,7205474414.833870,3449261356.038848,0,0,0,0,0,0,2519647.246816,10657255418.119535
2021-09-01,7108699751.400999,2735762772.722796,0,0,0,0,0,0,6737655.722552,9851200179.846346
2021-10-01,12470718268.767658,6525971295.510699,0,0,0,0,0,0,6811383.076057,19003500947.354416
2021-11-01,13742205140.564552,7538117342.359524,0,0,0,0,0,0,8782081.342464,21289104564.266541
2021-12-01,9709872366.897158,5905572511.312407,0,0,0,0,0,0,1377404.338818,15616822282.548382
2022-01-01,5621465614.462460,3603689207.657968,0,0,0,0,0,0,967117.601354,9226121939.721783
2022-02-01,7182865749.654911,3291699905.979729,0,0,0,0,0,0,1846537.575968,10476412193.210608
2022-03-01,5371742895.420093,3607627868.376472,0,0,0,0,0,0,946808.900190,8980317572.696756
2022-04-01,5036663571.772151,2538981663.999780,0,0,0,0,0,0,939107.348920,7576584343.120851
2022-05-01,3312961438.494733,1870645408.580600,0,0,0,0,0,0,564313.972140,5184171161.047473
2022-06-01,4188788808.380832,1826184265.142630,0,0,0,0,0,0,272272.548035,6015245346.071497
2022-07-01,1986023625.054242,1292022443.887919,0,0,0,0,0,0,31940.984043,3278078009.926204
2022-08-01,3995332039.148477,1490112173.479269,0,0,0,0,0,0,21053.332620,5485465265.960364
2022-09-01,1735460428.216787,982394751.019580,0,0,0,0,0,0,15170.599815,2717870349.836181
2022-10-01,1632613333.905867,764506399.262828,0,0,0,0,0,0,148101.913167,2397267835.081862
2022-11-01,2258900700.507926,2054353504.596425,0,0,0,0,0,0,165195.635060,4313419400.739410
2022-12-01,939882767.962097,718812331.070679,0,0,0,0,0,0,50087.204369,1658745186.237144
2023-01-01,1576742334.824136,1634171133.672024,0,0,0,0,0,0,303090.651196,3211216559.147356
2023-02-01,1360385038.065148,957560261.355821,0,0,0,0,0,0,1261268.159977,2319206567.580946
2023-03-01,3831874005.303584,3142228709.534165,0,0,0,0,0,0,4665848.188223,6978768563.025971
2023-04-01,857505821.017445,1329357013.922453,0,0,0,0,0,0,292181.335916,2187155016.275814
2023-05-01,608851029.257851,935930786.404909,0,0,0,0,0,0,430007.441741,1545211823.104500
2023-06-01,1081377515.370453,1119409666.320805,0,0,0,0,0,0,1209702.303966,2201996883.995223
2023-07-01,1196879780.199802,615314601.924437,0,0,0,0,0,0,681949.979907,1812876332.104147
2023-08-01,1029988245.609224,945103085.213897,0,0,0,0,0,0,65018.300865,1975156349.123987
2023-09-01,869423147.167818,561265728.584830,0,0,0,0,0,0.477981,56610.244432,1430745486.475060
2023-10-01,1267902038.265268,981586910.132797,0,0,0,0,0,5647.044388,58433.067221,2249553028.509674
2023-11-01,1131253622.351064,757104100.534100,0,0,0,0,0,34224.922199,0,1888391947.807364
2023-12-01,1283397763.146807,1078535828.267258,0,0,0,0,7465970.074308,48598.181348,155385.388761,2369603545.058482
2024-01-01,1488337717.058058,1400545687.868355,0,0,0,0,38507009.283278,13330.953263,162118.042093,2927565863.205047
2024-02-01,1880959640.816783,1106139842.308651,8631671.123768,0,0,0,47872476.020655,3112.547157,4661762.451631,3048268505.268646
2024-03-01,3124370916.330257,2003623318.446519,16144344.418795,0,0,0,76562573.198158,4954.085495,32654109.683735,5253360216.162958
2024-04-01,2092917581.063495,1520780600.785976,7098876.776524,0,0,0,92909820.233659,6064.661750,5421661.195533,3719134604.716937
2024-05-01,2893587077.775747,1624602383.797571,5515731.314378,0,0,0,71594412.044662,4250.771362,0,4595303855.703721
2024-06-01,1921880431.556278,1152143060.335576,11653557.109358,0,0,0,30344378.256398,1005.979867,0,3116022433.237476
2024-07-01,3501232732.902675,2251178283.261711,17128111.593892,0,0,0,15915903.457417,0,0,5785455031.215696
2024-08-01,3639669741.973210,2953660047.040491,94271837.650294,0,0,0,13421250.554696,0,0,6701022877.218691
2024-09-01,5383900352.048134,1877958209.821530,180727603.225351,0,0,0,26483085.426064,0,0,7469069250.521079
2024-10-01,12836453432.286226,2105823947.884590,197988948.303758,0,0,0,18896474.725336,0,0,15159162803.199909
2024-11-01,12431327311.233801,3301461078.895902,150835483.991762,0,0,0,36185852.957068,0,0,15919809727.078533
2024-12-01,12056409308.275175,3625486286.302664,72593441.717603,0,0,0,35201395.131569,0,0,15789690431.427011
2025-01-01,13308262508.753891,2035797214.041502,34115477.660570,0,0,0,78039138.759630,0,0,15456214339.215593
2025-02-01,13124466097.203310,2975976783.341016,34385390.524944,0,0,0,33212746.636741,0,0,16168041017.706011
2025-03-01,6005590886.929287,2737066110.265188,15342860.870927,0,18166585.627901,0,70277985.754196,0,0,8846444429.447500
2025-04-01,5476429696.496566,4776886097.841781,13032040.958128,11369297.165908,19666374.435416,0,54257486.073144,0,0,10351640992.970942
2025-05-01,7471275063.469613,8258520119.671659,18272134.510044,42471219.082820,55648429.775173,1594.903849,46161341.505622,0,0,15892349902.918779
2025-06-01,6897070298.894681,6897718191.386441,9858148.269008,144055270.893897,62526084.677150,37903554.056181,20321100.614633,0,0,14069452648.791994
2025-07-01,11366360501.472290,14252622565.665302,24217051.429774,263046673.060686,90385264.630374,75236839.175425,8223345.100129,0,0,26080092240.533978
2025-08-01,17162070984.720308,15491473745.846489,56595119.117430,216324228.142543,111693485.959738,107075822.044256,5864255.732538,0,0,33151097641.563301
2025-09-01,18932636207.659374,17484103002.948799,325073124.736475,145255453.289741,189545736.033120,52390836.198921,3990541.685840,431915.652981,0,37133426818.205246
2025-10-01,21709585113.825603,16344064950.708883,449106184.114564,277228980.955405,163993046.257436,32111785.927073,5678079.402086,4826667.911059,0,38986594809.102104
2025-11-01,9577493081.953209,11753092212.313189,659242413.762098,187842062.426114,107838604.279624,14691981.885855,2367981.618095,11313632.090382,0,22313881970.328560
2025-12-01,8320986881.915457,7527858319.872574,657206150.454587,261633455.612194,94690942.452285,27320582.981966,17439594.617398,76679269.472869,0,16983815197.379328
2026-01-01,10177545968.578156,6305986114.393962,404636534.379114,118370650.518893,136725134.147766,42662955.697189,11217806.460470,54859574.365534,0,17252004738.541088
2026-02-01,7184607630.593721,8567932355.774495,565673299.309636,95831135.897246,168083291.275190,68776926.907082,2179208.791135,28930040.198588,0,16682013888.747093
2026-03-01,10040199695.493317,8035416451.881851,664364863.295712,364043354.584880,97967777.440144,81927471.968681,3606113.089184,16264496.879145,0,19303790224.632915
2026-04-01,8337893398.872825,8537650247.669098,907343782.231717,449026339.710896,60073661.211429,201050256.111809,2658678.060601,8514855.862985,0,18504211219.731358
2026-05-01,5531797907.247440,4756910164.250517,557673848.793289,408015838.158819,858328286.906234,212096358.048246,10511224.295279,4351762.532531,0,12339685390.232357
2026-06-01,5813163725.610860,3551369649.031108,568122691.166428,279855717.511397,122573519.584481,70907115.263014,1711668.174757,348879.168111,0,10408052965.510153
2026-07-01,9415563798.305597,3653650055.228257,301555930.494925,139144286.885001,197022766.195355,31955699.620086,6001637.341924,2913.932491,0,13744897088.003637
2026-08-01,13647788784.641275,4304169536.960667,494501864.354797,233308519.100515,227951765.764435,13737153.883682,7795630.949437,111.922711,0,18929253367.577522
2026-09-01,5619478985.472588,1118123501.497349,123453366.016814,69582237.526869,84415007.036144,113426.231580,1804363.129105,0,0,7016970886.910448
