day,USDT,USDC,PYUSD,USDP,EURC,MUSD,USDG,FDUSD,USDH,EURCV,EURS,RLUSD,USDTB,total
2020-01-01,509353.000000,31945.000000,0,56903.000000,0,0,0,0,0,0,535.000000,0,0,598736.000000
2020-02-01,615987.000000,37984.000000,0,91200.000000,0,0,0,0,0,0,771.000000,0,0,745942.000000
2020-03-01,913255.000000,45270.000000,0,171658.000000,0,0,0,0,0,0,1196.000000,0,0,1131379.000000
2020-04-01,1376779.000000,48505.000000,0,295521.000000,0,0,0,0,0,0,692.000000,0,0,1721497.000000
2020-05-01,1783710.000000,54358.000000,0,443681.000000,0,0,0,0,0,0,525.000000,0,0,2282274.000000
2020-06-01,2175617.000000,58309.000000,0,285477.000000,0,0,0,0,0,0,587.000000,0,0,2519990.000000
2020-07-01,2064015.000000,68356.000000,0,97161.000000,0,0,0,0,0,0,720.000000,0,0,2230252.000000
2020-08-01,1987526.000000,70036.000000,0,13935.000000,0,0,0,0,0,0,646.000000,0,0,2072143.000000
2020-09-01,2473227.000000,79926.000000,0,3210.000000,0,0,0,0,0,0,502.000000,0,0,2556865.000000
2020-10-01,3951563.000000,163802.000000,0,7522.000000,0,0,0,0,0,0,506.000000,0,0,4123393.000000
2020-11-01,3445360.000000,254228.000000,0,24542.000000,0,0,0,0,0,0,930.000000,0,0,3725060.000000
2020-12-01,3155323.000000,191300.000000,0,10415.000000,0,0,0,0,0,0,978.000000,0,0,3358016.000000
2021-01-01,3794391.000000,193632.000000,0,3540.000000,0,0,0,0,0,0,868.000000,0,0,3992431.000000
2021-02-01,5168146.000000,217267.000000,0,2018.000000,0,0,0,0,0,0,390.000000,0,0,5387821.000000
2021-03-01,4321385.000000,278997.000000,0,1741.000000,0,0,0,0,0,0,391.000000,0,0,4602514.000000
2021-04-01,4475125.000000,855429.000000,0,1566.000000,0,0,0,0,0,0,390.000000,0,0,5332510.000000
2021-05-01,4542873.000000,1051191.000000,0,1426.000000,0,0,0,0,0,0,305.000000,0,0,5595795.000000
2021-06-01,4991088.000000,1203438.000000,0,1510.000000,0,0,0,0,0,0,399.000000,0,0,6196435.000000
2021-07-01,5763570.000000,1075674.000000,0,1303.000000,0,0,0,0,0,0,356.000000,0,0,6840903.000000
2021-08-01,7130460.000000,1214021.000000,0,1652.000000,0,0,0,0,0,0,297.000000,0,0,8346430.000000
2021-09-01,7630370.000000,1955653.000000,0,973.000000,0,0,0,0,0,0,338.000000,0,0,9587334.000000
2021-10-01,9084303.000000,2094338.000000,0,951.000000,0,0,0,0,0,0,417.000000,0,0,11180009.000000
2021-11-01,9340319.000000,2548880.000000,0,760.000000,0,0,0,0,0,0,547.000000,0,0,11890506.000000
2021-12-01,9274434.000000,2484214.000000,0,703.000000,0,0,0,0,0,0,580.000000,0,0,11759931.000000
2022-01-01,9595300.000000,1797568.000000,0,645.000000,0,0,0,0,0,0,272.000000,0,0,11393785.000000
2022-02-01,9610685.000000,1507763.000000,0,553.000000,0,0,0,0,0,0,302.000000,0,0,11119303.000000
2022-03-01,12235642.000000,1726532.000000,0,777.000000,0,0,0,0,0,0,647.000000,0,0,13963598.000000
2022-04-01,13674311.000000,2104381.000000,0,562.000000,0,0,0,0,0,0,790.000000,0,0,15780044.000000
2022-05-01,14876621.000000,2883467.000000,0,685.000000,0,0,0,0,0,0,978.000000,0,0,17761751.000000
2022-06-01,15727738.000000,2256621.000000,0,980.000000,2.000000,0,0,0,0,0,908.000000,0,0,17986249.000000
2022-07-01,17313747.000000,1611751.000000,0,450.000000,49.000000,0,0,0,0,0,902.000000,0,0,18926899.000000
2022-08-01,16846356.000000,1595815.000000,0,432.000000,142.000000,0,0,0,0,0,738.000000,0,0,18443483.000000
2022-09-01,16470166.000000,1572171.000000,0,390.000000,74.000000,0,0,0,0,0,841.000000,0,0,18043642.000000
2022-10-01,25691580.000000,1850914.000000,0,377.000000,129.000000,0,0,0,0,0,1281.000000,0,0,27544281.000000
2022-11-01,35290534.000000,3021198.000000,0,621.000000,176.000000,0,0,0,0,0,1030.000000,0,0,38313559.000000
2022-12-01,38149827.000000,3451081.000000,0,551.000000,124.000000,0,0,0,0,0,700.000000,0,0,41602283.000000
2023-01-01,35151431.000000,3506561.000000,0,444.000000,123.000000,0,0,0,0,0,979.000000,0,0,38659538.000000
2023-02-01,27692207.000000,2398235.000000,0,492.000000,115.000000,0,0,0,0,0,653.000000,0,0,30091702.000000
2023-03-01,31572179.000000,2653981.000000,0,817.000000,984.000000,0,0,0,0,0,1497.000000,0,0,34229458.000000
2023-04-01,36558748.000000,2376820.000000,0,361.000000,320.000000,0,0,0,0,0,1258.000000,0,0,38937507.000000
2023-05-01,42689838.000000,2371803.000000,0,264.000000,274.000000,0,0,0,0,0,710.000000,0,0,45062889.000000
2023-06-01,34169040.000000,2644785.000000,0,368.000000,1250.000000,0,0,0,0,0,510.000000,0,0,36815953.000000
2023-07-01,31150167.000000,2520331.000000,0,222.000000,2387.000000,0,0,2.000000,0,0,547.000000,0,0,33673656.000000
2023-08-01,33921365.000000,2160660.000000,40.000000,314.000000,530.000000,0,0,11.000000,0,0,502.000000,0,0,36083422.000000
2023-09-01,35874297.000000,1855724.000000,188.000000,253.000000,511.000000,0,0,136.000000,0,0,528.000000,0,0,37731637.000000
2023-10-01,34262714.000000,2203040.000000,257.000000,319.000000,706.000000,0,0,163.000000,0,0,784.000000,0,0,36467983.000000
2023-11-01,30203734.000000,2844809.000000,462.000000,297.000000,664.000000,0,0,233.000000,0,0,604.000000,0,0,33050803.000000
2023-12-01,29084324.000000,4994221.000000,715.000000,481.000000,3452.000000,0,0,1099.000000,0,0,549.000000,0,0,34084841.000000
2024-01-01,29080776.000000,5711553.000000,766.000000,539.000000,1717.000000,0,0,3162.000000,0,0,631.000000,0,0,34799144.000000
2024-02-01,25182582.000000,5677127.000000,1489.000000,305.000000,1448.000000,0,0,9337.000000,0,8.000000,531.000000,0,0,30872827.000000
2024-03-01,32087886.000000,7311958.000000,931.000000,424.000000,4106.000000,0,0,31788.000000,0,4.000000,1069.000000,0,0,39438166.000000
2024-04-01,31294391.000000,6244086.000000,769.000000,485.000000,852.000000,0,0,42017.000000,0,2.000000,594.000000,0,0,37583196.000000
2024-05-01,35973975.000000,5903636.000000,1345.000000,300.000000,1153.000000,0,0,28470.000000,0,0,902.000000,0,0,41909781.000000
2024-06-01,40097903.000000,5631410.000000,2119.000000,419.000000,1282.000000,0,0,9193.000000,0,0,772.000000,0,0,45743098.000000
2024-07-01,43598744.000000,5944317.000000,18629.000000,1060.000000,1039.000000,0,0,3348.000000,0,3.000000,609.000000,0,0,49567749.000000
2024-08-01,44566881.000000,5886947.000000,46919.000000,1226.000000,2866.000000,0,0,3926.000000,0,1.000000,501.000000,0,0,50509267.000000
2024-09-01,51926898.000000,6593262.000000,117707.000000,1782.000000,4178.000000,0,0,3151.000000,0,2.000000,571.000000,0,0,58647551.000000
2024-10-01,51271121.000000,9352626.000000,116476.000000,2019.000000,8259.000000,0,0,3239.000000,0,1.000000,507.000000,0,0,60754248.000000
2024-11-01,47707131.000000,11011053.000000,92625.000000,52540.000000,12311.000000,0,0,3880.000000,0,20.000000,789.000000,0,0,58880349.000000
2024-12-01,44704960.000000,12349029.000000,74256.000000,20855.000000,13775.000000,0,4.000000,7075.000000,0,3.000000,3409.000000,156.000000,4.000000,57173526.000000
2025-01-01,44847304.000000,14171068.000000,112911.000000,4323.000000,17892.000000,0,4.000000,74078.000000,0,5.000000,847.000000,280.000000,2.000000,59228714.000000
2025-02-01,40397331.000000,11338807.000000,51836.000000,79940.000000,16413.000000,0,39.000000,22342.000000,0,2.000000,652.000000,310.000000,2.000000,51907674.000000
2025-03-01,49835925.000000,12125054.000000,54700.000000,111227.000000,21142.000000,0,332.000000,14453.000000,0,0,618.000000,479.000000,10.000000,62163940.000000
2025-04-01,44401579.000000,13157118.000000,66720.000000,40511.000000,34336.000000,0,1965.000000,10367.000000,0,2.000000,607.000000,1118.000000,11.000000,57714334.000000
2025-05-01,51226756.000000,17349296.000000,63357.000000,50271.000000,32453.000000,0,5475.000000,9529.000000,0,4.000000,650.000000,1001.000000,28.000000,68738820.000000
2025-06-01,56875922.000000,19268773.000000,78746.000000,23340.000000,53570.000000,0,54661.000000,7581.000000,0,0,684.000000,1078.000000,167.000000,76364522.000000
2025-07-01,68964985.000000,24843546.000000,212086.000000,19358.000000,205679.000000,0,11930.000000,7277.000000,0,3.000000,635.000000,1751.000000,319.000000,94267569.000000
2025-08-01,61881182.000000,24621250.000000,383697.000000,21928.000000,100730.000000,2.000000,16613.000000,6614.000000,0,1.000000,674.000000,1894.000000,346.000000,87034931.000000
2025-09-01,58269261.000000,24786913.000000,202372.000000,28143.000000,61858.000000,32779.000000,12396.000000,4356.000000,799.000000,17.000000,665.000000,2161.000000,224.000000,83401944.000000
2025-10-01,63530860.000000,31458536.000000,193140.000000,18906.000000,70525.000000,88400.000000,13347.000000,3125.000000,3799.000000,175.000000,470.000000,2500.000000,502.000000,95384285.000000
2025-11-01,70096524.000000,32377512.000000,143113.000000,15894.000000,95855.000000,93624.000000,11758.000000,2983.000000,8909.000000,330.000000,600.000000,2202.000000,3364.000000,102852668.000000
2025-12-01,78893974.000000,32461194.000000,164268.000000,18480.000000,111100.000000,63029.000000,16054.000000,3132.000000,15240.000000,267.000000,513.000000,2356.000000,335.000000,111749942.000000
2026-01-01,84960813.000000,34238901.000000,122728.000000,30625.000000,112907.000000,142640.000000,14342.000000,3091.000000,16995.000000,364.000000,386.000000,2484.000000,379.000000,119646655.000000
2026-02-01,82831508.000000,33817703.000000,98419.000000,21266.000000,85626.000000,22629.000000,17458.000000,2431.000000,14076.000000,864.000000,880.000000,2575.000000,469.000000,116915904.000000
2026-03-01,96712069.000000,38599328.000000,95481.000000,15897.000000,87214.000000,30495.000000,30435.000000,3503.000000,13819.000000,9202.000000,543.000000,2492.000000,451.000000,135600929.000000
2026-04-01,95198894.000000,37354979.000000,90813.000000,16116.000000,120307.000000,34839.000000,37350.000000,1812.000000,10898.000000,9150.000000,145.000000,2476.000000,527.000000,132878306.000000
2026-05-01,92693060.000000,35995231.000000,91334.000000,13152.000000,115526.000000,40922.000000,33871.000000,1541.000000,11416.000000,6234.000000,263.000000,1895.000000,365.000000,129004810.000000
2026-06-01,82889500.000000,36642905.000000,89100.000000,11124.000000,111058.000000,40388.000000,37854.000000,1764.000000,3527.000000,12504.000000,198.000000,2746.000000,442.000000,119843110.000000
2026-07-01,90812778.000000,37849488.000000,90613.000000,11436.000000,127373.000000,41189.000000,151225.000000,695.000000,1565.000000,11203.000000,82.000000,7619.000000,575.000000,129105841.000000
2026-08-01,100655436.000000,51911780.000000,111959.000000,12445.000000,109968.000000,46777.000000,58278.000000,1570.000000,2498.000000,7060.000000,1956.000000,4022.000000,324.000000,152924073.000000
2026-09-01,36104531.000000,26589348.000000,40359.000000,2462.000000,43546.000000,17186.000000,27709.000000,371.000000,484.000000,1999.000000,1000.000000,1184.000000,150.000000,62830329.000000
