day,Non Retail Sized,Retail Sized,total
2017-11-01,260.000000,0.000000,260.000000
2017-12-01,684.485843,0.000000,684.485843
2018-01-01,52334884.535522,461.330952,52335345.866474
2018-02-01,58397002.826692,9924.227656,58406927.054348
2018-03-01,51540844.247081,12807.208315,51553651.455396
2018-04-01,71226910.095661,33899.947628,71260810.043289
2018-05-01,54716651.527755,38619.935736,54755271.463491
2018-06-01,66981432.938153,38651.178379,67020084.116532
2018-07-01,57963226.178889,43675.905205,58006902.084094
2018-08-01,38531519.873013,47036.693415,38578556.566428
2018-09-01,67368330.553782,117817.434240,67486147.988022
2018-10-01,433374875.053776,174862.010335,433549737.064111
2018-11-01,852614412.974618,653105.139657,853267518.114275
2018-12-01,1259221811.098329,1358559.601799,1260580370.700128
2019-01-01,1665605141.631368,1669376.200794,1667274517.832162
2019-02-01,830921304.061393,1607011.479359,832528315.540752
2019-03-01,646949848.896958,1813630.029784,648763478.926742
2019-04-01,2608285096.474818,2846965.324957,2611132061.799775
2019-05-01,3789632055.428353,6003318.142576,3795635373.570930
2019-06-01,5224065726.946423,11048743.328736,5235114470.275158
2019-07-01,15193355941.929777,21169055.038246,15214524996.968023
2019-08-01,11722488223.889896,95442548.109394,11817930771.999290
2019-09-01,13696783469.240253,160848008.356559,13857631477.596811
2019-10-01,17953229529.907856,64805108.144539,18018034638.052395
2019-11-01,17044221570.090967,68135756.239917,17112357326.330885
2019-12-01,15008337556.740076,52017515.154761,15060355071.894836
2020-01-01,14674934608.681395,56519753.154792,14731454361.836187
2020-02-01,18052177824.608471,84177462.370928,18136355286.979397
2020-03-01,26680379014.972408,111799391.644294,26792178406.616703
2020-04-01,24587438378.603233,150116144.641560,24737554523.244793
2020-05-01,30471540571.376839,189996244.746788,30661536816.123627
2020-06-01,35353353290.689056,240829671.618729,35594182962.307785
2020-07-01,46398338448.781380,237185773.472931,46635524222.254311
2020-08-01,63857176737.111717,248814089.810002,64105990826.921722
2020-09-01,86028307707.201080,276124834.992843,86304432542.193924
2020-10-01,66059145343.104027,336631932.079914,66395777275.183945
2020-11-01,78075666802.597641,343318499.251577,78418985301.849213
2020-12-01,92049046871.402390,332832329.474015,92381879200.876404
2021-01-01,159048638993.230957,363847013.810220,159412486007.041168
2021-02-01,193315117796.110657,443922586.585083,193759040382.695740
2021-03-01,216515079022.688782,604302303.869726,217119381326.558502
2021-04-01,297748415762.981506,815895844.312980,298564311607.294495
2021-05-01,457063748598.101196,1175735883.258173,458239484481.359375
2021-06-01,264840605963.983856,852455823.594708,265693061787.578552
2021-07-01,225323760982.021240,845230779.051304,226168991761.072540
2021-08-01,297482678531.206360,1045943895.865839,298528622427.072205
2021-09-01,320701016598.010132,1186319608.882284,321887336206.892395
2021-10-01,334085362959.442383,1446605517.375836,335531968476.818237
2021-11-01,397293533341.756348,1953246306.239343,399246779647.995667
2021-12-01,388267222558.974182,1684492515.740473,389951715074.714661
2022-01-01,317033835100.702820,1517843277.252908,318551678377.955750
2022-02-01,249640069086.725281,1413759649.460167,251053828736.185455
2022-03-01,322012487518.511963,1604037377.798797,323616524896.310730
2022-04-01,306329833887.817993,1767743758.080784,308097577645.898804
2022-05-01,465884386735.503052,2091444594.815361,467975831330.318420
2022-06-01,375997892443.291260,1819131267.946582,377817023711.237854
2022-07-01,301739190116.903992,1811764160.939401,303550954277.843384
2022-08-01,334076591182.517700,1753205180.178966,335829796362.696655
2022-09-01,309300162767.876282,1742303380.883155,311042466148.759460
2022-10-01,295608712885.218689,1735725233.959441,297344438119.178101
2022-11-01,465279892665.556824,2029067859.477016,467308960525.033813
2022-12-01,391421342753.252808,2240960574.367036,393662303327.619873
2023-01-01,397458324381.100281,1929973472.467823,399388297853.568115
2023-02-01,328897544039.216797,1851277140.810495,330748821180.027283
2023-03-01,451342079530.638977,2255956154.110585,453598035684.749573
2023-04-01,290684032851.750732,2482135858.778396,293166168710.529114
2023-05-01,287851843721.505249,2646910727.041709,290498754448.546936
2023-06-01,316495844228.396606,2300179364.107309,318796023592.503906
2023-07-01,277272493119.687500,2356260011.309007,279628753130.996521
2023-08-01,290647874309.819336,2214350755.219973,292862225065.039307
2023-09-01,256237778958.528442,2079827783.579610,258317606742.108063
2023-10-01,288210964373.661743,2244164684.713503,290455129058.375244
2023-11-01,321581341033.243408,2435867429.503496,324017208462.746887
2023-12-01,352909284040.198059,2748952035.485192,355658236075.683228
2024-01-01,381460307085.346436,2671862562.191237,384132169647.537659
2024-02-01,352838378540.930298,2667778079.407226,355506156620.337524
2024-03-01,538130041051.962708,3886361412.201868,542016402464.164551
2024-04-01,490635323595.370605,3751563958.212089,494386887553.582703
2024-05-01,424461291570.947144,3356061581.714718,427817353152.661865
2024-06-01,408348451156.444275,3243829933.655010,411592281090.099304
2024-07-01,448327605473.211975,3298124850.328187,451625730323.540161
2024-08-01,473335601894.365173,3434006621.678447,476769608516.043640
2024-09-01,411046625394.973633,3450427036.210835,414497052431.184448
2024-10-01,488746529839.616394,3518035355.684272,492264565195.300659
2024-11-01,696868782464.843262,3925367466.280190,700794149931.123413
2024-12-01,734291804797.672363,4476390937.045676,738768195734.718018
2025-01-01,714807156835.407715,4620155041.384084,719427311876.791748
2025-02-01,682775993603.745239,4228986281.182404,687004979884.927612
2025-03-01,679657815286.192993,5093693527.862785,684751508814.055786
2025-04-01,717988264616.594482,4237547582.005170,722225812198.599609
2025-05-01,745667957416.880859,5796506412.729757,751464463829.610596
2025-06-01,785645817398.042603,5318052025.266235,790963869423.308838
2025-07-01,911507036912.305420,5924140401.253491,917431177313.558960
2025-08-01,916949739475.605103,5927525946.389622,922877265421.994751
2025-09-01,966482296643.257446,6641967351.779488,973124263995.036987
2025-10-01,1459914302260.894043,7938346024.257541,1467852648285.151611
2025-11-01,1127973090967.793213,7370394365.735416,1135343485333.528564
2025-12-01,1012917273662.187256,6930606995.459346,1019847880657.646606
2026-01-01,1133688121975.704834,6813287124.944112,1140501409100.648926
2026-02-01,1770965249002.706299,5807473126.390079,1776772722129.096436
2026-03-01,1453109016178.147461,6218325069.276765,1459327341247.424316
2026-04-01,1236344688070.316406,6002087725.058622,1242346775795.375000
2026-05-01,1092780901872.931763,6742214085.500371,1099523115958.432129
2026-06-01,1769865317919.178467,7401174514.361184,1777266492433.539551
2026-07-01,1344308990719.054199,7261190567.932403,1351570181286.986572
2026-08-01,1193444017902.626465,7652816648.663784,1201096834551.290283
2026-09-01,337697706153.205078,2957215381.071838,340654921534.276917
