day,tron,bsc,solana,polygon,ethereum,base,celo,arbitrum,ton,optimism,avalanche,worldchain,plasma,monad,hyperevm,stable,linea,codex,total
2020-01-01,21108.000000,0,0,0,577628.000000,0,0,0,0,0,0,0,0,0,0,0,0,0,598736.000000
2020-02-01,23081.000000,0,0,0,722861.000000,0,0,0,0,0,0,0,0,0,0,0,0,0,745942.000000
2020-03-01,47563.000000,0,0,0,1083816.000000,0,0,0,0,0,0,0,0,0,0,0,0,0,1131379.000000
2020-04-01,62869.000000,0,0,0,1658628.000000,0,0,0,0,0,0,0,0,0,0,0,0,0,1721497.000000
2020-05-01,59558.000000,0,0,0,2222716.000000,0,0,0,0,0,0,0,0,0,0,0,0,0,2282274.000000
2020-06-01,130162.000000,0,0,0,2389828.000000,0,0,0,0,0,0,0,0,0,0,0,0,0,2519990.000000
2020-07-01,167974.000000,0,0,0,2062278.000000,0,0,0,0,0,0,0,0,0,0,0,0,0,2230252.000000
2020-08-01,275713.000000,0,0,0,1796430.000000,0,0,0,0,0,0,0,0,0,0,0,0,0,2072143.000000
2020-09-01,953992.000000,24993.000000,0,763.000000,1577117.000000,0,0,0,0,0,0,0,0,0,0,0,0,0,2556865.000000
2020-10-01,1269318.000000,13427.000000,1122.000000,10273.000000,2829253.000000,0,0,0,0,0,0,0,0,0,0,0,0,0,4123393.000000
2020-11-01,1051838.000000,16656.000000,4303.000000,21220.000000,2631043.000000,0,0,0,0,0,0,0,0,0,0,0,0,0,3725060.000000
2020-12-01,1172474.000000,15691.000000,2688.000000,12565.000000,2154598.000000,0,0,0,0,0,0,0,0,0,0,0,0,0,3358016.000000
2021-01-01,2111645.000000,17988.000000,5215.000000,26272.000000,1831311.000000,0,0,0,0,0,0,0,0,0,0,0,0,0,3992431.000000
2021-02-01,4253307.000000,114468.000000,16522.000000,24118.000000,979406.000000,0,0,0,0,0,0,0,0,0,0,0,0,0,5387821.000000
2021-03-01,3224557.000000,217742.000000,49028.000000,26434.000000,1084753.000000,0,0,0,0,0,0,0,0,0,0,0,0,0,4602514.000000
2021-04-01,3198810.000000,434670.000000,559357.000000,78939.000000,1060734.000000,0,0,0,0,0,0,0,0,0,0,0,0,0,5332510.000000
2021-05-01,3123621.000000,601227.000000,468885.000000,390969.000000,1011093.000000,0,0,0,0,0,0,0,0,0,0,0,0,0,5595795.000000
2021-06-01,3352610.000000,727365.000000,233342.000000,731078.000000,1152034.000000,0,0,6.000000,0,0,0,0,0,0,0,0,0,0,6196435.000000
2021-07-01,4125961.000000,837407.000000,160466.000000,652519.000000,1064501.000000,0,0,41.000000,0,0,8.000000,0,0,0,0,0,0,0,6840903.000000
2021-08-01,5059158.000000,1256509.000000,307637.000000,784810.000000,918655.000000,0,0,79.000000,0,0,19582.000000,0,0,0,0,0,0,0,8346430.000000
2021-09-01,5417872.000000,1438243.000000,1017038.000000,850307.000000,780564.000000,0,0,38537.000000,0,0,44773.000000,0,0,0,0,0,0,0,9587334.000000
2021-10-01,6501611.000000,1693460.000000,1017959.000000,1102865.000000,706164.000000,0,0,39540.000000,0,0,118410.000000,0,0,0,0,0,0,0,11180009.000000
2021-11-01,6277553.000000,2315232.000000,1592260.000000,932186.000000,603672.000000,0,0,20983.000000,0,6816.000000,141804.000000,0,0,0,0,0,0,0,11890506.000000
2021-12-01,6548260.000000,1943147.000000,1096028.000000,1259064.000000,709227.000000,0,0,20149.000000,0,22116.000000,161940.000000,0,0,0,0,0,0,0,11759931.000000
2022-01-01,6619571.000000,1864623.000000,1352110.000000,812155.000000,538700.000000,0,0,22747.000000,0,11699.000000,172180.000000,0,0,0,0,0,0,0,11393785.000000
2022-02-01,6556409.000000,2135687.000000,853015.000000,841762.000000,509293.000000,0,0,29581.000000,0,15998.000000,177558.000000,0,0,0,0,0,0,0,11119303.000000
2022-03-01,8477872.000000,2951128.000000,833630.000000,809238.000000,648028.000000,0,0,45438.000000,0,26274.000000,171990.000000,0,0,0,0,0,0,0,13963598.000000
2022-04-01,9851928.000000,3092130.000000,1227296.000000,786612.000000,582685.000000,0,0,57063.000000,0,43508.000000,138822.000000,0,0,0,0,0,0,0,15780044.000000
2022-05-01,10945047.000000,3276791.000000,1848533.000000,695827.000000,677994.000000,0,0,120369.000000,0,62771.000000,134419.000000,0,0,0,0,0,0,0,17761751.000000
2022-06-01,10945803.000000,4177921.000000,1196879.000000,654286.000000,675192.000000,0,0,145244.000000,0,83221.000000,107703.000000,0,0,0,0,0,0,0,17986249.000000
2022-07-01,11577926.000000,5069836.000000,687758.000000,609554.000000,710989.000000,0,0,106253.000000,0,58555.000000,106028.000000,0,0,0,0,0,0,0,18926899.000000
2022-08-01,11771331.000000,4217326.000000,583166.000000,719512.000000,784437.000000,0,0,152697.000000,0,89150.000000,125864.000000,0,0,0,0,0,0,0,18443483.000000
2022-09-01,11705295.000000,4011899.000000,479234.000000,545626.000000,794573.000000,0,0,236052.000000,0,178891.000000,92072.000000,0,0,0,0,0,0,0,18043642.000000
2022-10-01,21010422.000000,3577610.000000,485759.000000,682340.000000,1028628.000000,0,0,337843.000000,0,334418.000000,87261.000000,0,0,0,0,0,0,0,27544281.000000
2022-11-01,29479094.000000,4487574.000000,650599.000000,1150623.000000,1135015.000000,0,0,615598.000000,0,668577.000000,126479.000000,0,0,0,0,0,0,0,38313559.000000
2022-12-01,32649816.000000,4070310.000000,530327.000000,1492649.000000,1151562.000000,0,0,441318.000000,0,1161674.000000,104627.000000,0,0,0,0,0,0,0,41602283.000000
2023-01-01,30434031.000000,3443046.000000,1289168.000000,1176912.000000,994734.000000,0,0,321403.000000,0,894671.000000,105573.000000,0,0,0,0,0,0,0,38659538.000000
2023-02-01,22369274.000000,4036762.000000,559731.000000,1196817.000000,1047375.000000,0,0,610093.000000,0,156835.000000,114815.000000,0,0,0,0,0,0,0,30091702.000000
2023-03-01,23189110.000000,6593054.000000,667373.000000,1404321.000000,1239963.000000,0,0,841757.000000,0,159701.000000,134179.000000,0,0,0,0,0,0,0,34229458.000000
2023-04-01,26891646.000000,8154184.000000,655742.000000,1273017.000000,909579.000000,0,0,745734.000000,0,145767.000000,161838.000000,0,0,0,0,0,0,0,38937507.000000
2023-05-01,31421707.000000,9917049.000000,746384.000000,1270249.000000,841781.000000,0,0,514155.000000,0,113574.000000,237990.000000,0,0,0,0,0,0,0,45062889.000000
2023-06-01,25330047.000000,7475455.000000,652982.000000,1469481.000000,912509.000000,0,0,502711.000000,0,192492.000000,280276.000000,0,0,0,0,0,0,0,36815953.000000
2023-07-01,20560554.000000,8716289.000000,840212.000000,1692506.000000,879056.000000,0,0,509082.000000,0,220295.000000,255662.000000,0,0,0,0,0,0,0,33673656.000000
2023-08-01,22718845.000000,9299884.000000,882959.000000,1296424.000000,956003.000000,20.000000,0,461542.000000,0,301636.000000,166109.000000,0,0,0,0,0,0,0,36083422.000000
2023-09-01,24134067.000000,10107882.000000,844395.000000,989861.000000,979747.000000,8258.000000,0,359574.000000,0,205750.000000,102103.000000,0,0,0,0,0,0,0,37731637.000000
2023-10-01,23967661.000000,8550904.000000,930344.000000,1134211.000000,1137346.000000,21004.000000,0,479892.000000,0,150750.000000,95871.000000,0,0,0,0,0,0,0,36467983.000000
2023-11-01,20416801.000000,7910849.000000,1659325.000000,1171881.000000,1087972.000000,29444.000000,0,510393.000000,0,152677.000000,111461.000000,0,0,0,0,0,0,0,33050803.000000
2023-12-01,18849134.000000,8046749.000000,3758033.000000,1344552.000000,1170319.000000,61140.000000,0,547487.000000,0,184246.000000,123181.000000,0,0,0,0,0,0,0,34084841.000000
2024-01-01,18242417.000000,8065710.000000,4418684.000000,1676658.000000,1211679.000000,80428.000000,18.000000,698933.000000,0,248667.000000,155950.000000,0,0,0,0,0,0,0,34799144.000000
2024-02-01,16173316.000000,6040000.000000,4466109.000000,2068501.000000,1059721.000000,116340.000000,64.000000,609400.000000,0,201177.000000,138199.000000,0,0,0,0,0,0,0,30872827.000000
2024-03-01,19296477.000000,9060084.000000,5693196.000000,2386509.000000,1091894.000000,203824.000000,313.000000,1140875.000000,0,311169.000000,253825.000000,0,0,0,0,0,0,0,39438166.000000
2024-04-01,19581768.000000,8017419.000000,4088290.000000,2416083.000000,1180169.000000,448928.000000,1257.000000,1082184.000000,87359.000000,487565.000000,192174.000000,0,0,0,0,0,0,0,37583196.000000
2024-05-01,23207782.000000,8522055.000000,3957392.000000,2161226.000000,1310867.000000,543205.000000,4965.000000,1005933.000000,654223.000000,418747.000000,123386.000000,0,0,0,0,0,0,0,41909781.000000
2024-06-01,23808377.000000,11912423.000000,3408792.000000,2097396.000000,1228850.000000,859857.000000,30023.000000,1021877.000000,827230.000000,395441.000000,152832.000000,0,0,0,0,0,0,0,45743098.000000
2024-07-01,26095582.000000,12685324.000000,3422460.000000,2583815.000000,1356318.000000,827293.000000,52595.000000,1062595.000000,850694.000000,470859.000000,160214.000000,0,0,0,0,0,0,0,49567749.000000
2024-08-01,24249396.000000,14851859.000000,3503660.000000,2603028.000000,1686819.000000,754413.000000,71739.000000,1058066.000000,1189880.000000,392524.000000,147883.000000,0,0,0,0,0,0,0,50509267.000000
2024-09-01,25345690.000000,20201010.000000,4016679.000000,2688004.000000,1912276.000000,828480.000000,89473.000000,1157552.000000,1849736.000000,377922.000000,180729.000000,0,0,0,0,0,0,0,58647551.000000
2024-10-01,28812333.000000,16577479.000000,5064800.000000,3599374.000000,1494516.000000,959288.000000,702329.000000,1126657.000000,1047017.000000,1213325.000000,157130.000000,0,0,0,0,0,0,0,60754248.000000
2024-11-01,25176852.000000,14714990.000000,6774593.000000,4656154.000000,1540106.000000,1260589.000000,1779220.000000,1065409.000000,1105271.000000,661008.000000,146157.000000,0,0,0,0,0,0,0,58880349.000000
2024-12-01,23136362.000000,12894192.000000,6813204.000000,5212267.000000,1653253.000000,1699596.000000,2557861.000000,1582923.000000,1057863.000000,396881.000000,169124.000000,0,0,0,0,0,0,0,57173526.000000
2025-01-01,21203205.000000,11668697.000000,9223862.000000,4818368.000000,1707792.000000,1747899.000000,5681352.000000,1344497.000000,881151.000000,311424.000000,203806.000000,436660.000000,0,0,0,0,0,1.000000,59228714.000000
2025-02-01,19969503.000000,12077372.000000,6338987.000000,4349451.000000,2144183.000000,1340919.000000,2828174.000000,1156760.000000,772578.000000,375193.000000,262314.000000,292239.000000,0,0,0,0,0,1.000000,51907674.000000
2025-03-01,25052526.000000,17484692.000000,6155446.000000,4531203.000000,2601355.000000,1566249.000000,1733915.000000,1291948.000000,812084.000000,453670.000000,188152.000000,292697.000000,0,0,0,0,0,3.000000,62163940.000000
2025-04-01,24322848.000000,13044103.000000,6775452.000000,4990823.000000,2754396.000000,1693739.000000,1270687.000000,1343108.000000,740847.000000,363736.000000,135060.000000,278900.000000,0,0,0,0,0,635.000000,57714334.000000
2025-05-01,25493803.000000,17737112.000000,8232421.000000,5788729.000000,3076657.000000,3249729.000000,1327367.000000,1724383.000000,852398.000000,686284.000000,170346.000000,372422.000000,0,0,26876.000000,0,0,293.000000,68738820.000000
2025-06-01,23961097.000000,22543007.000000,7822811.000000,6201439.000000,3452213.000000,4659666.000000,3453665.000000,2192027.000000,708517.000000,595645.000000,240843.000000,454959.000000,0,0,78626.000000,0,0,7.000000,76364522.000000
2025-07-01,24612188.000000,30655285.000000,10609978.000000,10114743.000000,3400132.000000,5429194.000000,3758376.000000,3336538.000000,789209.000000,602408.000000,336192.000000,529963.000000,0,0,93337.000000,0,0,26.000000,94267569.000000
2025-08-01,24303448.000000,24588664.000000,9840354.000000,8122278.000000,4538208.000000,5293900.000000,3711238.000000,4075059.000000,930845.000000,513814.000000,376945.000000,601146.000000,0,0,138972.000000,0,0,60.000000,87034931.000000
2025-09-01,25297233.000000,22772224.000000,9329144.000000,6354710.000000,4931098.000000,5631363.000000,2474928.000000,3117149.000000,968086.000000,531563.000000,611626.000000,1097451.000000,46732.000000,0,208873.000000,0,29721.000000,43.000000,83401944.000000
2025-10-01,27229566.000000,26714814.000000,10122270.000000,6276826.000000,5228698.000000,9913139.000000,2370472.000000,3715323.000000,875583.000000,619805.000000,458189.000000,1510136.000000,120314.000000,46.000000,149592.000000,0,79420.000000,92.000000,95384285.000000
2025-11-01,27265639.000000,31113216.000000,10103092.000000,7314038.000000,5376670.000000,10892464.000000,2963651.000000,3830367.000000,1044498.000000,591733.000000,386774.000000,922291.000000,609969.000000,205369.000000,149361.000000,335.000000,83156.000000,45.000000,102852668.000000
2025-12-01,30008307.000000,34559033.000000,8426662.000000,9628301.000000,7829408.000000,9419560.000000,4328567.000000,4277681.000000,1149903.000000,535957.000000,310254.000000,666543.000000,168544.000000,231635.000000,136458.000000,18579.000000,54485.000000,65.000000,111749942.000000
2026-01-01,30045053.000000,38064926.000000,11952710.000000,9344182.000000,11516127.000000,7443503.000000,3301065.000000,4654911.000000,988602.000000,647978.000000,487338.000000,652376.000000,198729.000000,100930.000000,108093.000000,5903.000000,134165.000000,64.000000,119646655.000000
2026-02-01,25271203.000000,41983133.000000,12467976.000000,10490700.000000,9413429.000000,6169727.000000,3666891.000000,4453656.000000,974077.000000,556197.000000,504474.000000,465546.000000,281424.000000,82301.000000,108303.000000,11894.000000,14961.000000,12.000000,116915904.000000
2026-03-01,30862433.000000,46043246.000000,13880038.000000,14278992.000000,9921089.000000,8503838.000000,5975268.000000,3270834.000000,1048243.000000,544024.000000,405460.000000,373623.000000,242109.000000,105412.000000,115648.000000,9425.000000,21209.000000,38.000000,135600929.000000
2026-04-01,30928278.000000,42367343.000000,18515845.000000,13416184.000000,6303520.000000,6887993.000000,7552169.000000,3415631.000000,1012474.000000,813773.000000,443252.000000,306748.000000,662827.000000,113481.000000,104376.000000,11159.000000,23241.000000,12.000000,132878306.000000
2026-05-01,30642197.000000,43639522.000000,16078638.000000,7906506.000000,5830678.000000,7242806.000000,7774999.000000,5093907.000000,1194010.000000,1052318.000000,440204.000000,266539.000000,1347421.000000,155718.000000,300746.000000,11192.000000,27401.000000,8.000000,129004810.000000
2026-06-01,30139495.000000,33286727.000000,21556310.000000,7124082.000000,6290654.000000,5993506.000000,6808121.000000,4759500.000000,1296707.000000,1052297.000000,470112.000000,268043.000000,393919.000000,188202.000000,179775.000000,9828.000000,25828.000000,4.000000,119843110.000000
2026-07-01,31087379.000000,35179880.000000,24056415.000000,5846859.000000,6879800.000000,6456604.000000,10140447.000000,4331026.000000,1432293.000000,1136156.000000,463860.000000,282153.000000,532955.000000,505765.000000,136102.000000,617890.000000,20246.000000,11.000000,129105841.000000
2026-08-01,31384690.000000,38608163.000000,40967116.000000,5992374.000000,7088490.000000,8801033.000000,9938416.000000,4222522.000000,1596699.000000,1066280.000000,344622.000000,221889.000000,709689.000000,1411096.000000,183270.000000,375331.000000,12386.000000,7.000000,152924073.000000
2026-09-01,11215378.000000,15273441.000000,21350180.000000,2039511.000000,2964238.000000,3151864.000000,2895427.000000,1374008.000000,525461.000000,206522.000000,127663.000000,67009.000000,228232.000000,1315678.000000,74431.000000,17640.000000,3642.000000,4.000000,62830329.000000
