day,supply
2019-01-01,530733438.405439
2019-02-01,441727323.525439
2019-03-01,460043651.525439
2019-04-01,1028225952.445439
2019-05-01,1223703954.035439
2019-06-01,1605039210.285439
2019-07-01,2271168490.415439
2019-08-01,2352677652.315439
2019-09-01,2813708204.472260
2019-10-01,3604802467.642261
2019-11-01,3612795219.218671
2019-12-01,3995497049.559670
2020-01-01,3918483186.288404
2020-02-01,3996879627.842864
2020-03-01,5978566924.890549
2020-04-01,7779806809.982919
2020-05-01,9134059797.805107
2020-06-01,10183569155.142483
2020-07-01,11220516707.943857
2020-08-01,14152840687.452911
2020-09-01,17294061035.992538
2020-10-01,19205577404.528294
2020-11-01,21626479012.776646
2020-12-01,24372535017.779068
2021-01-01,32487402092.749672
2021-02-01,44622494017.770233
2021-03-01,53273176941.230850
2021-04-01,68156406863.915985
2021-05-01,87230635442.552521
2021-06-01,89266516178.937927
2021-07-01,91644714992.923096
2021-08-01,94770424789.219467
2021-09-01,103579077356.483337
2021-10-01,105115046422.581680
2021-11-01,115747272637.111908
2021-12-01,125437647504.508514
2022-01-01,129973722999.411301
2022-02-01,135419335387.319077
2022-03-01,137201808182.359436
2022-04-01,135264447558.509445
2022-05-01,133648795746.804733
2022-06-01,124389951383.567719
2022-07-01,123153379785.633118
2022-08-01,122307937008.322754
2022-09-01,119073272293.993546
2022-10-01,118351434832.986526
2022-11-01,119768260439.723694
2022-12-01,121435797450.944641
2023-01-01,119468948085.865906
2023-02-01,120358652835.694733
2023-03-01,119648046146.839630
2023-04-01,119987631109.450012
2023-05-01,119323051694.391876
2023-06-01,117447013939.085770
2023-07-01,117117327935.140244
2023-08-01,116004588895.278427
2023-09-01,116002541650.055054
2023-10-01,117071727840.428467
2023-11-01,122182733208.368698
2023-12-01,124676986772.888260
2024-01-01,132412437784.940186
2024-02-01,133383382852.077805
2024-03-01,142369839051.138550
2024-04-01,150200845223.750305
2024-05-01,150556984422.558868
2024-06-01,150775396956.300018
2024-07-01,153290847497.925476
2024-08-01,159128414654.960907
2024-09-01,161189964138.045929
2024-10-01,160955528932.762634
2024-11-01,181030697376.555084
2024-12-01,189795529392.644043
2025-01-01,200251941461.775818
2025-02-01,204368056210.426971
2025-03-01,215039606976.734406
2025-04-01,219185974703.388916
2025-05-01,223166501760.382751
2025-06-01,227648758217.940308
2025-07-01,238400743776.496765
2025-08-01,251388117507.290710
2025-09-01,262139574029.826813
2025-10-01,271338474156.555115
2025-11-01,274641476377.163300
2025-12-01,275517814867.544189
2026-01-01,269514703034.685883
2026-02-01,274408216196.432892
2026-03-01,277048111891.900330
2026-04-01,281161023852.151367
2026-05-01,280272532223.999756
2026-06-01,276384542974.918457
2026-07-01,271011761770.862427
2026-08-01,273404036463.353333
2026-09-01,274205351040.109467
