day,base,total
2023-08-01,633.738067,633.738067
2023-09-01,1510718340.160247,1510718340.160247
2023-10-01,1213282220.056641,1213282220.056641
2023-11-01,843465157.489192,843465157.489192
2023-12-01,1932040354.700954,1932040354.700954
2024-01-01,2342645148.961785,2342645148.961785
2024-02-01,2059297638.758285,2059297638.758285
2024-03-01,11748897755.312290,11748897755.312290
2024-04-01,23122886264.033028,23122886264.033028
2024-05-01,20778501791.035202,20778501791.035202
2024-06-01,53877930886.421089,53877930886.421089
2024-07-01,79778387079.106461,79778387079.106461
2024-08-01,88818934610.355988,88818934610.355988
