day,infra_automation,cex_flow,defi,mint_burn,store_of_value,short_term_pair,investment_trade,payments,unclassified,dust,total
2020-01-01,5454978800.100780,17978721913.812782,111276632.338375,442781642.235305,380295966.887575,218195634.674440,259811383.231265,312151315.980087,147977009.067946,760.576168,25306191058.904724
2020-02-01,5585274495.275702,23371817372.483562,341594658.965942,785712805.973119,375960928.741106,235985254.129170,232970148.967974,366950946.179597,155308722.355768,244.565073,31451575577.637012
2020-03-01,10729761353.459787,34879653978.166916,586108760.491170,839685777.134104,651230809.573889,360726401.551232,345485588.547478,518487835.276329,241659024.696606,395.575660,49152799924.473167
2020-04-01,11443476516.529833,29272261071.257599,279210397.888080,804297992.267322,930986831.063344,524460562.732238,559288028.681010,790046394.114169,315218315.337792,406.258614,44919246516.129997
2020-05-01,12297736402.354219,36388142090.005638,339650689.409503,1612925587.509505,1200097279.395980,606070902.545914,706661232.934962,1075277798.601871,451649273.772094,45.103751,54678211301.633438
2020-06-01,15152148018.482487,39112433567.559082,4768840794.186167,1096023039.396625,1485821124.512153,744193979.832077,874144357.465464,1159847717.036913,496788799.359614,138.494480,64890241536.325058
2020-07-01,22367453223.847763,53525122697.757668,10323282431.214046,1329040476.109764,1838430913.162820,877756589.469791,1209456412.317297,1316629088.402243,653349254.005013,172.397435,93440521258.683838
2020-08-01,31010829841.326584,78513663988.959885,14072917938.040970,3261226848.782785,2221881918.534309,893607065.326038,1453539433.577168,1462375541.728543,677851515.271702,768.351594,133567894859.899582
2020-09-01,66473024664.616745,88439017345.568268,31525145719.643604,4388725112.098724,2736741129.500373,1069901317.699838,1848092998.992947,1579018387.536560,928206266.017347,542.947235,198987873484.621643
2020-10-01,171789156530.046844,64800745322.392326,43577853510.119141,2367168058.294944,2882546631.828222,1241696679.203895,2059847103.065855,2381286133.419407,945456472.251960,818.496635,292045757259.119202
2020-11-01,189661774782.463654,94930050679.902893,18598296773.942795,2521409498.322362,3168724219.904360,1303902899.718274,2274801429.204420,2388662436.046115,1011578640.213440,659.662640,315859202019.380981
2020-12-01,224222697394.296387,112458124677.623642,23224275815.099831,3664717301.640872,3639400124.185606,1674852065.410436,2803219139.086435,2331975169.641487,1085038005.968173,641.441727,375104300334.394592
2021-01-01,617225303267.609619,203233864345.134033,56136995855.092590,9271029590.926979,4007538952.687556,1550756226.437355,3093139452.953912,2423168839.083854,1292323458.593064,887.445757,898234120875.964722
2021-02-01,542068105305.354736,251216771922.392029,264827452128.488434,16482679123.284569,3402104853.047226,1284629975.826921,2835847522.094488,2000754031.503723,1132280970.209955,974.508640,1085250626806.710693
2021-03-01,550199711355.182129,286865860613.033569,711937142015.507324,14144887744.133656,4785684062.293480,1832722363.914880,3538996816.691675,2535420648.051991,1416872397.824344,408.921894,1577257298425.554932
2021-04-01,1393327932084.169434,396114299427.971680,1653433266919.434570,21773511228.067894,5474790246.701910,2232033295.735360,3728012416.575389,2808982188.841569,1635988219.920268,799.006749,3480528816826.424805
2021-05-01,1975263372558.930664,542059623072.660522,294733664059.617676,29535251773.018791,6250254515.058886,2518716639.660948,4347994985.134459,2905451218.484020,1979434994.102533,1503.908749,2859593765320.577148
2021-06-01,1131772245052.721191,274394067670.161499,215629699713.651794,17769621049.059120,6452125894.978672,3093308290.239514,4595946624.725988,3125396309.990525,2009358344.610508,2305.031381,1658841771255.170166
2021-07-01,952593518106.584473,218685831944.378021,146334617416.790710,14295256266.756214,6956035111.703993,3270928222.953726,4887500768.745144,3615421786.597005,2059971370.047800,3284.123945,1352699084278.681152
2021-08-01,953580607162.780884,315675983313.337646,189671478140.599060,21695374814.877029,8263905031.883711,3901381976.074762,5370463892.190722,4349001446.780354,2605276825.626654,5212.591500,1505113477816.742432
2021-09-01,1827830401917.364258,336886610049.594238,197980451238.607300,25501045434.564690,8854662801.308819,4362883428.046921,5397583018.784173,4278655179.401952,2709480969.394382,6227.879929,2413801780264.946777
2021-10-01,15879302821370.554688,377664730167.577820,222572018574.682678,19507039942.674171,9868367119.689718,5123645341.253712,6137889709.806011,4886743628.971033,3084707405.423663,10202.212515,16528147973462.845703
2021-11-01,27141491297608.101562,442943114241.966797,349573224914.228516,33661881817.160259,11069377019.078564,5034675970.147835,6085566722.309825,4995645455.363300,3253386083.886627,10684.600043,27998108180516.843750
2021-12-01,30753894809834.367188,424640119219.339966,381768448420.825378,32864772789.524040,11114211080.063513,5004223098.774542,6242125013.861849,4967489898.024521,3351363444.450380,8555.236138,31623847571354.468750
2022-01-01,27284463924142.949219,335820944649.442261,227728471256.570374,22842818454.494133,10714623599.868267,4964574038.943479,5663088458.988873,4791565731.921919,3057533591.617380,4717.482301,27900047548642.277344
2022-02-01,21280931469174.550781,243896440866.162689,200165445099.304688,16844922570.507639,9137078688.586531,4301213084.477405,4960789181.328209,4469288045.345301,2598095651.487045,5241.357118,21767304747603.105469
2022-03-01,24022846928206.000000,343306890191.835754,185962792186.518433,33124294433.304752,12367238079.993954,5866976680.536823,6408873162.956368,6349993388.257981,3507295189.191353,6859.872912,24619741288378.468750
2022-04-01,4148642411926.190918,323610824340.456421,164178785514.159363,26231166784.323875,13761106837.814339,6517495670.759504,6930918920.743601,6852137406.899910,3713800296.752297,5667.321219,4700438653365.421875
2022-05-01,2987266566522.294922,560629930644.207642,271239846064.709534,54497475304.063271,14664877603.366322,7078617469.760174,7173120254.551762,7216368019.017371,3898328125.354872,6589.317218,3913665136596.643066
2022-06-01,3551237813092.840820,385251574316.171082,216073962748.913147,36224867734.734627,13993308277.014645,6997761941.005278,7022759895.638057,7196777349.472000,3773642030.055859,7288.199909,4227772474674.045410
2022-07-01,3881919508701.995117,255011544598.790649,173417407759.772949,19403659425.671677,14307435031.411938,8005432410.932152,6503197515.994638,7679129567.507586,3847598743.595345,6806.266114,4370094920561.937988
2022-08-01,3174474212000.229492,243346989904.017609,192725662033.050964,19286982669.798241,15671315308.465496,8041249738.276133,7272498602.684511,8014923055.725788,4648121383.510054,8160.523140,3673481962856.281250
2022-09-01,1276396461130.287109,251430565020.502991,152258782038.089935,27761246866.116806,15097732478.582268,7700993144.243045,7038607144.813511,7595586589.209240,4090283658.208588,8065.903967,1749370266135.957520
2022-10-01,715965486850.231201,245963248661.717285,102933040312.063629,29291860156.420322,15215865487.192276,7832779762.527906,7506857694.901464,7949092010.999728,4143511699.066577,38977.846822,1136801781612.967285
2022-11-01,612004193129.451172,444529823310.538086,210349991944.711243,44754097523.165085,17556076768.263012,9758593396.607006,8565038311.409637,8457702832.488663,4972903593.036511,47069.273550,1360948467878.943848
2022-12-01,442224776962.807495,310612879426.987976,169047964918.290955,34856942032.197151,17968629663.891918,8947245474.198900,8904088001.240479,8002290458.713650,5156179584.428236,17330.754106,1005721013853.510864
2023-01-01,418295077651.591431,346512334609.859619,118030653776.380920,49279684969.309509,16260628794.515326,8419092674.764072,8764627602.808559,6931203528.634991,4711823486.762773,30662.292030,977205157756.919189
2023-02-01,313367430324.467224,293706169938.425903,118704749094.089905,36902553358.114716,16694899469.458637,12011118239.332094,8512676351.631760,7645003628.067284,4763137381.115396,22121.782789,812307759906.485718
2023-03-01,381524161479.025757,472298072844.491211,236548645634.689911,32575413475.924911,21108596057.684303,12951754503.917660,10478825710.765682,9517297399.789087,6091052587.298823,23007.853935,1183093842701.441162
2023-04-01,281202793270.041504,261169895466.559082,92708776893.154022,10108667354.534786,23417148941.132034,12084061926.211609,9687651986.166180,9595077428.947250,6185259365.249922,26755.674808,706159359387.671143
2023-05-01,254200330294.098633,269052667979.743591,83957997002.575897,14905391939.536713,21279962686.150822,16511734689.067406,9938396176.828262,10697239228.967976,6234484339.043932,44118.107016,686778248454.120239
2023-06-01,307761330908.057129,296690437727.043884,97328218147.514679,13038065095.283150,19697604574.362232,15431912425.374592,9838606994.832634,9710704740.110302,5877666868.378816,25267.408290,775374572748.365723
2023-07-01,272241891449.046509,249609160175.385437,80831206882.406097,13720678760.852547,20407428758.992035,12373898378.112387,10216360084.208878,10202041675.271299,6042033396.121796,24916.942796,675644724477.339722
2023-08-01,296205585760.990967,278227511681.676086,77877589688.980682,14943130409.490242,20587109713.917763,11746132427.441246,10140750235.801453,10917478086.915913,6286932566.309566,28811.759021,726932249383.282959
2023-09-01,254536027805.158142,224041219233.785767,60703733536.820839,10796549775.804863,19668169083.571144,15971565779.069294,9654934214.106436,10464570014.709038,6216028700.806334,25467.245338,612052823611.077148
2023-10-01,275970696104.248413,279941546985.089111,94704870699.481537,12985714403.956978,21183479697.559456,10074917042.850952,10647045553.394758,10763634948.980431,6728107723.089989,22302.152004,723000035460.803589
2023-11-01,335344470197.202026,339505921965.054810,97087238253.084579,17496900237.120560,22306731507.204681,10143350668.339581,11003969370.410629,10786331708.128521,6701022932.187883,22345.104133,850375959183.837402
2023-12-01,530060408271.149353,381648258597.639038,128451289455.092621,17660081182.966587,23875574894.573181,10954746305.863575,11205795136.957943,11719819806.012276,7185376789.923731,30795.978489,1122761381236.156738
2024-01-01,781472010166.556152,419986160347.413452,132156013641.296143,23628436198.452591,24462980120.875351,10809214326.012932,11000046324.741657,12080513407.650723,7480305831.974877,37635.220676,1423075718000.194580
2024-02-01,1188924844683.259766,400618499008.683838,116940775049.748367,20589295330.357868,20920973963.861027,10164562894.840061,10237418876.589825,10266989611.411083,7198832486.872112,23617.564338,1785862215523.188232
2024-03-01,1653219876922.736816,661590375586.209961,249397425741.809296,29819408239.392723,27857810057.560246,13182025451.229313,13111882246.504944,13607777628.976343,9249689168.664539,34658.975975,2671036305702.060059
2024-04-01,1755164401906.405273,584277295744.021729,198110238036.029663,39064866953.183258,27652939320.686569,13013049405.748348,13008409262.314365,13578151234.222982,8773849676.878174,34875.175506,2652643236414.666016
2024-05-01,2675948699784.871094,449462262647.897461,165327524739.303955,24551057327.518845,27519355854.771980,13340584920.633488,13757087981.064430,14223375735.752552,9069384636.966869,32593.535361,3393199366222.315918
2024-06-01,1219214158098.681152,419965893982.684570,141699062912.775391,24568918786.143646,28164218031.655846,14313470693.168694,14087576310.098011,14316319616.967358,9165305052.363306,33620.427827,1885494957104.965820
2024-07-01,604226680133.189941,447322981102.799316,204388101445.870483,28187293475.679825,31425217231.175285,15331509669.326740,16084681998.588568,15489270532.406145,10125455980.480053,44917.545872,1372581236487.062256
2024-08-01,594577853030.767578,479354847162.757812,214529889522.810181,29868799167.666279,32024106945.566444,15818381176.156532,16045538858.287590,15480712185.130320,9944502021.304066,53865.598613,1407644683936.045410
