day,ethereum,tron,solana,arbitrum,base,avalanche,ton,hyperevm,aptos,polygon,celo,stellar,sui,x_layer,optimism,bsc,monad,codex,worldchain,linea,total
2019-01-01,530733438.405439,0,0,0,0,0,0,0,0,0,0,0,0,0,0,0,0,0,0,0,530733438.405439
2019-02-01,441727323.525439,0,0,0,0,0,0,0,0,0,0,0,0,0,0,0,0,0,0,0,441727323.525439
2019-03-01,460043651.525439,0,0,0,0,0,0,0,0,0,0,0,0,0,0,0,0,0,0,0,460043651.525439
2019-04-01,890323941.845439,137902010.600000,0,0,0,0,0,0,0,0,0,0,0,0,0,0,0,0,0,0,1028225952.445439
2019-05-01,1185801943.435439,37902010.600000,0,0,0,0,0,0,0,0,0,0,0,0,0,0,0,0,0,0,1223703954.035439
2019-06-01,1567137199.685439,37902010.600000,0,0,0,0,0,0,0,0,0,0,0,0,0,0,0,0,0,0,1605039210.285439
2019-07-01,2163766479.815439,107402010.600000,0,0,0,0,0,0,0,0,0,0,0,0,0,0,0,0,0,0,2271168490.415439
2019-08-01,2240275641.715439,112402010.600000,0,0,0,0,0,0,0,0,0,0,0,0,0,0,0,0,0,0,2352677652.315439
2019-09-01,2705306193.872261,108402010.600000,0,0,0,0,0,0,0,0,0,0,0,0,0,0,0,0,0,0,2813708204.472260
2019-10-01,2772748857.042261,832053610.600000,0,0,0,0,0,0,0,0,0,0,0,0,0,0,0,0,0,0,3604802467.642261
2019-11-01,2736244608.618671,876550610.600000,0,0,0,0,0,0,0,0,0,0,0,0,0,0,0,0,0,0,3612795219.218671
2019-12-01,3078946438.958671,916550610.601000,0,0,0,0,0,0,0,0,0,0,0,0,0,0,0,0,0,0,3995497049.559670
2020-01-01,3001932575.687405,916550610.601000,0,0,0,0,0,0,0,0,0,0,0,0,0,0,0,0,0,0,3918483186.288404
2020-02-01,3398484607.721864,598395020.121000,0,0,0,0,0,0,0,0,0,0,0,0,0,0,0,0,0,0,3996879627.842864
2020-03-01,5216171904.769548,762395020.121000,0,0,0,0,0,0,0,0,0,0,0,0,0,0,0,0,0,0,5978566924.890549
2020-04-01,6636411789.861918,1143395020.121000,0,0,0,0,0,0,0,0,0,0,0,0,0,0,0,0,0,0,7779806809.982919
2020-05-01,6750664777.684108,2383395020.121000,0,0,0,0,0,0,0,0,0,0,0,0,0,0,0,0,0,0,9134059797.805107
2020-06-01,7300856212.649365,2882712942.493118,0,0,0,0,0,0,0,0,0,0,0,0,0,0,0,0,0,0,10183569155.142483
2020-07-01,7767803765.450739,3452712942.493118,0,0,0,0,0,0,0,0,0,0,0,0,0,0,0,0,0,0,11220516707.943857
2020-08-01,10400131561.046465,3752709126.406446,0,0,0,0,0,0,0,0,0,0,0,0,0,0,0,0,0,0,14152840687.452911
2020-09-01,13048476501.092163,4245584534.900374,0,0,0,0,0,0,0,0,0,0,0,0,0,0,0,0,0,0,17294061035.992538
2020-10-01,14335056455.912060,4845520938.616233,25000010.000000,0,0,0,0,0,0,0,0,0,0,0,0,0,0,0,0,0,19205577404.528294
2020-11-01,15655967565.509134,5945511427.267511,25000020.000000,0,0,0,0,0,0,0,0,0,0,0,0,0,0,0,0,0,21626479012.776646
2020-12-01,17527036604.123623,6795498393.655445,50000020.000000,0,0,0,0,0,0,0,0,0,0,0,0,0,0,0,0,0,24372535017.779068
2021-01-01,22122937305.692074,10294464753.567598,70000020.000000,0,0,0,0,0,0,0,0,13.490000,0,0,0,0,0,0,0,0,32487402092.749672
2021-02-01,30004777896.492073,14294377690.728004,320000021.546800,0,0,0,0,0,0,0,0,3338409.003354,0,0,0,0,0,0,0,0,44622494017.770233
2021-03-01,34264413700.844147,18594331935.065678,410000023.322800,0,0,0,0,0,0,0,0,4431281.998229,0,0,0,0,0,0,0,0,53273176941.230850
2021-04-01,41180036305.894150,25994331936.065678,975000024.210800,0,0,0,0,0,0,2454.637135,0,7036143.108223,0,0,0,0,0,0,0,0,68156406863.915985
2021-05-01,54252020971.391785,31994331936.065678,975000024.210260,0,0,0,0,0,0,2454.637135,0,9280056.247664,0,0,0,0,0,0,0,0,87230635442.552521
2021-06-01,56186476687.827652,32096056162.796398,975000024.210260,0,0,0,0,0,0,2500.098219,0,8980804.005392,0,0,0,0,0,0,0,0,89266516178.937927
2021-07-01,58460245056.234802,32099081043.556396,1075000025.098260,0,0,0,0,0,0,181490.978359,0,10207377.055272,0,0,0,0,0,0,0,0,91644714992.923096
2021-08-01,61082953723.341026,32100145176.467010,1575000025.986260,0,0,0,0,0,0,867632.198297,0,11458231.226871,0,0,0,0,0,0,0,0,94770424789.219467
2021-09-01,63593139270.750000,36198709283.537018,3625000028.650260,0,0,0,0,0,0,785846.173869,0,161442927.372201,0,0,0,0,0,0,0,0,103579077356.483353
2021-10-01,65130329452.971741,36196076330.627014,3625000028.515683,0,0,1.000000,0,0,0,936293.050875,0,162704316.416364,0,0,0,0,0,0,0,0,105115046422.581680
2021-11-01,73628015470.187317,37226430706.839073,4725000028.515583,0,0,1000000.000000,0,0,0,2382440.000847,0,164443991.569089,0,0,0,0,0,0,0,0,115747272637.111908
2021-12-01,78691980336.747314,39870438820.009071,6675000028.403583,0,0,49620349.170000,0,0,0,3020996.751839,0,147586973.426691,0,0,0,0,0,0,0,0,125437647504.508499
2022-01-01,85768753975.905273,37253119260.740486,6675000028.297679,0,0,123318541.060000,0,0,0,3566443.338318,0,149964750.069528,0,0,0,0,0,0,0,0,129973722999.411285
2022-02-01,88931456260.579758,39251391682.350487,6675000027.297453,0,0,406909991.160000,0,0,0,3599248.988484,0,150978176.942904,0,0,0,0,0,0,0,0,135419335387.319092
2022-03-01,86790590647.667664,42179980302.020866,6675000026.296893,0,0,1382231055.300000,0,0,0,4113486.631720,0,169892664.442302,0,0,0,0,0,0,0,0,137201808182.359451
2022-04-01,84295817271.773956,42123473930.424858,6675000019.851984,0,0,1984595276.210000,0,0,0,5274618.975171,0,180286441.273460,0,0,0,0,0,0,0,0,135264447558.509430
2022-05-01,83703449347.282959,40723260457.624863,6924999680.172556,0,0,2112649404.650000,0,0,0,4966601.367009,0,179470255.707341,0,0,0,0,0,0,0,0,133648795746.804733
2022-06-01,80152637151.490707,35016161441.090813,6924999664.756124,0,0,2113236862.900000,0,0,0,4447101.410091,0,178469161.920004,0,0,0,0,0,0,0,0,124389951383.567734
2022-07-01,78866661303.023422,35315324122.300812,6924999422.117204,0,0,1861689382.160000,0,0,0,3430216.222411,0,181275339.809259,0,0,0,0,0,0,0,0,123153379785.633102
2022-08-01,76940371437.630127,36567812706.390808,6924964439.155865,0,0,1690130596.570000,0,0,0,3026627.436685,0,181631201.139259,0,0,0,0,0,0,0,0,122307937008.322739
2022-09-01,74030140555.062988,36314853751.720810,6924964433.608787,0,0,1616208264.000000,0,0,0,2394186.519863,0,184711103.081092,0,0,0,0,0,0,0,0,119073272293.993546
2022-10-01,72426180670.178543,37349535736.333305,6924964426.740987,0,0,1446279300.840000,0,0,0,6834433.682762,0,197640265.210929,0,0,0,0,0,0,0,0,118351434832.986526
2022-11-01,73106058048.086273,38036373315.203300,6924954023.104668,213.170000,0,1507203870.650000,0,0,0,1989196.089360,0,191681639.840091,0,0,133.580000,0,0,0,0,0,119768260439.723694
2022-12-01,74806286084.023346,38242921431.030579,6924954021.486473,213.170000,0,1296159894.060000,0,0,0,3459299.541750,0,162016374.052487,0,0,133.580000,0,0,0,0,0,121435797450.944641
2023-01-01,72585344458.054398,38533381728.650581,6924953991.208869,213.170000,0,1254882332.090000,0,0,0,2796176.348343,0,167589052.763716,0,0,133.580000,0,0,0,0,0,119468948085.865906
2023-02-01,70952276251.715271,41191179015.231110,6924953980.212134,213.170000,0,1193086567.580000,0,0,0,2716428.412502,0,94440245.793716,0,0,133.580000,0,0,0,0,0,120358652835.694733
2023-03-01,67025282629.644379,44623283993.751106,6924894109.045255,213.170000,0,993351231.097714,0,0,0,3523242.124803,0,77710594.426381,0,0,133.580000,0,0,0,0,0,119648046146.839645
2023-04-01,66411233170.782440,45544852601.154984,6924894086.019788,237.070000,0,1021614469.078251,0,0,0,2898282.420348,0,82137930.624192,0,0,332.300000,0,0,0,0,0,119987631109.449997
2023-05-01,64713297906.543518,46508193134.484985,6924883516.275322,237.070000,0,1088141035.693114,0,0,0,1897400.420727,0,86637874.714192,0,0,339.190000,250.000000,0,0,0,0,119323051694.391861
2023-06-01,65683877136.909462,43483583359.342293,6924883515.089774,135957560.156984,0,1126677322.119304,0,0,0,2106453.783765,0,89928002.494191,0,0,339.190000,250.000000,0,0,0,0,117447013939.085770
2023-07-01,64397243671.156654,44430806698.032616,6924883511.557650,182345816.792944,0,1067493393.242159,0,0,0,1459963.994059,0,103008365.094181,0,0,286.390000,10086228.880000,0,0,0,0,117117327935.140259
2023-08-01,64452736048.068878,43278316126.332611,6924883389.052172,195259317.220924,278.100000,1026164767.605456,0,0,0,1471919.599965,0,100675862.890079,0,0,457.528350,25080728.880000,0,0,0,0,116004588895.278442
2023-09-01,63451605917.554535,44223321524.114853,6924883353.194382,186605162.440768,27448801.060000,1010201102.007429,0,0,0,1032414.380665,0,112154184.867263,0,0,19908461.555179,45380728.880000,0,0,0,0,116002541650.055069
2023-10-01,63113035936.678688,45153709005.629509,6924883349.969629,300356938.868595,154621421.838566,1161397045.332558,0,0,0,43279920.376394,0,138888414.736371,0,0,36175028.118183,45380778.880000,0,0,0,0,117071727840.428497
2023-11-01,65248232926.142250,48098659440.666481,6924883267.001268,380984889.943937,156996357.665548,1047135931.440057,0,0,0,100011312.877479,0,132812218.209732,0,0,47636085.541958,45380778.880000,0,0,0,0,122182733208.368713
2023-12-01,66767997260.719429,49086772997.754005,6970366022.372803,458162902.942555,41218335.215465,1092482105.456223,0,0,0,133885900.352264,0,41974475.742367,0,0,32745493.453176,51381278.880000,0,0,0,0,124676986772.888290
2024-01-01,70817739494.874908,52257268247.511932,6970614933.138447,795534474.352979,205260308.520050,1078422568.536700,0,0,0,130563566.643130,90.000000,65234497.219377,0,0,63944127.262646,27855476.880000,0,0,0,0,132412437784.940170
2024-02-01,73819265095.694061,53069187163.312347,3670614152.710692,1003368742.991760,235506090.801354,1096148095.794371,0,0,0,195993596.330591,5610198.880000,70339374.180729,0,0,74574394.431898,142775946.950000,0,0,0,0,133383382852.077805
2024-03-01,79077030065.672562,54966003763.596062,4211842415.521162,1126723891.486527,978485781.912924,1432017827.210020,0,0,0,182791207.086235,76339412.027000,93456056.085134,0,0,126044735.350943,99103895.190000,0,0,0,0,142369839051.138580
2024-04-01,81365533823.334427,57933216560.268799,4634218559.305876,1127100900.695681,2452934653.912015,1826565991.539598,130000002.000000,0,0,202662321.948625,88020784.837000,108980409.595835,0,0,152707831.122459,178903385.190000,0,0,0,0,150200845223.750305
2024-05-01,79774191221.192917,58899034114.595436,4571381468.417503,1165657553.629220,2940314349.115060,2001288407.151078,430000002.000000,0,0,227819895.135174,85864153.537000,151353472.156401,0,0,172201967.009061,137877818.620000,0,0,0,0,150556984422.558838
2024-06-01,78915151756.141296,59887028433.110085,4583878232.720611,1127760625.908494,2974863646.170094,1762186721.478353,580000002.000000,0,0,336667473.143713,195794388.707000,193145324.816140,0,0,169047912.414233,49872439.690000,0,0,0,0,150775396956.300018
2024-07-01,79226251835.092667,60883849178.125595,4955426321.600586,1382327699.146074,2974751775.294054,1747169975.820877,730000002.000000,0,0,418575604.740257,510178792.397000,233041670.232179,0,0,181402203.786180,47872439.690000,0,0,0,0,153290847497.925476
2024-08-01,82889525401.862961,61873705815.952507,5558899514.279058,1424234601.052028,3071076421.309063,2017166934.652311,730000002.000000,0,0,502062842.209007,510334159.807000,278758776.299537,0,0,203652715.838427,68991569.690000,0,0,5900.009000,0,159128414654.960907
2024-09-01,84633397087.579224,61867013332.152878,5220491118.103823,1297517947.285124,3477393288.444789,2229818190.571288,1030000002.000000,0,0,481120649.119560,510105091.447000,145409803.587789,100.000000,0,199710058.055428,97981569.690000,0,0,5900.009000,0,161189964138.045898
2024-10-01,83239609575.593353,62849680258.692581,5112918314.131483,1379276672.584585,3531009018.022501,2231908075.946389,1030000002.000000,0,30000000.600000,490810075.152282,513306251.647000,196378039.047330,86322479.311967,0,173857859.724624,81987170.180000,0,0,8465140.128526,0,160955528932.762634
2024-11-01,102663315636.512299,61816767540.489265,5809115155.617409,2205921506.488887,3323848396.167242,2006979650.452029,1429976002.510000,0,380000000.600000,312055059.359225,493769283.187000,132191753.705556,112484142.571967,0,258566390.119683,73307190.570000,0,0,12399668.204560,0,181030697376.555115
2024-12-01,110992349033.938919,59814116070.198624,6332631608.295458,3331151274.153182,3435402841.454949,2259223556.275847,1429976002.510000,0,630000010.400000,396855301.516928,494044437.477000,155723939.184574,179321275.374384,0,292765125.145338,39553375.560000,0,0,12415541.158829,0,189795529392.644043
2025-01-01,113796648907.607407,60787448345.881073,12037796291.348213,3623373395.909342,3695559905.023567,2480222753.866136,1429976002.510000,0,670018233.449304,371410384.731202,492525926.377000,191608001.747968,323645539.235655,0,240444427.207325,99149569.560000,0,0,12113777.321648,0,200251941461.775848
2025-02-01,115071443338.398636,63782699309.728157,11443692455.583128,3819907296.273192,3695971741.561832,2449103694.139439,1429976002.510000,0,716542869.027608,412622069.779327,493885386.587000,246098019.769006,465619960.222481,0,231839273.909690,97049669.560000,0,0,11605123.377517,0,204368056210.427002
2025-03-01,120553148730.014130,66772680287.775612,12643538402.778076,3854761827.879474,3750552287.609810,2453238761.335180,1429976002.510000,0,1373418692.152774,554907603.962871,492256622.267000,281818611.316680,540020338.156091,0,235911930.644119,91975825.910000,0,0,11401052.422565,0,215039606976.734375
2025-04-01,118987235623.212967,71753606114.648804,13291402159.194059,3785088758.042633,3739032023.713975,2542242594.385563,1429976002.510000,0,1413215970.358146,490362610.712609,491442355.087000,334029718.370472,652282962.562671,0,189048659.120274,75375037.340000,0,3.989990,11634110.139782,0,219185974703.388947
2025-05-01,117060967758.777817,77745523239.803452,11568209277.030394,5130292460.629817,3730272066.028224,2620332859.711121,1429976002.510000,0,1526526199.890930,567314454.949545,492367175.747000,176905740.854111,829487195.030516,0,203008996.541719,58024729.530000,0,3.989990,27293599.358085,0,223166501760.382721
2025-06-01,119194679674.940750,80739594371.903137,10854780343.437439,5572750911.378645,3750737859.468628,2418206833.238593,1429976002.510000,0,1394434087.095508,556479013.359736,493982985.097000,158117065.472172,812972119.088553,0,188125829.915996,58322272.570000,0,15.524734,25598832.939398,0,227648758217.940277
2025-07-01,125599137232.962555,82722552813.003540,11745348793.748882,6795064433.183945,3687447297.223198,2615477322.047248,1429976002.510000,0,1465364652.259880,635370579.922114,494827224.187000,197081387.802968,717823169.374303,0,187036000.029441,74987397.100000,0,500164.574834,32749306.566838,0,238400743776.496735
2025-08-01,136304874332.132889,82672474833.696762,12716264193.796583,7629139525.212433,3901216905.941629,3122310113.648808,1429976002.510000,1.350000,1418784248.362994,568753657.551871,493828351.217000,192522420.901085,622403920.311052,0,217522870.107514,68560709.000000,0,503084.004834,27981793.991096,1000543.554168,251388117507.290710
2025-09-01,149029446152.438751,78666237147.585861,14817379954.123066,7934479536.925579,4020099585.153099,2561804777.024977,1429976002.510000,37777894.342974,1337982335.687928,600630959.551848,507289134.737000,231084153.431902,508349516.213647,9000102.909100,226677275.916646,108583044.910000,0,18367014.049718,38284478.733588,56124963.581059,262139574029.826752
2025-10-01,159056526600.074585,78592899702.776215,14803708864.816555,6618153660.222006,4273756807.609707,2498102184.647289,1429976002.510000,46642488.040451,1451742465.603813,566085899.885836,509632113.177000,244760896.117903,708194228.109132,9026311.732284,278266376.468763,86010775.856500,78.350000,101026272.025140,21953129.294547,42009299.237356,271338474156.555084
2025-11-01,161690836782.809387,78546094677.569336,15477036368.817793,6538234311.614026,4475643034.019326,2344360558.249769,1429976002.510000,111494475.585835,1552927595.188651,538594700.230252,509665036.767000,214945389.866942,548780900.026073,172990595.294231,207964028.506281,54114827.113068,92763477.871483,88147436.615704,29369562.618666,17536615.889485,274641476377.163300
2025-12-01,160180689295.795105,81530716413.217102,15199765633.972630,6004172477.775621,4221796487.963873,2459120087.835420,1429976002.510000,460878675.603130,1495093070.083205,584596351.715756,510564551.747000,233567768.985497,382559880.500129,251718215.104461,194081499.412291,27530055.275307,256463659.892279,52054460.424530,27349504.594118,15120775.136704,275517814867.544128
2026-01-01,153859721606.431061,83468496015.358231,13317659315.342684,6232654078.679716,4262767467.639829,2433605595.019698,1429976002.510000,420724272.865645,1512975584.047418,604986152.478246,488055489.067000,205580512.082486,429040251.202917,261966326.618592,207916760.186598,40271922.853766,242425827.908946,52224904.364530,30269151.703884,13385798.324655,269514703034.685913
2026-02-01,155186382584.155243,85440643040.402603,14401046606.169693,6538292176.052220,4253084143.149926,2440966378.746686,1429976002.510000,329058209.709041,1530044392.657890,698998236.879230,488708708.037000,228965419.415656,506955927.407774,304761500.494276,189473282.478699,88256439.940590,254508491.647842,51606103.094530,34346103.110010,12142450.373964,274408216196.432861
2026-03-01,156686069183.744965,86416979078.409958,14067011216.596884,6282220754.952578,4290878383.911884,2361921604.030233,1429976002.510000,1105533555.945867,1558147832.342337,716123666.105434,485385255.037000,270734344.946481,419706851.281312,323341716.337434,178296282.470157,91497786.395939,268975900.557946,52036949.135630,29815347.665293,13460179.522977,277048111891.900330
2026-04-01,158757514760.045441,87398173658.250259,14106889211.329134,5802601597.144878,4515729630.517183,2376296805.747904,1429976002.510000,1529319562.979915,1492398563.934483,705325228.615574,488544769.887000,292235287.193671,408594296.648353,1213116756.407916,207100661.946595,91070122.849726,245948687.923415,51538928.428243,35405170.421952,13244149.369841,281161023852.151489
2026-05-01,155080782023.100586,89381564418.186066,13675982190.323179,6026244498.653687,4212553003.296067,2225310649.197961,1429976002.510000,2957601521.149841,1371396180.078502,957106579.951644,490455700.807000,215657286.863657,315094682.697046,1365238725.980962,189909427.621094,58747802.211006,234509046.080435,50914181.966943,20775572.635643,12712730.688501,280272532223.999817
2026-06-01,152365370460.630768,89352054386.096680,13029297857.615248,2858714494.645867,4282612278.641131,2275675227.522346,1429976002.510000,5389341585.038118,1379130705.528613,679466741.056646,494172597.947000,269307002.499355,334711465.334657,1721349259.756310,157919329.450381,56578113.982947,225610711.197807,50283603.826595,22951604.093623,10019547.544405,276384542974.918518
2026-07-01,145574035369.355164,90310457195.279877,12946214442.749512,2808056898.657774,4215912061.507596,2252525380.569427,1429976002.510000,5671496315.236320,1493280194.254859,635260644.335031,486124451.347000,429540221.440544,313923295.456918,1902325434.512233,154750725.132604,55690046.192797,255559388.584537,51695219.559827,17876403.837841,7062080.342651,271011761770.862518
2026-08-01,143635426834.925171,94297086517.227142,12688434233.689655,2723437365.697927,4325585454.386485,2215347085.258240,1429976002.510000,6354397047.288610,1461424783.270337,773971724.353216,484680020.215166,361616321.528921,297139460.091489,1792937646.106423,170962339.113263,57281277.424191,259164694.032455,50210868.860667,18248894.177534,6707893.196486,273404036463.353394
2026-09-01,142771490936.901306,94285369915.964523,13583227440.962639,2974456106.469453,4410108618.576846,2275029668.775965,1429976002.510000,7055937660.210589,1579624666.531555,633145980.362877,484189476.795166,384064826.186305,347344301.052789,1481690157.552710,156861495.104891,58065573.859273,225264094.617712,45029140.522721,18574990.977647,5899986.174434,274205351040.109406
