day,USDT,USDC,FDUSD,PYUSD,USDP,USDG,USDTB,RLUSD,EURC,EURS,EURCV,USDH,MUSD,total
2019-01-01,60057493.363429,307793723.650000,0,0,127673513.100000,0,0,0,0,35208708.292010,0,0,0,530733438.405439
2019-02-01,60057493.363429,236917932.170000,0,0,109543189.700000,0,0,0,0,35208708.292010,0,0,0,441727323.525439
2019-03-01,60057493.363429,246694704.210000,0,0,118082745.660000,0,0,0,0,35208708.292010,0,0,0,460043651.525439
2019-04-01,537959503.963429,293184174.060000,0,0,160737039.030000,0,0,0,0,36345235.392010,0,0,0,1028225952.445439
2019-05-01,687959503.963429,334092929.790000,0,0,165306284.890000,0,0,0,0,36345235.392010,0,0,0,1223703954.035439
2019-06-01,1037959503.963429,366634882.860000,0,0,164099588.070000,0,0,0,0,36345235.392010,0,0,0,1605039210.285439
2019-07-01,1557459503.963429,436169024.910000,0,0,241194726.150000,0,0,0,0,36345235.392010,0,0,0,2271168490.415439
2019-08-01,1662459503.963429,453807796.330000,0,0,200065116.630000,0,0,0,0,36345235.392010,0,0,0,2352677652.315439
2019-09-01,2092395053.380251,429864296.820000,0,0,255103618.880000,0,0,0,0,36345235.392010,0,0,0,2813708204.472260
2019-10-01,2856046653.380251,464533279.550000,0,0,247877299.320000,0,0,0,0,36345235.392010,0,0,0,3604802467.642261
2019-11-01,2900260391.706661,457460016.970000,0,0,218729575.150000,0,0,0,0,36345235.392010,0,0,0,3612795219.218671
2019-12-01,3215260391.707661,520368712.140000,0,0,223522710.320000,0,0,0,0,36345235.392010,0,0,0,3995497049.559670
2020-01-01,3215101121.166395,440729790.000000,0,0,226307039.730000,0,0,0,0,36345235.392010,0,0,0,3918483186.288404
2020-02-01,3316677572.740854,444856561.480000,0,0,199000258.230000,0,0,0,0,36345235.392010,0,0,0,3996879627.842864
2020-03-01,5000515274.708539,693469078.780000,0,0,248237336.010000,0,0,0,0,36345235.392010,0,0,0,5978566924.890549
2020-04-01,6761506741.670909,727058884.310000,0,0,254895948.610000,0,0,0,0,36345235.392010,0,0,0,7779806809.982919
2020-05-01,8121365431.043098,730920000.730000,0,0,245429130.640000,0,0,0,0,36345235.392010,0,0,0,9134059797.805109
2020-06-01,8920560493.170473,985540179.880000,0,0,241123246.700000,0,0,0,0,36345235.392010,0,0,0,10183569155.142483
2020-07-01,9850192114.031847,1080262825.750000,0,0,253716532.770000,0,0,0,0,36345235.392010,0,0,0,11220516707.943857
2020-08-01,12370037988.110901,1477999422.210000,0,0,268458041.740000,0,0,0,0,36345235.392010,0,0,0,14152840687.452911
2020-09-01,14429839175.470215,2533902792.530312,0,0,293973832.600000,0,0,0,0,36345235.392010,0,0,0,17294061035.992538
2020-10-01,15774190424.845432,2964549028.720850,0,0,430492715.570000,0,0,0,0,36345235.392010,0,0,0,19205577404.528294
2020-11-01,18187724988.763062,2997700945.221575,0,0,404707843.400000,0,0,0,0,36345235.392010,0,0,0,21626479012.776646
2020-12-01,20037511915.052525,3962904561.954535,0,0,335773305.380000,0,0,0,0,36345235.392010,0,0,0,24372535017.779068
2021-01-01,25812442493.184788,5976919720.959550,0,0,655465622.310000,0,0,0,0,42574256.295335,0,0,0,32487402092.749672
2021-02-01,34312355431.891991,9363830730.972902,0,0,892368327.610000,0,0,0,0,53939527.295335,0,0,0,44622494017.770226
2021-03-01,41100478986.357742,11146228259.947779,0,0,972530167.630000,0,0,0,0,53939527.295335,0,0,0,53273176941.230858
2021-04-01,52100478988.245743,14797481006.527773,0,0,1181774345.210000,0,0,0,0,76672523.932469,0,0,0,68156406863.915985
2021-05-01,63100478988.245743,22810930704.756672,0,0,1230431046.890000,0,0,0,0,88794702.660109,0,0,0,87230635442.552521
2021-06-01,63095955600.742325,25229535190.284401,0,0,840297105.240000,0,0,0,0,100728282.671193,0,0,0,89266516178.937912
2021-07-01,63193925770.487480,27423822710.814278,0,0,926059238.070000,0,0,0,0,100907273.551333,0,0,0,91644714992.923096
2021-08-01,66256273221.642319,27430768801.155880,0,0,981107435.390000,0,0,0,0,102275331.031271,0,0,0,94770424789.219467
2021-09-01,70994865463.325287,31559289999.721214,0,0,922728348.430000,0,0,0,0,102193545.006843,0,0,0,103579077356.483337
2021-10-01,70967033272.256042,33087616336.251793,0,0,958052822.190000,0,0,0,0,102343991.883849,0,0,0,105115046422.581680
2021-11-01,75962183265.083679,38543720487.174423,0,0,1137578746.020000,0,0,0,0,103790138.833821,0,0,0,115747272637.111923
2021-12-01,81212183265.971680,43075172679.702019,0,0,1034611244.960000,0,0,0,0,115680313.874813,0,0,0,125437647504.508514
2022-01-01,78503100590.201019,50303962741.848953,0,0,1044751271.400000,0,0,0,0,121908395.961292,0,0,0,129973722999.411270
2022-02-01,80602904584.135498,53661074833.782135,0,0,1022049496.790000,0,0,0,0,133306472.611458,0,0,0,135419335387.319092
2022-03-01,83893792692.603210,52196842338.771530,0,0,965987169.730000,0,0,0,0,145185981.254694,0,0,0,137201808182.359436
2022-04-01,84092152307.251892,50013341703.639404,0,0,1012606434.020000,0,0,0,0,146347113.598145,0,0,0,135264447558.509445
2022-05-01,78091823173.193268,54455341475.715675,0,0,955591967.810000,0,0,0,34.095813,146039095.989983,0,0,0,133648795746.804733
2022-06-01,66988565861.083771,56400665208.788971,0,0,855198232.850000,0,0,0,2484.811929,145519596.033065,0,0,0,124389951383.567734
2022-07-01,66985176912.424774,55153821876.166824,0,0,868718810.250000,0,0,0,1159475.946125,144502710.845385,0,0,0,123153379785.633102
2022-08-01,67982983351.326675,53128591542.744690,0,0,965330840.190000,0,0,0,86932152.001729,144099122.059659,0,0,0,122307937008.322754
2022-09-01,68981650430.882111,48945302814.786583,0,0,915859695.510000,0,0,0,86992671.672020,143466681.142837,0,0,0,119073272293.993546
2022-10-01,70967966846.507111,46248452434.163246,0,0,898543285.180000,0,0,0,88565338.830417,147906928.305736,0,0,0,118351434832.986511
2022-11-01,71967517676.960632,46860246981.433853,0,1100336.220000,767404706.950683,0,0,0,28929047.446187,143061690.712334,0,0,0,119768260439.723694
2022-12-01,71963889021.484924,48430275245.381058,0,1100336.220000,867695093.830683,0,0,0,28305959.863267,144531794.164724,0,0,0,121435797450.944656
2023-01-01,71960857264.950012,46358286798.712471,0,1100337.220000,969514796.670683,0,0,0,35320217.341420,143868670.971317,0,0,0,119468948085.865906
2023-02-01,72949995962.605347,46462601538.979736,0,2000000.000000,766369356.990683,0,0,0,33897054.083494,143788923.035476,0,0,0,120358652835.694733
2023-03-01,81949936116.706665,36758651824.804199,0,2000000.000000,757552716.460683,0,0,0,35309752.120326,144595736.747777,0,0,0,119648046146.839645
2023-04-01,83948839441.055191,34797016441.738396,0,2000000.000000,1041056795.450683,0,0,0,54747654.162412,143970777.043322,0,0,0,119987631109.450012
2023-05-01,84948839439.829773,33147498448.801350,532.520000,2000000.000000,1027011081.220683,0,0,0,54732296.976357,142969895.043701,0,0,0,119323051694.391861
2023-06-01,84594729907.083710,31665753841.185543,1073.800000,2000000.000000,986890935.850683,0,0,0,54459232.759083,143178948.406739,0,0,0,117447013939.085754
2023-07-01,85590458386.090378,30757317929.483818,21194355.120000,2000000.000000,549583263.470683,0,0,0,54241542.358349,142532458.617033,0,0,0,117117327935.140259
2023-08-01,84390458266.358215,30503296155.885132,362796795.420000,44376440.450000,505170765.450683,0,0,0,55946057.491449,142544414.222939,0,0,0,116004588895.278412
2023-09-01,85387912389.054291,29429209036.459080,406763577.720000,94396540.450000,486062948.650683,0,0,0,56092369.387369,142104788.333639,0,0,0,116002541650.055054
2023-10-01,86587815578.674347,29112537601.076431,563046158.470000,158956937.450000,438824450.650683,0,0,0,57269388.947654,141912454.159368,11365271.000000,0,0,117071727840.428482
2023-11-01,91572152386.909088,28829355707.502686,965652971.770000,156753068.360000,446640156.510683,0,0,0,58415308.375800,141830074.390453,11933534.550000,0,0,122182733208.368713
2023-12-01,93565258147.342194,28415694955.312859,1801091366.910000,264531845.820000,372639175.350683,0,0,0,103795708.953129,141757906.874429,12217666.325000,0,0,124676986772.888290
2024-01-01,98562968193.612030,30359090466.082985,2578169834.310000,301175241.400000,353101045.700683,0,0,0,103348134.501640,141918274.803354,12666594.529500,0,0,132412437784.940186
2024-02-01,100562277657.700485,28766945434.104698,3292039236.910000,304427933.120000,203051111.240683,0,0,0,100020164.756860,141954719.715582,12666594.529500,0,0,133383382852.077805
2024-03-01,106824814093.607056,32399379108.771538,2549846920.870000,188485923.630000,147984690.210683,0,0,0,103109604.987031,143552114.532764,12666594.529500,0,0,142369839051.138580
2024-04-01,112252749420.439209,33023075338.195503,4198504144.050000,328083117.620000,148503536.280683,0,0,0,91270127.703671,145992944.931746,12666594.529500,0,0,150200845223.750305
2024-05-01,114552749365.954834,32265305378.535503,2904009591.250000,444103023.410000,145982340.160683,0,0,0,86834113.183633,145334015.534703,12666594.529500,0,0,150556984422.558868
2024-06-01,115793837898.516052,32037999592.082085,2079062869.900000,499487564.482397,121706619.700683,0,0,0,85486922.418671,145148894.670630,12666594.529500,0,0,150775396956.300018
2024-07-01,117239264485.205566,33037266596.754997,2005756616.160000,625414559.277788,114706088.700683,0,0,0,85268083.403794,145387224.983129,37783843.439500,0,0,153290847497.925446
2024-08-01,120423074464.518127,34603878445.391739,2799054880.660000,908164707.586368,106940788.480683,0,0,0,104029296.578869,145488228.305620,37783843.439500,0,0,159128414654.960907
2024-09-01,121854865139.312225,35400278914.828194,2817942313.550000,704883091.811957,107115483.900683,0,0,1356028.000000,114353702.703032,145229820.355408,43939643.584407,0,0,161189964138.045898
2024-10-01,122850145170.298523,34501699461.327560,2539366612.320000,570851729.474883,110099030.668415,10750140.000000,0,48708142.000000,135018401.176768,144836949.202080,44053296.294407,0,0,160955528932.762634
2024-11-01,138456563253.706482,39579481599.840797,1989183494.400000,546550436.921749,103115717.668415,29386864.460000,0,1606.550000,138923437.981836,142519184.355559,44971780.670272,0,0,181030697376.555115
2024-12-01,142952320564.283661,43559827760.689964,2195994846.330000,497959718.543076,93564116.098415,29860176.810000,89359958.221152,57602317.550000,131142491.208824,142593796.325434,45303646.583472,0,0,189795529392.644012
2025-01-01,144085089216.558258,53042771345.447716,2011875500.854670,482747103.391140,80050903.408415,37007580.360000,89360067.284407,79912632.550000,154345733.741924,142865143.488930,45916234.690372,0,0,200251941461.775848
2025-02-01,145076417039.380157,55760167736.841469,2041924819.934638,753608083.713101,80578595.816685,117651317.110000,90161214.597959,91837632.550000,166117808.856019,142804010.650904,46787950.976072,0,0,204368056210.427002
2025-03-01,149891228908.230896,59492712623.897095,2588088088.167816,753266130.018406,79443383.534771,189048942.269999,1432561707.279539,199637599.550000,222882077.419558,142842701.647544,47894814.718762,0,0,215039606976.734375
2025-04-01,153527966937.478271,60850082848.532585,1476057855.768664,887766151.817313,71319225.344771,234514973.093231,1438233400.876015,250137599.550000,259747120.458623,142975470.459235,47173120.010262,0,0,219185974703.388977
2025-05-01,158017414663.087036,60068212040.731117,1659012287.821599,906606815.016534,73223449.284771,311392595.985511,1449404777.221877,242138182.550000,249055844.765186,142981636.618824,47059467.300262,0,0,223166501760.382721
2025-06-01,161778544587.465240,60776118530.212440,1470074342.700668,950362403.398344,67953449.284771,322640222.108322,1461242394.596797,389338282.550000,236463867.551669,142840392.781375,53179745.290660,0,0,227648758217.940277
2025-07-01,169737712149.930054,63510448418.259285,1305501082.688040,1037124620.174885,64953459.284771,326939499.533064,1438577781.188969,536838227.550000,246504238.037330,142850901.849685,53293398.000659,0,0,238400743776.496735
2025-08-01,174685273061.180542,71155363193.787445,1163439682.536649,1181319967.538167,66953468.265718,551553116.424374,1491191279.778976,616045484.550000,267666052.126955,142807486.628117,65503681.445618,0,1001033.028154,251388117507.290710
2025-09-01,181019547930.573303,73705327549.851791,1080496164.356813,2432687332.652576,63264568.265718,728369991.588587,1833287131.212393,700791506.189998,280125001.862449,142763290.714720,64231907.620718,25028471.480000,63653183.457637,262139574029.826691
2025-10-01,188013553169.609924,75206465448.131424,1027048215.128684,2814793868.104750,55711456.227634,1000539197.161279,1832012491.599120,805192409.249998,305855123.288578,142471258.996674,63368158.389989,21545236.360000,49918124.307021,271338474156.555084
2025-11-01,188920247266.215637,76646414848.062454,926701524.430131,3868478976.634829,57569455.221505,1209062598.327725,1338401421.549119,1025892410.417345,355725223.736276,142598806.091430,61461054.550918,60599471.670000,28323320.255900,274641476377.163269
2025-12-01,191903720241.520935,75395612787.055847,516313158.489718,3609826026.864540,47569455.211825,1484554060.859857,843833062.190120,1043200924.817351,375841671.743548,142535958.404489,66026483.911618,62883066.160000,25897970.314315,275517814867.544189
2026-01-01,191535200875.962036,69673333179.001740,456142731.410694,3609536490.870569,47569455.211825,1491450290.605568,865096536.301978,1096450749.037396,415943110.856801,142683747.831099,68776890.858889,88041973.030000,24477003.707276,269514703034.685883
2026-02-01,189990380090.654816,75260076884.895844,380413815.014236,4203341568.875026,40569452.761825,1663094322.428783,835268768.360978,1238673752.835610,479665058.409536,143232410.550601,67244251.503037,81718593.990000,24537226.152610,274408216196.432892
2026-03-01,190969815497.598511,77259521663.067123,394264709.282206,3927545854.521406,40569460.748896,1725113675.569702,863108559.010239,1057493745.295610,464379104.417790,143340892.960152,82035266.127621,90809713.610000,30113749.691055,277048111891.900330
2026-04-01,195269637843.545288,77082201423.293427,402873076.032193,3383284871.673480,40569459.930272,2353614870.119412,585137195.230240,1191160272.055610,481890133.563779,143288125.473019,92098760.260192,102565769.200000,32702051.774549,281161023852.151489
2026-05-01,195241971897.846130,76070903291.899155,354688772.034291,3060363027.104387,31954027.030524,2547414130.885811,1061000391.460240,1085054927.145036,489505562.477763,143238626.490077,91799487.762087,61334006.290000,33304075.574318,280272532223.999817
2026-06-01,195204389549.200317,73097355110.980423,350116531.811945,2707190895.327738,31954027.030524,2849969899.725600,736104446.030239,734083796.481752,497787631.319094,8998791.874308,112300198.028659,22623156.280000,31668940.827899,276384542974.918518
2026-07-01,191158025142.481659,72000217819.569717,350155531.589741,2701137219.351913,31954025.960694,3024499422.191990,352732173.430240,704022873.729577,518257931.870412,9004987.901829,124393668.036291,10511369.460000,26849605.288432,271011761770.862488
2026-08-01,191392460094.314972,73401667737.364380,335635330.700605,2893477586.907570,29168261.410694,2810269212.932931,483388238.410240,1349852132.520020,515088654.296080,9012923.202233,149336842.307331,8727201.080000,25952247.906327,273404036463.353394
2026-09-01,191378653364.081665,74667034609.657516,325041509.260795,2704758991.657109,26084307.410694,2483668902.203945,492489664.230240,1396220337.799753,526558777.762882,9014336.587335,157023890.437518,8088831.130000,30713517.889942,274205351040.109406
