date,aave,compound,jupiter,venus_finance,morpho,banker_joe,spark,maple,euler,kamino,benqi,iron_bank,fluid,moonwell,blizz_protocol,radiant_capital,zerolend,tydro,hyperlend,neverland,lista_dao,kinza_finance,extra_finance,uwulend,cream_finance,hypurrfi,seamless_protocol,mendi_finance,dolomite,annex_finance,atlantis_loans,ola_finance,granary_finance,strike,reserve_lending,lodestar_finance,percent_finance,curvance,hundred_finance,sake_finance,fortress_protocol,nereus_finance,easy_finance,rho_markets,realt,sturdy,channels_finance,tender_finance,enclabs_protocol,agave_finance,lore_finance,centrifuge,vicuna_lending,machfi,apple_lending,save,portler,native_lend,hopelend,goldbank_finance,lendora_protocol,fira,hyperdrive,aquarius_loan,shroomy_protocol,neku,paribus,zeno_lend,filda,power_pool,capyfi,total
2019-05-01,0,577327.009177,0,0,0,0,0,0,0,0,0,0,0,0,0,0,0,0,0,0,0,0,0,0,0,0,0,0,0,0,0,0,0,0,0,0,0,0,0,0,0,0,0,0,0,0,0,0,0,0,0,0,0,0,0,0,0,0,0,0,0,0,0,0,0,0,0,0,0,0,0,577327.009177
2019-06-01,0,3009294.022177,0,0,0,0,0,0,0,0,0,0,0,0,0,0,0,0,0,0,0,0,0,0,0,0,0,0,0,0,0,0,0,0,0,0,0,0,0,0,0,0,0,0,0,0,0,0,0,0,0,0,0,0,0,0,0,0,0,0,0,0,0,0,0,0,0,0,0,0,0,3009294.022177
2019-07-01,0,15835960.677680,0,0,0,0,0,0,0,0,0,0,0,0,0,0,0,0,0,0,0,0,0,0,0,0,0,0,0,0,0,0,0,0,0,0,0,0,0,0,0,0,0,0,0,0,0,0,0,0,0,0,0,0,0,0,0,0,0,0,0,0,0,0,0,0,0,0,0,0,0,15835960.677680
2019-08-01,0,11218642.249982,0,0,0,0,0,0,0,0,0,0,0,0,0,0,0,0,0,0,0,0,0,0,0,0,0,0,0,0,0,0,0,0,0,0,0,0,0,0,0,0,0,0,0,0,0,0,0,0,0,0,0,0,0,0,0,0,0,0,0,0,0,0,0,0,0,0,0,0,0,11218642.249982
2019-09-01,0,3560434.618849,0,0,0,0,0,0,0,0,0,0,0,0,0,0,0,0,0,0,0,0,0,0,0,0,0,0,0,0,0,0,0,0,0,0,0,0,0,0,0,0,0,0,0,0,0,0,0,0,0,0,0,0,0,0,0,0,0,0,0,0,0,0,0,0,0,0,0,0,0,3560434.618849
2019-10-01,0,3565768.929479,0,0,0,0,0,0,0,0,0,0,0,0,0,0,0,0,0,0,0,0,0,0,0,0,0,0,0,0,0,0,0,0,0,0,0,0,0,0,0,0,0,0,0,0,0,0,0,0,0,0,0,0,0,0,0,0,0,0,0,0,0,0,0,0,0,0,0,0,0,3565768.929479
2019-11-01,0,4672024.071722,0,0,0,0,0,0,0,0,0,0,0,0,0,0,0,0,0,0,0,0,0,0,0,0,0,0,0,0,0,0,0,0,0,0,0,0,0,0,0,0,0,0,0,0,0,0,0,0,0,0,0,0,0,0,0,0,0,0,0,0,0,0,0,0,0,0,0,0,0,4672024.071722
2019-12-01,0,9647196.655560,0,0,0,0,0,0,0,0,0,0,0,0,0,0,0,0,0,0,0,0,0,0,0,0,0,0,0,0,0,0,0,0,0,0,0,0,0,0,0,0,0,0,0,0,0,0,0,0,0,0,0,0,0,0,0,0,0,0,0,0,0,0,0,0,0,0,0,0,0,9647196.655560
2020-01-01,1526855.079237,7062218.963703,0,0,0,0,0,0,0,0,0,0,0,0,0,0,0,0,0,0,0,0,0,0,0,0,0,0,0,0,0,0,0,0,0,0,0,0,0,0,0,0,0,0,0,0,0,0,0,0,0,0,0,0,0,0,0,0,0,0,0,0,0,0,0,0,0,0,0,0,0,8589074.042939
2020-02-01,4649444.232982,10663407.345739,0,0,0,0,0,0,0,0,0,0,0,0,0,0,0,0,0,0,0,0,0,0,0,0,0,0,0,0,0,0,0,0,0,0,0,0,0,0,0,0,0,0,0,0,0,0,0,0,0,0,0,0,0,0,0,0,0,0,0,0,0,0,0,0,0,0,0,0,0,15312851.578721
2020-03-01,4107521.053091,12161198.837292,0,0,0,0,0,0,0,0,0,0,0,0,0,0,0,0,0,0,0,0,0,0,0,0,0,0,0,0,0,0,0,0,0,0,0,0,0,0,0,0,0,0,0,0,0,0,0,0,0,0,0,0,0,0,0,0,0,0,0,0,0,0,0,0,0,0,0,0,0,16268719.890382
2020-04-01,1725836.049387,3784499.737531,0,0,0,0,0,0,0,0,0,0,0,0,0,0,0,0,0,0,0,0,0,0,0,0,0,0,0,0,0,0,0,0,0,0,0,0,0,0,0,0,0,0,0,0,0,0,0,0,0,0,0,0,0,0,0,0,0,0,0,0,0,0,0,0,0,0,0,0,0,5510335.786919
2020-05-01,4384028.349946,5306215.898322,0,0,0,0,0,0,0,0,0,0,0,0,0,0,0,0,0,0,0,0,0,0,0,0,0,0,0,0,0,0,0,0,0,0,0,0,0,0,0,0,0,0,0,0,0,0,0,0,0,0,0,0,0,0,0,0,0,0,0,0,0,0,0,0,0,0,0,0,0,9690244.248268
2020-06-01,13675649.905200,356034579.749832,0,0,0,0,0,0,0,0,0,0,0,0,0,0,0,0,0,0,0,0,0,0,0,0,0,0,0,0,0,0,0,0,0,0,0,0,0,0,0,0,0,0,0,0,0,0,0,0,0,0,0,0,0,0,0,0,0,0,0,0,0,0,0,0,0,0,0,0,0,369710229.655032
2020-07-01,109105873.094810,683276415.363213,0,0,0,0,0,0,0,0,0,0,0,0,0,0,0,0,0,0,0,0,0,0,0,0,0,0,0,0,0,0,0,0,0,0,0,0,0,0,0,0,0,0,0,0,0,0,0,0,0,0,0,0,0,0,0,0,0,0,0,0,0,0,0,0,0,0,0,0,0,792382288.458024
2020-08-01,236428880.557209,274599357.216874,0,0,0,0,0,0,0,0,0,0,0,0,0,0,0,0,0,0,0,0,0,0,0,0,0,0,0,0,0,0,0,0,0,0,0,0,0,0,0,0,0,0,0,0,0,0,0,0,0,0,0,0,0,0,0,0,0,0,0,0,0,0,0,0,0,0,0,110.024868,0,511028347.798951
2020-09-01,377057083.814635,232707324.889835,0,0,0,0,0,0,0,0,0,0,0,0,0,0,0,0,0,0,0,0,0,0,71839952.536559,0,0,0,0,0,0,0,0,0,0,0,9.909249,0,0,0,0,0,5094915.852632,0,0,0,0,0,0,0,0,0,0,0,0,0,0,0,0,0,0,0,0,0,0,0,0,0,0,3731.830314,0,686703018.833223
2020-10-01,194322019.521125,347743131.294454,0,0,0,0,0,0,0,0,0,0,0,0,0,0,0,0,0,0,0,0,0,0,7340666.700858,0,0,0,0,0,0,0,0,0,0,0,75915428.583625,0,0,0,0,0,34306493.844618,0,0,0,0,0,0,0,0,0,0,0,0,0,0,0,0,0,0,0,0,0,0,0,0,0,0,0,0,659627739.944681
2020-11-01,329245472.707763,873089739.439304,0,46117368.478435,0,0,0,0,0,0,0,0,0,0,0,0,0,0,0,0,0,0,0,0,6197946.068047,0,0,0,0,0,0,0,0,0,0,0,5211562.491894,0,0,0,0,0,29098.832311,0,0,0,0,0,0,0,0,0,0,0,0,0,0,0,0,0,0,0,0,0,0,0,0,0,0,0,0,1259891188.017754
2020-12-01,321792892.496119,904029920.588086,0,119474831.814501,0,0,0,0,0,0,0,0,0,0,0,0,0,0,0,0,0,0,0,0,2893471.814657,0,0,0,0,0,0,0,0,0,0,0,0,0,0,0,0,0,4054.627781,0,0,0,0,0,0,0,0,0,0,0,0,0,0,0,0,0,0,0,0,0,0,0,0,0,0,0,0,1348195171.341145
2021-01-01,561449180.166327,3192780710.385116,0,865503881.601807,0,0,0,0,0,0,0,31.379951,0,0,0,0,0,0,0,0,0,0,0,0,7610893.413031,0,0,0,0,0,0,0,0,0,0,0,0,0,0,0,0,0,9281.540392,0,0,0,0,0,0,0,0,0,0,0,0,0,0,0,0,0,0,0,0,0,0,0,0,0,0,0,0,4627353978.486624
2021-02-01,791770980.479161,3794256646.978083,0,0,0,0,0,0,0,0,0,147524084.343198,0,0,0,0,0,0,0,0,0,0,0,0,14195858.419559,0,0,0,0,0,0,0,0,0,0,0,0,0,0,0,0,0,38803.172742,0,0,0,0,0,0,0,0,0,0,0,0,0,0,0,0,0,0,0,0,0,0,0,0,0,0,0,0,4747786373.392742
2021-03-01,981632903.157954,2862026746.309215,0,0,0,0,0,0,0,0,0,9401958.382363,0,0,0,0,0,0,0,0,0,0,0,0,17139701.873567,0,0,0,0,0,0,0,0,0,0,0,0,0,0,0,0,0,1183990.123114,0,0,0,0,0,0,0,0,0,0,0,0,0,0,0,0,0,0,0,0,0,0,0,0,0,0,0,0,3871385299.846213
2021-04-01,4331734232.346080,4166340113.659884,0,111902742.300280,0,0,0,0,0,0,0,141191028.696703,0,0,0,0,0,0,0,0,0,0,0,0,26832152.066399,0,0,0,0,0,0,0,0,0,0,0,0,0,0,0,5127727.075750,0,1785545.165322,0,0,0,0,0,0,0,0,0,0,0,0,0,0,0,0,0,0,0,0,0,0,0,0,0,0,0,0,8784913541.310417
2021-05-01,14356484247.558958,4331513988.389209,0,2302061553.998641,0,0,0,0,0,0,0,1005522331.507512,0,0,0,0,0,0,0,0,0,0,0,0,31766578.107728,0,0,0,0,0,0,0,0,67035.868056,77983386.958080,0,0,0,0,0,21531267.615589,0,0,0,0,0,0,0,0,0,0,0,0,0,0,0,0,0,0,0,0,0,0,0,0,0,0,0,0,0,0,22126930390.003773
2021-06-01,8620664383.237680,3355043735.666378,0,300366703.057150,0,0,0,0,0,0,0,826995033.226649,0,0,0,0,0,0,0,0,0,0,0,0,12609205.603726,0,0,0,0,0,0,0,0,3707493.433638,3427226.880375,0,0,0,0,0,13043569.234267,0,0,0,0,0,0,0,0,0,0,0,0,0,1721948.696212,0,0,0,0,0,0,0,0,0,0,0,0,0,0,0,0,13137579299.036077
2021-07-01,4918001961.847945,3444826324.615908,0,401431242.585980,0,0,0,0,0,0,0,947775504.126864,0,0,0,0,0,0,0,0,0,0,0,0,6797787.564372,0,0,0,0,0,0,0,0,1967821.504490,1072469.969943,0,0,0,0,0,2868482.040176,0,0,0,0,0,0,0,0,0,0,0,0,0,2585353.285339,0,0,0,0,0,0,0,0,0,0,0,0,0,0,0,0,9727326947.541019
2021-08-01,5861913496.595754,2575294392.438552,0,341164398.411118,0,0,0,0,0,0,304041633.366452,1555433569.567023,0,0,0,0,0,0,0,0,0,0,0,0,10521247.987684,0,0,0,0,20.059053,0,0,0,5329549.439518,2085332.220751,0,0,0,0,0,1471642.130056,0,0,0,0,0,0,0,0,0,0,0,0,0,135.903577,0,0,0,0,0,0,0,0,0,0,0,0,0,0,0,0,10657255418.119537
2021-09-01,5198709337.469571,2114301168.861169,0,300774396.450093,0,0,0,0,0,0,1178832367.704818,959123204.623365,0,0,0,0,0,0,0,0,0,0,0,0,11206718.720090,0,0,0,0,80435652.197677,0,0,0,264320.224455,243420.850440,0,0,0,1445292.688958,0,501021.957257,0,0,0,0,0,5360227.583689,0,0,2558.059147,0,0,0,0,492.455620,0,0,0,0,0,0,0,0,0,0,0,0,0,0,0,0,9851200179.846348
2021-10-01,6272364993.953267,3653334593.314678,0,718726245.155910,0,6479084634.041079,0,0,0,0,1011178148.335935,678743083.126698,0,0,0,0,0,0,0,0,0,0,0,0,15165250.953395,0,0,0,0,51914762.452717,91489186.945245,0,0,4185843.859527,439145.702048,0,0,0,12745691.681736,0,818132.493127,0,75.569681,0,0,0,13081628.580210,0,0,135443.029208,0,0,0,0,58.448018,0,0,0,0,0,0,0,0,0,0,94029.711918,0,0,0,0,0,19003500947.354397
2021-11-01,5785892729.326246,1373894605.265388,0,894208108.257852,0,8486614527.177735,0,0,0,0,1401850516.066589,468940477.212196,0,0,2786738276.159990,0,0,0,0,0,0,0,0,0,8713130.023265,0,0,0,0,18411773.390364,55593263.283113,2517676.703537,0,590892.966947,116459.878309,0,0,0,3511354.002938,0,456516.344748,0,852.719239,0,0,0,215981.223446,0,0,837424.264625,0,0,0,0,0,0,0,0,0,0,0,0,0,0,0,0,0,0,0,0,0,21289104564.266525
2021-12-01,5603623608.501051,914472011.076209,0,2734801450.661538,0,4404827965.316004,0,0,0,0,940133816.048450,365181496.618125,0,0,606369395.304509,0,0,0,0,0,0,0,0,0,2494157.914542,0,0,0,0,10077599.709152,20084692.491569,2912389.696379,0,941568.963913,83180.515127,0,0,0,9895788.134515,0,625753.118498,0,1504.862288,0,0,0,128094.523785,0,0,156647.343663,0,0,0,0,0,0,0,0,0,0,0,0,0,0,0,0,0,0,11161.749078,0,0,15616822282.548395
2022-01-01,3897730113.092796,1190234781.138522,0,1687087957.997300,0,1244575277.503332,0,33973162.414511,0,0,458430496.540379,408939981.533238,0,0,263140139.966423,0,0,0,0,0,0,0,0,0,2738676.016419,0,0,0,0,3063500.912044,17213076.753126,812146.027692,0,353460.074429,4830.681388,0,0,0,12314251.015550,0,564851.752708,0,56.290538,0,0,0,2647.099348,0,0,1208430.769413,0,3732985.468528,0,0,0,0,0,0,0,0,0,0,0,0,0,170.008500,0,0,946.665597,0,0,9226121939.721783
2022-02-01,4021999762.718041,1190180179.061202,0,1870120263.072545,0,2353116054.992306,0,238056193.854220,0,0,396049888.365546,275538784.442474,0,0,71858225.871303,0,0,0,0,0,0,0,0,0,2192690.490474,0,0,0,0,769625.303926,5670020.006817,20449700.910172,0,2451259.203559,63215.143158,0,0,0,21157236.855790,0,340584.012008,3790158.235225,440.657363,0,0,0,13358.926691,0,0,403481.506093,0,2190705.249847,0,0,0,0,0,0,0,0,0,0,0,0,0,43.039026,0,0,321.292828,0,0,10476412193.210619
2022-03-01,3073906824.797730,723902717.327086,0,2875772065.201670,0,1485695593.748612,0,260806902.676974,0,0,410285038.191607,79866598.601590,0,0,7635573.285704,0,0,0,0,0,0,0,0,0,2615387.038937,0,0,0,0,1778859.355936,1646432.766717,26559027.061911,0,50435.143028,51373.804990,0,0,0,10548662.852343,0,421685.610204,16684484.814592,217.127741,0,0,0,5004.836814,0,0,555036.317956,0,1531097.871710,0,0,0,0,0,0,0,0,0,0,0,0,0,0,0,0,1.560804,0,0,8980319019.994658
2022-04-01,4334373450.731394,330257365.564071,0,1341087455.873627,0,652734571.829305,0,94422921.190812,0,0,708905351.046958,48296636.447430,0,0,23003128.230775,0,0,0,0,0,0,0,0,0,3133128.331669,0,0,0,0,5193185.786440,733785.012131,18526148.049315,0,6327653.343298,44790.261933,0,0,0,896159.741464,0,116206.392966,7381414.075859,0,0,0,0,700.197790,0,0,433203.178733,0,717676.982653,0,0,0,0,0,0,0,0,0,0,0,0,0,0,0,0,0.038164,0,0,7576584932.306788
2022-05-01,3718595423.463966,484913658.239768,0,366597331.113520,0,232690830.879047,0,132728903.121098,0,0,179223112.528586,30478258.645146,0,0,2624891.530751,0,0,0,0,0,0,0,0,0,2660063.824764,0,0,0,0,13923995.155376,813908.018189,9997437.914153,2.001134,4696967.415904,0,0,0,0,183936.081158,0,123922.474364,3483294.814543,0,0,0,501.171719,7477.965628,0,0,457840.317832,0,0,0,0,0,0,0,0,0,0,0,0,0,0,0,2297.817906,0,0,0,0,0,5184204054.494555
2022-06-01,5191610538.781827,350317455.239935,0,208946618.868177,0,2419829.831741,0,44031973.903000,0,0,137698993.117486,54414166.276986,0,0,0,0,0,0,0,0,0,0,0,0,414831.948692,0,0,0,0,6423431.961833,409436.028808,5462135.195729,99531.554617,8585272.779867,0,0,0,0,326699.977619,0,0,3656882.151318,1.928916,0,0,81387.971021,11691.957604,0,0,330964.986332,0,0,0,0,0,0,0,0,0,0,0,0,0,0,0,166.728051,0,0,0,0,0,6015242011.189556
2022-07-01,2315259617.129095,349771206.411947,0,143256593.863953,0,1697511.519148,0,0,0,0,92242507.557488,8621354.154025,0,0,0,353782258.998251,0,0,0,0,0,0,0,0,2022271.930663,0,0,0,0,1537632.696807,271218.887607,3167348.991968,437178.894132,836940.527922,0,0,0,0,178569.564765,0,38.026600,1593693.892826,3.122706,0,0,2993705.473806,5000.098238,0,0,298569.206427,0,100088.970160,0,0,937.040739,0,0,0,0,0,0,0,0,0,0,0,0,0,406.738349,0,0,3278074653.697621
2022-08-01,4683734545.371806,268650649.771084,0,81663607.556700,0,1730743.096713,0,46749476.387870,0,0,110515429.919609,8822679.440142,0,0,0,272523935.441384,0,0,0,0,0,0,0,0,1844040.598567,0,0,0,0,498110.884994,160507.996869,3585925.664271,397712.417970,135320.391927,0,0,0,0,166238.938560,0,1045.459854,887795.737051,11.398995,0,0,3113907.607528,1790.173057,0,0,249279.246070,0,0,0,0,0,0,0,0,0,0,0,0,0,0,0,0,0,0,29.999000,0,0,5485432783.500019
2022-09-01,1947998616.620570,358848526.866931,0,91081787.320746,0,813468.042601,0,94728613.532330,0,0,78613551.653516,12374396.275134,0,0,0,119253800.382057,0,0,0,0,0,0,0,0,1204559.062519,0,0,0,0,268701.416277,114120.789507,5105102.919567,322429.861078,75408.242190,0,0,0,0,761729.161234,0,499.975000,1412166.532801,0,0,0,4335678.006486,1019.964667,0,0,547818.596435,0,0,0,0,0,0,0,0,0,0,0,0,0,0,0,0,0,0,0,0,0,2717861995.221646
2022-10-01,1813710765.916046,138710161.702921,0,183819331.462922,0,6986581.388371,0,20009362.213600,0,0,33572925.007978,3197330.083169,0,0,0,63712435.530191,0,0,0,0,0,0,0,125202639.155366,265528.100829,0,0,0,0,145358.532495,8089.367573,2817019.714673,997790.273217,21145.520303,0,0,0,0,59311.932420,0,8157.943358,137549.927228,0,0,0,3738659.217520,379.481351,0,0,145343.884032,0,0,0,0,0,0,0,0,0,0,0,0,0,0,0,0,0,0,25.879060,0,0,2397265892.234626
2022-11-01,3440880995.430754,546709644.807470,0,173426548.881728,0,1154621.570796,0,12498041.069750,0,0,30726425.009740,4568479.257750,0,0,0,67926872.209265,0,0,0,0,0,0,0,15823068.637551,684914.484067,0,0,0,0,113121.350201,0,2142805.379595,1800737.718810,19611.237983,159.643813,11003135.208026,0,0,27051.082961,0,90.612253,1828912.769425,0.000004,0,0,1993056.004974,426.644969,53.129197,0,77024.477276,0,0,0,0,0,0,0,0,0,0,0,0,0,0,0,0,0,0,0,0,0,4313405796.618356
2022-12-01,1257217690.724842,72313985.886478,0,64996055.955586,0,1021036.805744,0,31389609.403027,0,0,24286568.872908,1973208.013025,0,0,0,43026661.061790,0,0,0,0,0,0,0,77114735.056124,4820.514321,0,0,0,0,2478.020072,0,3080766.330166,3729877.672096,6136.206170,0,73160277.469326,0,0,141313.417425,0,0,468782.014173,0.983445,0,0,4579135.432247,145.057464,48753.679677,0,185048.594241,0,0,0,0,0,0,0,0,0,0,0,0,0,0,0,0,0,0,0,0,0,1658747087.170345
2023-01-01,2730274741.410955,224080241.605765,0,100858341.374475,0,979028.156879,0,2157932.369877,0,0,21695873.525105,5213799.219158,0,0,0,111791384.462718,0,0,0,0,0,0,0,2096644.766129,87882.563286,0,0,0,0,36814.597483,0,2884315.867348,4306716.963977,58167.204915,0,0,0,0,16999.593655,0,228.076139,1196601.017220,0,0,0,2848112.157903,0,392198.131992,0,240152.932634,0,0,0,0,0,0,0,0,0,0,0,0,0,0,0,0,0,0,383.149740,0,0,3211216559.147354
2023-02-01,1620399516.557249,241673513.586172,0,120746446.037280,0,4171008.633037,0,10985200.384023,0,0,51963518.066569,4170161.174632,0,0,0,252306562.185783,0,0,0,0,0,0,0,5689891.181486,67353.629773,0,0,0,0,6944.013779,0,1728577.274133,871052.693374,18332.752577,0,0,0,0,238279.345443,0,1253.611900,83721.140102,0.066300,0,0,1960631.950290,600.227880,2001166.753961,0,122836.315205,0,0,0,0,0,0,0,0,0,0,0,0,0,0,0,0,0,0,0,0,0,2319206567.580947
2023-03-01,5391235451.483958,559842099.367282,0,156636237.796908,0,7321826.647984,0,10827003.459631,0,0,52495722.597364,1287903.350291,0,0,0,768588356.312455,0,0,0,0,0,0,0,13543832.010078,93720.493421,0,0,0,0,61996.021341,0,5789740.939439,1331489.464395,6016527.790613,0,0,0,0,607120.620847,0,19.340779,208184.731299,0,0,0,15475.786022,8.149840,2214575.470658,0,650936.085427,0,0,0,0,0,0,0,0,0,0,0,0,0,0,0,0,335.105938,0,0,0,0,6978768563.025972
2023-04-01,1424231180.642669,241248781.431239,0,143330992.357897,0,1746917.151183,0,4800474.538420,0,3.309500,16292665.692807,300522.123898,0,0,0,341967124.155107,0,0,0,0,0,0,0,1426832.356639,68341.277517,0,0,0,0,6758.990183,0,2108220.694850,1962433.642072,1354293.354095,0,0,0,0,2398201.509194,0,48.385159,76210.672790,191.346513,0,0,787946.202994,7583.067001,2657551.648736,0,331564.275921,0,0,0,0,0,0,0,0,0,0,0,0,0,0,0,0,50168.961706,0,8.487721,0,0,2187155016.275813
2023-05-01,991353553.394281,83831206.419786,0,255937003.330999,0,678256.059335,0,5818051.250505,0,0.249394,9321440.654858,31271.711476,0,0,0,149932656.335256,0,0,0,0,0,0,0,457880.442163,58063.200463,0,0,0,0,1500.275483,0,1015809.611871,39314694.935283,3886963.261561,0,0,0,0,0,0,36.359468,29699.043775,0,0,0,54400.203528,0,2806385.484145,0,301239.475118,0,0,0,0,0,0,0,0,0,380070.611404,0,0,0,0,0,0,1640.794347,0,0,0,0,1545211823.104500
2023-06-01,1549566218.359536,321097658.707178,0,128586990.604597,0,5176731.697266,0,15632818.038263,0,0.842575,26275295.701146,797963.049748,0,0,0,131852946.913803,0,0,0,0,0,431.654737,0,2404580.394883,37530.695515,0,0,0,0,18259.783580,0,607511.758303,11310118.850645,5779926.962399,0,0,0,0,9.286059,0,0,1975.818671,0,0,0,322810.655242,0,2030446.322256,0,290579.638468,0,0,0,0,0,0,0,0,0,201645.640548,0,0,0,0,0,0,4432.619804,0,0,0,0,2201996883.995222
2023-07-01,1087966698.406626,503889792.077713,0,68382881.566826,0,4983752.172906,0,6677094.297756,0,672.431073,10809343.008830,44733.865809,0,0,0,120128122.039510,15490.700768,0,0,0,0,20067.616847,0,1335336.663184,25220.870221,0,0,0,0,5251.511718,0,55510.788121,5870948.169264,945525.633239,0,0,0,0,0,0,10.006726,4218.219350,0,0,0,402080.765884,0,973251.005625,0,332640.766792,0,0,0,0,0,0,0,0,0,0,0,0,0,0,0,0,7689.328143,0,0.191219,0,0,1812876332.104147
2023-08-01,1405448095.465174,337226417.506062,0,104609522.637558,0,314682.613579,0,12397022.097145,0,976.572667,5818145.085012,199055.281216,0,16081788.029099,0,72528832.309836,668974.563020,0,0,0,0,337670.516540,169.399956,278102.470101,52342.241482,0,0,12321918.281634,0,1295.320073,0,71636.494552,3359267.089143,1913266.598086,0,0,0,0,0,0,48.872668,1868.227970,0,0,0,461190.768779,0,264124.002936,0,477673.517929,0,0,0,0,0,0,0,0,322260.444399,0,0,0,0,0,0,0,2.717372,0,0,0,0,1975156349.123988
2023-09-01,1118046444.239733,128769159.224194,0,83885449.225234,0,76671.628815,0,12184882.340719,0,63.046500,3642421.265469,62272.597215,0,10446816.628775,0,52995803.690398,6231740.087497,0,0,0,0,254242.528398,6530235.610183,113119.364934,32684.355108,0,179916.536357,5167569.348218,0,11682.897673,0,29655.798131,692118.493102,957900.625393,0,0,0,0,0,0,55.842644,705.895590,0,0,0,0,0,193280.155123,0,133683.952962,0,0,0,0,0,0,0,0,106116.913693,0,0,0,0,0,0,0,794.183004,0,0,0,0,1430745486.475060
2023-10-01,1689726468.546746,320387124.798954,0,84360043.408208,0,148235.340598,197137.090854,37062450.303787,0,23700.802044,3864115.455527,110480.834901,0,7355332.005842,0,70678398.157397,15115840.698418,0,0,0,0,710959.063602,3378489.235741,3770532.384204,11384.891364,0,2871183.392083,4958877.488772,0,2663.319255,0,69599.025429,1564997.820518,1917968.138571,0,0,0,0,0,0,600.926681,19556.379035,0,0,0,0,0,189989.543976,0,757493.573211,0,0,0,0,0,0,0,0,299405.883954,0,0,0,0,0,0,0,0,0,0,0,0,2249553028.509676
2023-11-01,1314576425.530428,325753198.510057,0,91016848.838975,0,545313.531792,406854.225178,14008545.223922,0,3873209.234131,21608185.728138,534937.791443,0,8380545.735104,0,78084871.565533,14565031.021402,0,0,0,0,5599570.897361,1842245.968697,571531.924723,25725.575330,0,469621.962349,1694956.492051,0,5924.136648,0,352271.064130,1095417.573966,2899957.047453,0,0,0,0,0,0,0,58118.908442,15.007986,0,0,0,0,103305.933502,0,108017.490299,0,0,0,0,0,0,0,0,0,0,211300.888323,0,0,0,0,0,0,0,0,0,0,1888391947.807362
2023-12-01,1653877658.022276,185465636.021841,0,247792246.249663,0,1277867.339349,689403.758405,5080854.963359,0,69365534.842888,23025941.039287,2275904.540745,0,11518582.997741,0,81913093.716523,29949346.020190,0,0,0,0,33771574.194080,2668619.972795,7329923.452317,39975.678473,0,557966.777651,5312097.405496,0,30619.953302,0,574611.489716,1322799.714565,5403862.496131,0,0,0,0,0,0,0,20621.046942,0.000100,0,0,699.694824,0,97967.207941,0,240109.481509,0,0,0,0,0,0,0,0,0,0,0,0,0,0,0,0,26.980371,0,0,0,0,2369603545.058484
2024-01-01,1945063797.243613,263664833.272923,0,287777835.225210,8926935.606954,735677.608222,544609.447498,12216762.279804,0,125507177.936724,15903340.331328,2530661.736395,0,10827013.122865,0,86802284.820344,59510724.763925,0,0,0,0,78747964.568512,5188347.837408,2219618.353169,92564.264226,0,11547982.306016,8090300.535755,0,19304.885859,0,80877.229904,1085570.318162,41860.758064,0,0,0,0,0,0,0,27838.474213,0,0,0.000100,0,5129.051853,284704.542551,0,99052.105606,0,0,0,0,0,0,0,0,0,0,0,0,0,22934.402653,0,0,160.175186,0,0,0,0,2927565863.205045
2024-02-01,2003400712.515766,325912315.097902,0,303073478.485801,30670700.590448,422339.235569,766790.983879,1675230.031314,0,85953052.991938,18223903.170116,1703445.677252,12021659.261278,13658043.082125,0,74089026.575274,99992225.863249,0,0,0,0,43958338.552602,6384213.390013,9221428.725618,25386.545198,0,8450660.129215,4638615.878309,0,1772.637243,0,143657.063066,2889750.063951,111493.998608,0,0,0,0,0,0,0,42102.981617,0,0,763962.362045,0,0,45086.631798,0,0,0,0,0,0,0,0,0,0,0,0,0,0,0,29037.747451,0,0,75.000000,0,0,0,0,3048268505.268646
2024-03-01,3417021641.728432,468881618.416071,0,624379553.469599,38105178.954141,1582435.042313,1870940.996191,30988053.701159,0,190529634.685407,24197251.848712,2010541.552637,42969815.594563,43848989.616888,0,137036481.934960,102409357.395157,0,0,0,0,58854246.765982,18203993.620712,8404029.038225,94073.727586,0,12184917.539566,26687604.467189,0,4028.324438,0,125939.908626,876122.800563,508971.241800,0,0,0,0,0,0,0,2602.042843,0,0,1489700.683467,0,1.777428,86366.238455,0,0,0,0,0,0,0,0,0,0,0,0,0,0,0,5972.532744,0,0,150.517100,0,0,0,0,5253360216.162952
2024-04-01,2203540068.920200,300242654.059501,0,589946140.106109,76806539.681616,756285.190468,1590767.484637,16462595.807675,0,154891521.708989,15338086.172373,633039.112949,43755810.137450,37658228.018920,0,48088847.690978,110399682.876108,0,0,0,0,38317424.506625,23597529.125513,3152328.633290,36031.165818,0,28767564.090505,22708375.556084,0,5850.723542,0,33977.910576,1212831.807081,202779.109024,0,0,0,0,0,0,0,3787.560000,0,0,898405.385566,0,0,68671.045638,0,0,0,0,0,0,0,0,0,0,0,0,0,0,0,18665.517227,0,0,115.612474,0,0,0,0,3719134604.716937
2024-05-01,3433615106.343477,259609660.632032,0,282614320.489795,45036771.148239,3738622.816052,3276719.501136,33056450.129814,0,111768620.889600,5554975.427705,605203.361698,91548040.352669,75713356.215485,0,30001418.234624,100234263.295553,0,0,0,0,29904550.432739,14158844.704510,2025519.799798,11665.038743,0,30544891.411432,39569645.421253,0,1655.538683,0,14037.136295,976705.925069,725223.187949,0,0,0,0,0,0,0,498.279035,0,0,970909.398418,0,0,12373.552172,0,0,0,0,0,0,0,0,0,0.998936,0,0,0,0,0,10942.751866,0,0,2863.288946,0,0,0,0,4595303855.703720
2024-06-01,2125301020.098772,142614682.922456,0,290457421.048575,62784415.075618,1615662.528598,1744100.340858,18224769.381668,0,115944915.869845,20954810.932217,244217.325173,76926861.587940,28946312.734666,0,30042655.208805,89406796.706324,0,0,0,0,13359971.582705,15443143.274862,5240409.706647,12466.989510,0,37977523.628770,29939293.657031,0,0,0,38237.936512,440768.264468,724976.394184,0,0,0,0,0,0,0,5170.584100,0,6101017.346228,1176848.543341,0,0,37993.764748,0,0,0,0,0,0,0,0,0,314776.841323,0,0,0,0,0,1083.000430,0,0,109.961100,0,0,0,0,3116022433.237477
2024-07-01,4096419078.102302,276584620.528841,0,322683924.021697,125019916.554282,364199.555313,1596855.594049,42516513.825723,0,208195938.060677,62548658.540208,856111.877077,100592440.294063,294828668.115653,0,12621113.084107,165649569.402963,0,0,0,0,6125056.460617,26465405.766393,948717.787071,3560.248930,0,11712100.867606,19238963.483013,0,0,0,7896.881996,725477.447685,16360.222892,0,0,0,0,0,0,0,15862.765000,0,7342014.549005,1212570.318359,20244.948236,0,28522.501975,0,0,0,0,0,0,0,0,0,1102291.688730,0,0,0,0,0,12327.621238,0,0,50.000000,0,0.100000,0,0,5785455031.215700
2024-08-01,4388471145.441375,207808728.031404,0,638626738.245796,136222193.884566,369866.909359,2190127.937241,38709153.299987,3915.751542,416026016.826811,80956590.935865,690205.823785,140763242.425644,481879134.034222,0,51304789.491274,38435143.363909,0,0,0,0,4863357.127351,18247847.325529,2447581.119144,4643.052914,0,17056072.867265,21975047.231757,0,0.199979,0,16440.784127,293811.469073,2511972.393413,0,0,0,0,0,0,0,2942.867900,0,3364520.531917,1025137.849557,0,0,50791.225904,0,0,6687482.332379,0,0,0,0,0,0,14222.776493,0,0,0,0,0,4002.661549,0,0,10.999659,0,0,0,0,6701022877.218692
2024-09-01,5842457922.861922,226096893.622571,0,429358069.213674,95134228.726446,160414.391702,2613403.666834,73887198.824834,1362976.900823,269373366.884389,102589146.570132,292271.109847,106952027.456252,163474429.295822,0,61092407.642634,17640800.893237,0,0,0,0,2272886.587960,22837163.126108,33777.015490,1031.583186,0,23379131.241025,10289705.243011,0,0,0,5430.264276,64659.376969,78183.259015,0,0,0,0,0,0,0,7385.929762,0,14207816.768043,714039.618945,0,0,10786.423260,0,0,2015265.300905,0,0,0,0,0,577472.055509,86472.428388,0,0,0,0,0,2486.238095,0,0,0,0,0,0,0,7469069250.521064
2024-10-01,13383097334.728445,232183811.427950,0,428394808.442434,177462615.162339,127479.152578,1171949.040500,117768490.068388,3136705.125122,371417107.145353,142189219.650148,1152072.283216,90933349.366562,112365090.552472,0,18521121.196341,32701525.458768,0,0,0,0,2692534.078624,15261361.040995,574979.099527,1336.567643,0,11474449.717209,7843449.009753,0,0,0,7252.832828,66926.662217,240806.868369,0,0,0,0,0,0,0,1449.834400,0,6729798.519998,648896.517253,0,0,10190.992019,0,0,257321.895459,0,0,0,0,0,656064.437952,71321.195633,0,0,0,0,0,1985.094589,0,0,0,0,0.034800,0,0,15159162803.199894
2024-11-01,12829422460.770258,304166866.898637,0,805023026.265760,342548782.656070,264221.989191,1014384.468759,67426516.915166,20582708.823557,547046767.975851,478863776.145384,5119845.387815,182798302.245413,251930143.552169,0,824555.629968,31173704.714918,0,0,0,0,4105128.715891,9679068.228073,123630.736272,16450.518011,0,24471317.039155,7992172.205039,0,1104.036633,0,40754.054914,225434.567123,2402826.516408,0,0,0,0,0,0,0,3129.493540,0,203036.081920,1786688.448940,0,0,86710.450135,0,0,267574.115538,0,0,0,0,0,178018.036272,8097.512491,0,0,0,0,0,5661.747383,0,0,6860.135858,0,0,0,0,15919809727.078516
2024-12-01,11412741092.304449,407119885.507886,0,1159566672.754155,1248442598.805814,638179.900617,2849641.111040,73322236.536051,56821806.182137,395912312.824805,522455984.875706,2783840.192868,254787269.310115,184603428.652600,0,2889529.890356,22915646.880392,0,0,0,0,4669560.377991,21003018.382908,630917.923366,118453.073116,0,7953480.564565,4250554.955353,0,0,0,41237.086794,246570.346838,655427.238888,0,0,0,0,0,0,0,2908.687114,0,51687.618670,1939523.441948,0,0,18500.725716,0,0,113804.860330,0,0,0.219370,0,0,3332.991022,138697.190025,0,0,0,0,0,1389.175886,0,0,1240.838110,0,0,0,0,15789690431.427000
2025-01-01,10382649368.204956,394815097.060797,0,724084832.726694,2255561344.582480,330457.488104,1937504.913816,54385594.165706,112520566.800554,782762825.274730,272644079.258553,3490115.515393,211511061.772962,114924329.501602,0,632790.370934,99926053.678822,0,0,0,0,1870624.022606,18966369.189509,6193.737620,485302.558865,0,12445424.694864,4779217.256530,0,0,0,18426.898030,264028.434691,731263.107693,0,0,0,0,0,1004578.402346,0,28387.710900,0,49158.769286,2429865.466306,0,0,45726.993831,19554.500000,0,54220.021650,0,0,808034.317575,0,0,329.990169,19144.469850,0,0,0,0,0,8481.806215,0,0,3935.766809,49.784136,0,0,0,15456214339.215586
2025-02-01,12799663041.327951,315852006.395392,0,923218023.271450,805792069.279928,132604.592344,1970266.984796,172395110.477131,104055457.111343,470390091.476115,123453729.778067,1813394.385268,243860987.066987,104411746.492901,0,1406229.861064,60577956.281565,0,0,0,0,1894523.992804,15050862.786873,178790.214031,23917.099662,0,9921265.026438,952651.266014,0,0,0,13042.147437,65856.771433,175901.646317,0,0,0,0,0,5887815.020158,0,300.600000,0,43206.721753,1513258.595850,0,0,10152.328715,26485.316222,0,54896.789971,0,1666828.308070,1515472.669988,0,0,22093.356575,0,0,0,0,0,0,0,0,0,0,30982.265394,0,0,0,16168041017.706007
2025-03-01,6005512709.942331,200223683.920220,0,527969239.774897,819381049.980831,223025.586345,45835932.921250,195846405.624135,287909943.374241,337708787.917875,34171181.738129,1912561.365602,252766424.404399,65683361.155531,0,1027776.243967,39864848.476926,0,0,0,0,1479902.106526,11297994.279554,0,146190.130502,0,1157250.712893,463792.375349,0,0,0,3381.110393,13968.841058,927019.859412,0,0,0,0,0,7695868.021683,0,15.706768,0,3590.976548,1550600.606246,0,0,7169.405648,19537.986504,0,102.102000,0,3724643.298743,1789962.804030,0,0,126031.258594,0,0,0,0,0,0,0,0,0,0,475.438358,0,0,0,8846444429.447491
2025-04-01,8143526684.865451,145435111.264879,0,176852936.993621,900935226.827908,43690.128755,64189340.187791,144746622.136256,166015550.441306,301388860.890404,47579987.702298,4591704.468346,134834169.120195,93523972.299115,0,793838.278837,5250458.387932,0,0,0,0,1121564.091399,9167264.210613,184.319863,2124.272113,0,85519.126313,260017.708563,0,0,0,9191.716192,6467.734751,1145910.803654,0,0,0,0,0,7777209.133267,0,255.847012,0,3211.857316,1747398.403557,0,0,1000.000000,27085.533340,0,0,0,2063.645728,364729.899781,0,0,211614.876925,0,0,0,0,0,0,0,0.166433,0,0,25.631024,0,0,0,10351640992.970938
2025-05-01,12535982783.307146,248774129.379077,0,326483988.188373,1237557244.907815,47778.459129,79555735.913116,217328392.162318,304048937.356111,318657667.690779,75615740.627541,3822655.197266,178685969.798544,281722787.068447,0,784646.535528,863268.575481,0,3529053.410877,0,33529510.312749,688678.503456,9162146.173899,0,1088.810917,15111813.302548,0,269511.100141,0,0,0,7520.421690,10402.955580,982627.823479,0,0,0,0,0,17398354.790203,0,999.792000,0,3471.466612,1391072.692132,0,0,5131.672504,8925.509873,0,0,0,15336.913445,254754.791433,0,0,30967.103451,0,0,0,0,0,0,0,16367.094792,0,0,443.110327,0,0,0,15892349902.918779
2025-06-01,10380841652.680979,217897694.986229,0,224686350.446313,794523797.467603,19082.313291,42007452.057512,323105075.921245,1115590653.549112,312853885.512421,164514171.692549,1305564.906136,146738505.361285,255267993.702593,0,294063.542545,347322.781684,0,13095288.215263,0,41427323.682288,718476.405267,9770427.309786,0,1089.254925,16598479.094030,0,156642.637363,0,0,0,9539.883789,934.214170,1584904.162992,0,0,0,0,0,3415544.004660,0,2559.520000,0,4715.888513,1036255.347152,0,0,7909.088300,1462597.538444,0,0,0,786.864500,104351.012420,0,0,18240.332156,0,0,0,0,0,0,0,43317.414458,0,0,0,0,0,0,14069452648.791973
2025-07-01,20832569620.945324,291709640.059120,510.472519,184469122.898908,1326653956.189180,51928.514139,18842986.252533,321641630.021552,1609069264.181323,488923672.310712,283249806.543911,1390807.217158,303375195.304624,277279336.702085,0,649531.778123,300339.243578,0,53849454.063913,0,39140125.646573,731067.937336,3684362.348954,0,131422.210718,28518695.397284,0,432807.537429,783589.903502,0,0,20203.994560,23227.898218,784268.283539,0,0,0,0,0,6649510.198967,0,9565.101685,0,15872.009019,3760291.741632,0,0,573.563280,1292299.369197,0,0,0,31193.949900,41405.065455,0,0,133.479363,0,0,0,0,0,0,0,14816.114693,0,6.083980,0,0,0,0,26080092240.533981
2025-08-01,25952442772.950684,266909965.993156,344382214.914789,302518862.790732,2111121132.933223,62460.546259,384468132.472282,167030418.394796,1444077509.397699,562211265.160667,624787749.065049,9224.400797,354187524.522299,216865419.676686,0,910496.193152,6336671.151576,0,89206767.853124,0,232398401.335652,405558.758884,6188377.933849,1.053719,50141.295875,73865569.296825,0,911402.155805,2538156.982118,0,0,21877.643597,3247.333864,171725.898203,0.999705,0,0,0,0,3801993.283463,0,21983.771256,0,378.914086,1779949.050309,0,0,59307.836533,1290225.667162,0,0,0,900.317272,31076.585778,0,0,2028.282349,0,0,0,0,0,0,0,26735.744288,0,13.005730,0,0,0,0,33151097641.563297
2025-09-01,25654134515.824726,241970103.607009,587304118.126560,560787122.360294,2113950758.871579,23055.139718,2899380928.300087,491193773.761751,2072656942.378623,903257761.844073,537215475.131401,1324139.799826,643419691.891455,206809796.414573,0,660020.703761,492512.831053,0,133520789.964052,0,27252148.153256,502127.545941,3376582.306425,1.948994,9755.419266,46842518.363228,0,910357.756484,1400965.455129,0,0,9507.761881,8506.745278,3018.488110,0,0,0,0,0,742674.411495,0,8247.879250,0,439.148989,1689824.264725,0,0,12923.312074,2546169.376163,0,0,0,110.994418,5887.716782,0,0,386.873905,0,0,0,0,0,0,0,3157.332957,0,0,0,0,0,0,37133426818.205284
2025-10-01,25233810820.073338,313491937.944196,491011264.708424,456309227.190280,2304345619.094738,19292.310424,4081607302.808136,765782450.802490,2903322430.590909,759640059.755735,247616924.044556,800380.376966,873370217.839653,174079770.970227,0,3962719.179095,100860.796409,177328276.580878,136646983.524973,0,28529810.284869,525816.779460,4538030.550725,5.105960,445.631951,23131505.480956,0,86362.738975,134116.682719,0,0,2791.895252,1656.691422,1997.796579,0,0,0,0,0,554534.425082,0,5580.274900,0,905.071487,2151187.053499,0,0,8300.590882,3638943.030590,0,0,0,9779.893863,24763.314698,0,0,611.046598,0,0,0,0,0,0,0,1126.170223,0,0,0,0,0,0,38986594809.102112
2025-11-01,12764001794.074038,210721706.290942,511687826.440012,1606393122.168413,2306044685.697799,2129.836192,2397567248.245798,510460479.917170,793863023.537528,516352493.844781,74804186.067646,767289.096815,416568052.266163,25010453.609399,0,4552592.659777,68722.426775,88663249.790826,33988240.004084,1473316.483327,22526124.830983,285673.918039,4579009.731615,0,2787.793522,21393365.024798,0,29341.527861,35302.633682,0,0,0,289.981223,11049.198747,0,0,0,0,0,641514.014638,0,3496.891380,0,2.021205,1162009.463409,0,0,8255.554163,204257.163070,0,0,0,2587.466633,6172.119833,0,0,20.006012,0,0,0,0,0,0,0,98.530288,0,0,0,0,0,0,22313881970.328579
2025-12-01,10017427726.416275,827777378.490437,398407554.614391,673212777.516234,1447981868.061700,26210.684719,601556118.311856,1212251987.974100,547904269.337178,551852749.812231,11773557.121854,2819670.418324,453382509.638010,53627496.481957,0,3880227.729307,71218.701411,83029397.015021,32583885.672231,19390409.961756,37081434.652252,150259.969118,1000295.057142,0,1940.227549,5230042.143022,0,7018.510913,10017.079326,0,0,0,536.655093,0.724269,0,0,0,0,0,305434.623558,0,19492.108020,0,0,1002390.547618,0,0,49226.029947,0,0,0,0,0,89.993493,0,0,4.998979,0,0,0,0,0,0,0,0.100033,0,0,0,0,0,0,16983815197.379328
2026-01-01,11703495573.850599,120409913.227079,841220145.297379,308185825.769409,1847465726.942525,159.411993,212262090.219583,497177202.538296,176886217.142443,566639213.900235,16807051.816032,1380606.201606,390556207.525173,5448801.826263,0,61266.976115,40305.066955,221297147.724008,60821895.382884,218243839.981069,20238762.842765,109569.087571,1302811.348178,315.021112,5958.724909,10784473.124591,0,16967.656953,26873099.875604,0,0,0,403.054080,0,0,0,0,3314131.335378,0,211905.792684,0,0,0,0,738761.013385,0,0,7551.424511,0,0,0,0,0,834.082777,0,0,0,0,0,0,0,0,0,0,3.356955,0,0,0,0,0,0,17252004738.541100
2026-02-01,9941244113.065332,121981784.142399,442356913.969921,975213053.448708,1789198180.989530,384.952628,700856112.454916,908123243.607821,123521882.593233,684079189.739299,9111730.265772,0,495141647.853312,56158997.055114,0,1161026.244038,196386.542840,137713531.806041,38769817.086181,175890935.230501,17810741.038632,51205.070607,1047906.112015,0,3248.693143,9750949.541086,0,23193.837267,39383317.824391,0,0,0,60.011683,0,0,0,0,12972752.481194,0,235984.473453,0,0,0,0,0,0,0,15598.616031,0,0,0,0,0,0,0,0,0,0,0,0,0,0,0,0,0,0,0,0,0,0,0,16682013888.747089
2026-03-01,10338051363.754032,66500210.232749,1815893167.554294,1058584620.058062,2813177967.139638,54037.725802,586793275.965714,1124833900.543800,170148352.915644,696820764.394983,10731705.820721,3199.516160,355452800.024203,4293964.310774,0,394337.878847,100899.985953,97018187.062011,31703686.094975,93224440.852005,14588882.677046,35752.035928,1199957.714693,0,45.089300,5029299.207938,0,5689.424024,6598816.713855,0,0,0,0.633246,0,0,0,0,10786411.924087,0,1718604.458804,0,0,0,0,0,0,0,1717.549420,0,0,0,0,0,0,0,0,443.597540,0,0,0,0,0,45917.094933,0,0,0,0,0,0,0,0,19303792419.951176
2026-04-01,6485065681.061363,97183279.995287,2451045283.019996,1726007611.672423,2180928632.215370,3603.996382,1897686372.293701,1974409799.361577,607410194.068074,501170137.081822,69330652.009293,499.844285,181259476.961716,3677650.346684,0,247387.026801,46535.326211,56941329.900638,35584623.449269,171180163.799143,15178909.508214,119986.171546,1624066.352201,0,1602.057876,2411655.767231,0,317.112113,47786856.434821,0,0,0,0,0.000002,0,0,0,710802.778788,0,0,0,1999.796280,0,0,0,0,0,4257.755878,0,0,0,0,0,0,0,0,0,0,0,0,0,0,18539.762059,0,0,0,0,0,0,0,0,18507037906.927044
2026-05-01,3510308661.957869,77178376.440826,1712388623.995458,1464501031.243385,1416944282.963403,0,1455110089.922579,865266686.924294,745740417.164933,502127807.392278,128999236.676283,1399.173020,220998953.752178,59436181.758732,0,166840.039565,1399.422780,20846511.441827,44608434.841691,88329359.234474,13837864.404957,58425.656883,335609.597550,21.124489,0,1499680.379444,0,10.781398,10872414.936061,0,0,0,4.065500,0,0,0,0,5461142.682944,0,23105.524278,0,11996.255656,0,0,0,74822.874375,0,1.409461,0,0,0,0,7.207070,0,0,0,0,0,0,0,0,0,64854.801992,0,0,0,0,0,0,0,0,12345194256.047630
2026-06-01,3899875637.867183,104855310.475096,859672507.162902,394614090.922578,1736854128.970734,0,790814141.448957,1113011712.265909,385759816.054456,445070327.251809,201410413.502394,1349.384940,195472288.136542,16501528.254260,0,0,77794.016646,95753167.538530,81075874.939061,28083332.062164,21790914.731071,143249.135199,582089.565217,0,4.321342,0,0,344.443394,42405316.534726,0,0,0,0,0,0,0,0,711994.870615,0,58169.873068,0,249.496950,0,0,0,8.989770,0,9.407915,0,0,0,0,0,0,0,0,0,0,0,0,0,10.320602,6848.080640,0,0,0,0,0,0,0,0,10414602630.024668
2026-07-01,4222936793.829148,83358528.258013,4956081381.079005,680905088.823821,1519035041.771257,0,883243018.255799,969125069.373398,185096579.200143,280173346.612549,11078159.631348,2001.280000,142717528.015986,14059745.798336,0,0,13598.621910,18466550.335720,67997178.222997,11688732.780211,10069673.823400,32308.902454,720685.962948,3.217427,1.500419,0,0,134.644101,10951305.575136,0,0,0,13.111819,0,0,0,0,2406840.025496,0,18607.720446,0,4998.871650,0,0,0,0,0,67.304913,0,0,0,0,0,0,0,0,0,0,0,0,0,30385.032920,0,0,0,0,0,0,0,0,0,14070213367.582771
2026-08-01,3786657245.185324,53751123.713366,9879241168.160490,1989060747.645036,1785895769.359403,0,362535844.687497,496136752.669005,323609928.807991,424345637.830060,29417358.525226,2499.818250,42771975.141367,3961087.438951,0,0,48987.936650,41277470.897241,46634103.951694,6048643.894397,14997595.655191,0,13966.402090,0,0,0,0,490.346135,9302062.384424,0,0,0,4.496263,0,0,0,0,24069993.818180,0,7272.553658,0,1971.900460,289.972058,0,0,0,0,5467.794358,0,0,0,0,0,0,0,1424882.225590,0,0,0,0,0,54356.784870,0,0,0,0,0,0,0,0,0,19321274699.995213
2026-09-01,3527469977.990039,44659173.001568,22812680551.795506,120994990.938667,946311830.131265,0,314206703.192953,256051140.709310,37938613.057462,468740168.281358,15635569.076104,6120.128102,28517343.255946,23269.619711,0,0,0,26104513.799197,55621398.360811,4059096.054048,3966788.301045,0,407458.783036,0,0,0,0,253.799269,1223181.572595,0,0,0,21.092209,0.499820,0,0,0,18632636.650964,0,2844.584565,0,3.374548,0,0,0,0,0,814.241504,0,0,0,0,0,0,0,1137977.443164,0,0,0,0,0,61430.654845,0,0,0,0,0,0,0,0,150.474964,28684454020.864571
