CHAIN,a. < $100,b. $100 - $1k,c. $1k - $10k,d. $10k - $100k,e. $100k - $1M,f. $1M - $10M,g. > $10M,total
solana,6463158783.000000,1941023455.000000,917261453.000000,443341571.000000,73993459.000000,7050117.000000,3520340.000000,9849349178.000000
bsc,5703425013.000000,2159926674.000000,1153599485.000000,64901977.000000,5626640.000000,1466293.000000,128420.000000,9089074502.000000
polygon,3990778568.000000,525782689.000000,130862030.000000,16609977.000000,2704061.000000,394411.000000,4681.000000,4667136417.000000
tron,1335609197.000000,1240168265.000000,830489800.000000,230877834.000000,38684537.000000,2762552.000000,107098.000000,3678699283.000000
celo,3297342942.000000,15861591.000000,1501232.000000,1047004.000000,99192.000000,1477.000000,91.000000,3315853529.000000
base,1362040188.000000,358104433.000000,156562406.000000,70721822.000000,62348537.000000,9795657.000000,154846.000000,2019727889.000000
arbitrum,663249554.000000,328662075.000000,179394160.000000,27143332.000000,3218288.000000,258822.000000,6450.000000,1201932681.000000
ethereum,448029995.000000,266256291.000000,199727129.000000,81022508.000000,26801344.000000,5174240.000000,705987.000000,1027717494.000000
aptos,635364145.000000,239849441.000000,103570165.000000,5243476.000000,513715.000000,38951.000000,3144.000000,984583037.000000
optimism,399089598.000000,101327408.000000,97821844.000000,45406386.000000,5130621.000000,29474.000000,591.000000,648805922.000000
avalanche,372480803.000000,68581750.000000,45200091.000000,12359295.000000,2605542.000000,314934.000000,8575.000000,501550990.000000
stellar,318067853.000000,25997711.000000,4088073.000000,251320.000000,49017.000000,18104.000000,791.000000,348472869.000000
worldchain,164065582.000000,2521999.000000,428780.000000,119589.000000,7227.000000,997.000000,5.000000,167144179.000000
sui,88200038.000000,47787695.000000,13987870.000000,1344814.000000,202978.000000,12514.000000,841.000000,151536750.000000
x_layer,64279934.000000,37154649.000000,1702956.000000,194125.000000,22745.000000,5369.000000,751.000000,103360529.000000
monad,45749434.000000,28184474.000000,14097317.000000,15019313.000000,165185.000000,16906.000000,168.000000,103232797.000000
hyperevm,46830888.000000,35782764.000000,15437718.000000,2514763.000000,392232.000000,36606.000000,1230.000000,100996201.000000
ton,51810956.000000,18902681.000000,5869640.000000,797013.000000,71077.000000,8830.000000,876.000000,77461073.000000
plasma,25452533.000000,8603317.000000,3657424.000000,1231301.000000,258629.000000,55190.000000,3981.000000,39262375.000000
stable,7698503.000000,615214.000000,76484.000000,8372.000000,3422.000000,381.000000,41.000000,8402417.000000
linea,2652582.000000,1921880.000000,412909.000000,137092.000000,10275.000000,1335.000000,0,5136073.000000
codex,4090.000000,1559.000000,420.000000,170.000000,655.000000,1602.000000,20.000000,8516.000000
