day,payments,infra_automation,dust,defi,unclassified,investment_trade,store_of_value,short_term_pair,total
2020-01-01,335407.000000,208823.000000,4735.000000,2788.000000,15911.000000,1345.000000,10553.000000,18925.000000,598487.000000
2020-02-01,430378.000000,250001.000000,6878.000000,4620.000000,22047.000000,1412.000000,10610.000000,19840.000000,745786.000000
2020-03-01,591467.000000,439611.000000,4606.000000,4996.000000,30793.000000,2354.000000,20984.000000,36384.000000,1131195.000000
2020-04-01,899243.000000,685743.000000,6446.000000,3395.000000,44307.000000,3422.000000,31529.000000,47070.000000,1721155.000000
2020-05-01,1208210.000000,900487.000000,6715.000000,4583.000000,62975.000000,4420.000000,39375.000000,55022.000000,2281787.000000
2020-06-01,1266892.000000,995416.000000,9556.000000,24034.000000,69594.000000,47374.000000,47668.000000,58895.000000,2519429.000000
2020-07-01,1169837.000000,832387.000000,5501.000000,15030.000000,81349.000000,9554.000000,59692.000000,55447.000000,2228797.000000
2020-08-01,1007982.000000,855182.000000,6272.000000,12303.000000,67092.000000,10627.000000,66560.000000,43313.000000,2069331.000000
2020-09-01,1286166.000000,932818.000000,36867.000000,17878.000000,132318.000000,12328.000000,77115.000000,41002.000000,2536492.000000
2020-10-01,2370759.000000,1046635.000000,17753.000000,87375.000000,413458.000000,20245.000000,84926.000000,65187.000000,4106338.000000
2020-11-01,2145115.000000,875928.000000,17370.000000,138696.000000,349989.000000,16041.000000,95393.000000,72038.000000,3710570.000000
2020-12-01,1947649.000000,900490.000000,19856.000000,73988.000000,177543.000000,19562.000000,111210.000000,86899.000000,3337197.000000
2021-01-01,2345462.000000,1129743.000000,71236.000000,45346.000000,163012.000000,21539.000000,122217.000000,72287.000000,3970842.000000
2021-02-01,3689608.000000,1204836.000000,148625.000000,91193.000000,88482.000000,19222.000000,93420.000000,38131.000000,5373517.000000
2021-03-01,2282921.000000,1816055.000000,23288.000000,96812.000000,96189.000000,33138.000000,137409.000000,57874.000000,4543686.000000
2021-04-01,2232390.000000,2416084.000000,27114.000000,247994.000000,109341.000000,25548.000000,156679.000000,70119.000000,5285269.000000
2021-05-01,2235039.000000,2503028.000000,91791.000000,353195.000000,117697.000000,27423.000000,168585.000000,58434.000000,5555192.000000
2021-06-01,2572473.000000,2607600.000000,39214.000000,430031.000000,143354.000000,27967.000000,184673.000000,76124.000000,6081436.000000
2021-07-01,3051401.000000,2766702.000000,59789.000000,312319.000000,161983.000000,30890.000000,212943.000000,74760.000000,6670787.000000
2021-08-01,3795446.000000,3277196.000000,139964.000000,413669.000000,186073.000000,43100.000000,249163.000000,87336.000000,8191947.000000
2021-09-01,4050914.000000,4035385.000000,96955.000000,639158.000000,190161.000000,63475.000000,259965.000000,94263.000000,9430276.000000
2021-10-01,4601286.000000,4582607.000000,112719.000000,966405.000000,216466.000000,36253.000000,289077.000000,133478.000000,10938291.000000
2021-11-01,4927451.000000,5034572.000000,173507.000000,1638480.000000,240192.000000,40303.000000,319543.000000,81438.000000,12455486.000000
2021-12-01,4940609.000000,5009898.000000,146547.000000,1738532.000000,239476.000000,44276.000000,312633.000000,78524.000000,12510495.000000
2022-01-01,5232119.000000,4672653.000000,243002.000000,2046480.000000,226693.000000,34703.000000,307593.000000,53212.000000,12816455.000000
2022-02-01,5321883.000000,4424724.000000,257013.000000,2071874.000000,207974.000000,30683.000000,274971.000000,69169.000000,12658291.000000
2022-03-01,7211399.000000,4825840.000000,372426.000000,1843533.000000,311123.000000,51480.000000,376531.000000,73618.000000,15065950.000000
2022-04-01,7948235.000000,5432219.000000,248310.000000,1850494.000000,339368.000000,97812.000000,430536.000000,90727.000000,16437701.000000
2022-05-01,8736238.000000,5893400.000000,273227.000000,2949625.000000,349719.000000,78675.000000,448686.000000,87823.000000,18817393.000000
2022-06-01,9654215.000000,5616762.000000,243071.000000,2331550.000000,350080.000000,57618.000000,436701.000000,78260.000000,18768257.000000
2022-07-01,10482529.000000,6006777.000000,254524.000000,1572847.000000,419343.000000,50513.000000,464142.000000,101757.000000,19352432.000000
2022-08-01,10226528.000000,5734569.000000,290987.000000,1421712.000000,467539.000000,50743.000000,518269.000000,104148.000000,18814495.000000
2022-09-01,10054708.000000,5566512.000000,425694.000000,1498903.000000,470054.000000,52728.000000,474355.000000,79984.000000,18622938.000000
2022-10-01,12381378.000000,6711594.000000,6295659.000000,1149497.000000,477616.000000,47437.000000,468150.000000,91583.000000,27622914.000000
2022-11-01,14954278.000000,8241209.000000,12426710.000000,1476530.000000,530860.000000,90485.000000,535553.000000,138285.000000,38393910.000000
2022-12-01,11529622.000000,6623906.000000,20955218.000000,1143473.000000,548971.000000,62117.000000,546749.000000,107374.000000,41517430.000000
2023-01-01,12338364.000000,7505638.000000,16570412.000000,1300386.000000,438464.000000,55606.000000,465558.000000,90882.000000,38765310.000000
2023-02-01,12025190.000000,6861373.000000,9092366.000000,1038584.000000,492936.000000,57514.000000,494678.000000,103594.000000,30166235.000000
2023-03-01,14529317.000000,8299090.000000,8630145.000000,1410787.000000,666325.000000,74217.000000,623142.000000,200373.000000,34433396.000000
2023-04-01,15570239.000000,8994114.000000,11590444.000000,1110716.000000,625651.000000,68787.000000,633300.000000,252892.000000,38846143.000000
2023-05-01,17043864.000000,10423449.000000,14666579.000000,1079023.000000,711454.000000,77775.000000,658113.000000,299327.000000,44959584.000000
2023-06-01,16018963.000000,9134495.000000,9159254.000000,1172401.000000,691069.000000,79441.000000,592074.000000,113771.000000,36961468.000000
2023-07-01,13852814.000000,9397255.000000,7966588.000000,1463604.000000,720606.000000,78757.000000,626423.000000,131269.000000,34237316.000000
2023-08-01,15538441.000000,9803116.000000,8328626.000000,1253086.000000,718517.000000,175953.000000,604422.000000,121464.000000,36543625.000000
2023-09-01,17521127.000000,9569321.000000,8202981.000000,1015148.000000,797823.000000,74131.000000,587780.000000,111582.000000,37879893.000000
2023-10-01,17721613.000000,9650937.000000,6529479.000000,1171081.000000,820482.000000,82886.000000,658966.000000,106977.000000,36742421.000000
2023-11-01,15611464.000000,8557579.000000,5473372.000000,2205256.000000,828122.000000,101198.000000,675703.000000,115974.000000,33568668.000000
2023-12-01,14195732.000000,8506897.000000,6267493.000000,3860681.000000,919085.000000,118125.000000,702310.000000,112005.000000,34682328.000000
2024-01-01,13768109.000000,8934543.000000,6943578.000000,4006381.000000,946236.000000,254403.000000,717334.000000,112794.000000,35683378.000000
2024-02-01,12302238.000000,9315298.000000,4385536.000000,4156678.000000,844641.000000,490877.000000,598085.000000,174033.000000,32267386.000000
2024-03-01,16092254.000000,10818989.000000,5309457.000000,6321383.000000,1068667.000000,722746.000000,816723.000000,247852.000000,41398071.000000
2024-04-01,15829458.000000,11068163.000000,4202752.000000,5295625.000000,1042792.000000,939851.000000,809809.000000,200336.000000,39388786.000000
2024-05-01,20021719.000000,12027564.000000,3315979.000000,5083830.000000,1131787.000000,1682618.000000,798334.000000,148117.000000,44209948.000000
2024-06-01,20489543.000000,12626450.000000,5989299.000000,5285413.000000,1259915.000000,1828150.000000,798556.000000,123170.000000,48400496.000000
2024-07-01,21695122.000000,12069812.000000,7915491.000000,6413558.000000,1402780.000000,1878589.000000,909527.000000,132624.000000,52417503.000000
2024-08-01,22155151.000000,12898389.000000,7513357.000000,6354919.000000,1486840.000000,1820137.000000,937230.000000,129371.000000,53295394.000000
2024-09-01,23942579.000000,14067060.000000,13262487.000000,5324842.000000,1474603.000000,1707836.000000,924595.000000,158737.000000,60862739.000000
2024-10-01,25727202.000000,14816350.000000,13124492.000000,4793455.000000,1592564.000000,1852857.000000,994143.000000,184442.000000,63085505.000000
2024-11-01,23907967.000000,15917590.000000,11640837.000000,6709628.000000,1536419.000000,1955241.000000,1096281.000000,174142.000000,62938105.000000
2024-12-01,24066198.000000,17991431.000000,7798127.000000,6029760.000000,1641996.000000,2066714.000000,1120713.000000,196931.000000,60911870.000000
2025-01-01,23942599.000000,17443453.000000,8864483.000000,8066538.000000,1504554.000000,1845922.000000,1009839.000000,212079.000000,62889467.000000
2025-02-01,22341891.000000,16500946.000000,6232080.000000,5914768.000000,1500775.000000,1680401.000000,951694.000000,192674.000000,55315229.000000
2025-03-01,28354636.000000,21382485.000000,5129032.000000,5261617.000000,2181630.000000,1940050.000000,1089716.000000,229626.000000,65568792.000000
2025-04-01,26643306.000000,18498151.000000,4059760.000000,5067691.000000,3350572.000000,1960393.000000,1138049.000000,244944.000000,60962866.000000
2025-05-01,27984920.000000,22265649.000000,6135772.000000,6484315.000000,5202139.000000,2179909.000000,1291302.000000,438425.000000,71982431.000000
2025-06-01,29711567.000000,20908808.000000,14762512.000000,6343425.000000,2735089.000000,2136386.000000,1294586.000000,1245969.000000,79138342.000000
2025-07-01,32654338.000000,21905600.000000,28111178.000000,9771336.000000,2429530.000000,2042199.000000,1346649.000000,582496.000000,98843326.000000
2025-08-01,31188781.000000,23351451.000000,19999959.000000,9752131.000000,2509215.000000,1940785.000000,1295680.000000,475932.000000,90513934.000000
2025-09-01,33419567.000000,25719026.000000,9815324.000000,11119310.000000,2544273.000000,2132488.000000,1445954.000000,478005.000000,86673947.000000
2025-10-01,38330162.000000,28483917.000000,8813995.000000,15267927.000000,2691117.000000,2227151.000000,1567662.000000,565051.000000,97946982.000000
2025-11-01,39640669.000000,30613636.000000,15740789.000000,13836395.000000,2864818.000000,2074117.000000,1371383.000000,488244.000000,106630051.000000
2025-12-01,42307506.000000,33431041.000000,20177758.000000,12164435.000000,3110215.000000,2211517.000000,1477816.000000,514232.000000,115394520.000000
2026-01-01,40952705.000000,35394395.000000,24622023.000000,14693378.000000,3039113.000000,2048786.000000,1373735.000000,530718.000000,122654853.000000
2026-02-01,36979171.000000,32482804.000000,31881034.000000,11871313.000000,2526685.000000,1859045.000000,1189894.000000,423679.000000,119213625.000000
2026-03-01,45254472.000000,37971879.000000,35572528.000000,12568105.000000,3171701.000000,2110656.000000,1380825.000000,564450.000000,138594616.000000
2026-04-01,47598296.000000,37035444.000000,32758531.000000,11786186.000000,3369595.000000,2238153.000000,1462914.000000,500813.000000,136749932.000000
2026-05-01,50157838.000000,34795622.000000,28569712.000000,12484432.000000,3588089.000000,2222462.000000,1342353.000000,577939.000000,133738447.000000
2026-06-01,51379512.000000,34952368.000000,16194022.000000,14068718.000000,3703974.000000,2153192.000000,1471966.000000,647452.000000,124571204.000000
2026-07-01,55967581.000000,40650027.000000,15091612.000000,12816017.000000,3000208.000000,2336454.000000,1428088.000000,774814.000000,132064801.000000
2026-08-01,61175171.000000,49734462.000000,19353745.000000,18853615.000000,3208669.000000,2348358.000000,1252909.000000,861389.000000,156788318.000000
2026-09-01,42630204.000000,39822126.000000,17458566.000000,14400748.000000,2850776.000000,1696758.000000,744394.000000,584617.000000,120188189.000000
