day,Other (Adjusted),Centralized Exchange,Decentralized Exchange,Other Categorized,total
2017-11-01,3.000000,4.000000,0,0,7.000000
2017-12-01,18.000000,5.000000,0,0,23.000000
2018-01-01,135.000000,202.000000,0,0,337.000000
2018-02-01,381.000000,604.000000,0,0,985.000000
2018-03-01,518.000000,572.000000,0,0,1090.000000
2018-04-01,1093.000000,1083.000000,0,0,2176.000000
2018-05-01,1623.000000,1015.000000,0,0,2638.000000
2018-06-01,1619.000000,899.000000,0,0,2518.000000
2018-07-01,2383.000000,839.000000,0,0,3222.000000
2018-08-01,1708.000000,872.000000,0,0,2580.000000
2018-09-01,4009.000000,1117.000000,0,0,5126.000000
2018-10-01,5846.000000,2917.000000,29.000000,1.000000,8793.000000
2018-11-01,21480.000000,9403.000000,16.000000,1.000000,30900.000000
2018-12-01,36218.000000,12380.000000,41.000000,7.000000,48646.000000
2019-01-01,41118.000000,12564.000000,85.000000,14.000000,53781.000000
2019-02-01,38979.000000,11338.000000,63.000000,189.000000,50569.000000
2019-03-01,44115.000000,13905.000000,22.000000,513.000000,58555.000000
2019-04-01,78285.000000,39374.000000,144.000000,748.000000,118551.000000
2019-05-01,160167.000000,79308.000000,137.000000,2084.000000,241696.000000
2019-06-01,300505.000000,166586.000000,152.000000,4029.000000,471272.000000
2019-07-01,515524.000000,376552.000000,365.000000,7437.000000,899878.000000
2019-08-01,1372156.000000,679756.000000,652.000000,21326.000000,2073890.000000
2019-09-01,2768782.000000,733175.000000,1110.000000,15958.000000,3519025.000000
2019-10-01,1393528.000000,662997.000000,907.000000,10282.000000,2067714.000000
2019-11-01,1473537.000000,780344.000000,1263.000000,11447.000000,2266591.000000
2019-12-01,1250133.000000,753796.000000,1649.000000,10693.000000,2016271.000000
2020-01-01,1191957.000000,622050.000000,3056.000000,12688.000000,1829751.000000
2020-02-01,1523861.000000,964633.000000,4700.000000,22481.000000,2515675.000000
2020-03-01,2124684.000000,1269388.000000,10061.000000,40605.000000,3444738.000000
2020-04-01,2672829.000000,1377347.000000,8156.000000,40100.000000,4098432.000000
2020-05-01,3454986.000000,1712150.000000,8244.000000,32323.000000,5207703.000000
2020-06-01,4321908.000000,1971280.000000,23250.000000,39120.000000,6355558.000000
2020-07-01,4365739.000000,2192128.000000,50976.000000,40741.000000,6649584.000000
2020-08-01,4501969.000000,3080238.000000,163381.000000,40802.000000,7786390.000000
2020-09-01,5181684.000000,2914770.000000,946305.000000,69803.000000,9112562.000000
2020-10-01,7238901.000000,2632633.000000,566736.000000,79088.000000,10517358.000000
2020-11-01,7148764.000000,3014293.000000,378941.000000,87059.000000,10629057.000000
2020-12-01,6852729.000000,3304340.000000,443704.000000,84047.000000,10684820.000000
2021-01-01,7813483.000000,4094950.000000,602238.000000,120685.000000,12631356.000000
2021-02-01,9884980.000000,5582250.000000,497880.000000,158695.000000,16123805.000000
2021-03-01,11041502.000000,6971834.000000,561002.000000,142288.000000,18716626.000000
2021-04-01,14473040.000000,8945748.000000,777417.000000,300980.000000,24497185.000000
2021-05-01,19546904.000000,12082731.000000,891038.000000,506927.000000,33027600.000000
2021-06-01,16692812.000000,6657273.000000,1017841.000000,552041.000000,24919967.000000
2021-07-01,15814408.000000,6196932.000000,1040014.000000,358255.000000,23409609.000000
2021-08-01,19356482.000000,8387292.000000,1226248.000000,354408.000000,29324430.000000
2021-09-01,22065875.000000,9176822.000000,1888414.000000,504273.000000,33635384.000000
2021-10-01,25619531.000000,11731023.000000,2416991.000000,838099.000000,40605644.000000
2021-11-01,32075490.000000,16092861.000000,2287673.000000,840076.000000,51296100.000000
2021-12-01,28966704.000000,13799161.000000,2138234.000000,854216.000000,45758315.000000
2022-01-01,26954614.000000,12488938.000000,1309188.000000,475699.000000,41228439.000000
2022-02-01,25643038.000000,10617843.000000,1303105.000000,409045.000000,37973031.000000
2022-03-01,29671985.000000,11562267.000000,1310982.000000,435262.000000,42980496.000000
2022-04-01,33282633.000000,12646609.000000,1294389.000000,445194.000000,47668825.000000
2022-05-01,37523112.000000,13944356.000000,2068901.000000,718986.000000,54255355.000000
2022-06-01,33557423.000000,11492941.000000,1999728.000000,580335.000000,47630427.000000
2022-07-01,33542296.000000,10781163.000000,1861532.000000,488550.000000,46673541.000000
2022-08-01,33905819.000000,10872195.000000,1754709.000000,519696.000000,47052419.000000
2022-09-01,33179385.000000,10848929.000000,2051652.000000,538658.000000,46618624.000000
2022-10-01,41480746.000000,11046646.000000,1931435.000000,619320.000000,55078147.000000
2022-11-01,57171461.000000,11571510.000000,3183216.000000,1235765.000000,73161952.000000
2022-12-01,62513088.000000,10244324.000000,1937221.000000,1365659.000000,76060292.000000
2023-01-01,56478764.000000,10731370.000000,2274040.000000,1128694.000000,70612868.000000
2023-02-01,46101316.000000,11574069.000000,2366207.000000,680353.000000,60721945.000000
2023-03-01,53151985.000000,14034458.000000,3029178.000000,842445.000000,71058066.000000
2023-04-01,59015454.000000,14726903.000000,3161613.000000,924192.000000,77828162.000000
2023-05-01,67004631.000000,15115824.000000,3202420.000000,872533.000000,86195408.000000
2023-06-01,57511981.000000,13704495.000000,3861884.000000,851133.000000,75929493.000000
2023-07-01,56211224.000000,14826469.000000,3796045.000000,1076329.000000,75910067.000000
2023-08-01,56671193.000000,14775038.000000,3265505.000000,687637.000000,75399373.000000
2023-09-01,55162433.000000,13946975.000000,2248271.000000,638226.000000,71995905.000000
2023-10-01,54488503.000000,15758300.000000,2950758.000000,811323.000000,74008884.000000
2023-11-01,52325522.000000,18259203.000000,3954710.000000,841159.000000,75380594.000000
2023-12-01,57446630.000000,21003260.000000,4446411.000000,1125680.000000,84021981.000000
2024-01-01,57347295.000000,20036037.000000,4770193.000000,1407447.000000,83560972.000000
2024-02-01,52636147.000000,20406198.000000,3931741.000000,1431738.000000,78405824.000000
2024-03-01,72873295.000000,29749360.000000,7204819.000000,1946606.000000,111774080.000000
2024-04-01,69227342.000000,24984139.000000,8405755.000000,2358292.000000,104975528.000000
2024-05-01,68590872.000000,24205739.000000,6482905.000000,1738893.000000,101018409.000000
2024-06-01,71196490.000000,22830648.000000,5443730.000000,1896671.000000,101367539.000000
2024-07-01,74816255.000000,21405211.000000,6982679.000000,2355886.000000,105560031.000000
2024-08-01,74107196.000000,22551502.000000,8543172.000000,2474024.000000,107675894.000000
