day,USDT,USDC,FDUSD,USDP,PYUSD,EURC,USDG,RLUSD,EURS,USDTB,USDH,MUSD,EURCV,total
2017-11-01,260.000000,0,0,0,0,0,0,0,0,0,0,0,0,260.000000
2017-12-01,684.485843,0,0,0,0,0,0,0,0,0,0,0,0,684.485843
2018-01-01,52335345.866474,0,0,0,0,0,0,0,0,0,0,0,0,52335345.866474
2018-02-01,58406927.054348,0,0,0,0,0,0,0,0,0,0,0,0,58406927.054348
2018-03-01,51553651.455396,0,0,0,0,0,0,0,0,0,0,0,0,51553651.455396
2018-04-01,71260810.043289,0,0,0,0,0,0,0,0,0,0,0,0,71260810.043289
2018-05-01,54755271.463491,0,0,0,0,0,0,0,0,0,0,0,0,54755271.463491
2018-06-01,66846645.477488,0,0,0,0,0,0,0,172168.265811,0,0,0,0,67018813.743299
2018-07-01,56410931.644517,0,0,0,0,0,0,0,1584280.552372,0,0,0,0,57995212.196889
2018-08-01,38299123.434722,0,0,0,0,0,0,0,277386.388414,0,0,0,0,38576509.823136
2018-09-01,35749122.926222,3223027.249536,0,27859903.815127,0,0,0,0,649303.002982,0,0,0,0,67481356.993867
2018-10-01,65205068.093941,136975119.979356,0,228906920.563220,0,0,0,0,2444590.594415,0,0,0,0,433531699.230933
2018-11-01,35762345.904514,251538952.871368,0,561663384.950205,0,0,0,0,4271317.733861,0,0,0,0,853236001.459948
2018-12-01,133131085.698809,521925752.337333,0,587753260.363574,0,0,0,0,17640111.694902,0,0,0,0,1260450210.094618
2019-01-01,29533959.615850,1280411132.598962,0,341908229.439437,0,0,0,0,15308241.677371,0,0,0,0,1667161563.331620
2019-02-01,61645858.531218,568361956.611902,0,197051527.122827,0,0,0,0,5428915.088811,0,0,0,0,832488257.354759
2019-03-01,166030352.799329,308793151.401157,0,170030518.828535,0,0,0,0,3880820.593868,0,0,0,0,648734843.622889
2019-04-01,1498678390.899671,722020593.597132,0,381264326.111055,0,0,0,0,9334136.506836,0,0,0,0,2611297447.114695
2019-05-01,2243608239.669914,908345402.739832,0,640083406.701290,0,0,0,0,3596744.341646,0,0,0,0,3795633793.452682
2019-06-01,3331076144.170842,1110577588.015914,0,788718513.526471,0,0,0,0,4707490.979329,0,0,0,0,5235079736.692555
2019-07-01,12895909032.181707,1512611314.010276,0,800995141.449526,0,0,0,0,4972816.542288,0,0,0,0,15214488304.183796
2019-08-01,9863274153.755932,1263122150.270171,0,685088590.371125,0,0,0,0,6398663.956846,0,0,0,0,11817883558.354074
2019-09-01,12004864793.057171,1359295942.346512,0,490771263.976354,0,0,0,0,2679705.547382,0,0,0,0,13857611704.927420
2019-10-01,16006338024.849403,1517535011.307315,0,490835667.440909,0,0,0,0,3301574.220149,0,0,0,0,18018010277.817780
2019-11-01,15128939922.374016,1448506464.759980,0,529352914.808937,0,0,0,0,5517313.935827,0,0,0,0,17112316615.878759
2019-12-01,13235332910.191439,1375109578.079145,0,447392335.106798,0,0,0,0,2501788.638649,0,0,0,0,15060336612.016031
2020-01-01,12117117038.745434,1922833549.757770,0,689965998.198112,0,0,0,0,1526515.871080,0,0,0,0,14731443102.572397
2020-02-01,15919894642.948149,1688978153.414875,0,525570718.117746,0,0,0,0,1897775.435377,0,0,0,0,18136341289.916145
2020-03-01,22154018326.372910,3692057089.268240,0,941692857.658212,0,0,0,0,4377835.701840,0,0,0,0,26792146109.001202
2020-04-01,21811269727.932938,2270683293.537173,0,641139374.373424,0,0,0,0,14385558.217682,0,0,0,0,24737477954.061218
2020-05-01,27708111828.664703,2228452178.206444,0,722137906.373039,0,0,0,0,2820502.673853,0,0,0,0,30661522415.918041
2020-06-01,31529492674.936493,3445659254.585201,0,616996292.343592,0,0,0,0,2153714.559318,0,0,0,0,35594301936.424606
2020-07-01,39247030481.119522,6684302659.249485,0,705029064.466040,0,0,0,0,1941326.530979,0,0,0,0,46638303531.366028
2020-08-01,55201129477.228813,8164780046.437181,0,738187325.818264,0,0,0,0,4161184.711264,0,0,0,0,64108258034.195526
2020-09-01,70025281058.767944,15336355849.074383,0,948510048.397648,0,0,0,0,1651090.182025,0,0,0,0,86311798046.421997
2020-10-01,52939254568.174911,12706854494.583717,0,733693595.279278,0,0,0,0,16200595.557466,0,0,0,0,66396003253.595367
2020-11-01,63925938630.509903,13382024097.754726,0,1107542770.908820,0,0,0,0,4257778.078953,0,0,0,0,78419763277.252396
2020-12-01,74144613769.160217,17316425088.889183,0,910106753.160329,0,0,0,0,11730511.641911,0,0,0,0,92382876122.851639
2021-01-01,118939932710.702377,38429136347.322510,0,1967517563.009070,0,0,0,0,79048312.762779,0,0,0,0,159415634933.796753
2021-02-01,149285636971.163605,42993906635.699814,0,1431961251.410589,0,0,0,0,48112691.368029,0,0,0,0,193759617549.642029
2021-03-01,169208408943.135193,46245740900.721741,0,1630319624.975381,0,0,0,0,40810328.572853,0,0,0,0,217125279797.405151
2021-04-01,229899755214.455048,66457769982.329323,0,2148708113.065277,0,0,0,0,60228925.245333,0,0,0,0,298566462235.094971
2021-05-01,333407190499.362244,122481879798.959290,0,2182324422.677373,0,0,0,0,169927971.204988,0,0,0,0,458241322692.203918
2021-06-01,173346264749.778442,89521532018.805084,0,2628807913.001144,0,0,0,0,197882040.285896,0,0,0,0,265694486721.870544
2021-07-01,145885431187.260498,79475224288.719391,0,952889428.331879,0,0,0,0,69579460.258576,0,0,0,0,226383124364.570343
2021-08-01,214962396461.041870,82962117441.783844,0,658608660.387055,0,0,0,0,79073256.146813,0,0,0,0,298662195819.359558
2021-09-01,219573566005.308716,100031241755.405029,0,2187819102.082702,0,0,0,0,81437574.155903,0,0,0,0,321874064436.952332
2021-10-01,231280810363.706970,102797727799.516434,0,1391136276.589560,0,0,0,0,73741112.661313,0,0,0,0,335543415552.474243
2021-11-01,281199010120.780579,116736323243.005585,0,1204056925.190917,0,0,0,0,112687372.505313,0,0,0,0,399252077661.482361
2021-12-01,267918603488.054626,120841269108.844208,0,1095353066.463361,0,0,0,0,134314302.793974,0,0,0,0,389989539966.156128
2022-01-01,205851827420.745056,112203589733.655685,0,481798129.587937,0,0,0,0,111231553.536889,0,0,0,0,318648446837.525574
2022-02-01,160120484828.515991,90587841436.823593,0,445070656.182211,0,0,0,0,52885427.720199,0,0,0,0,251206282349.242004
2022-03-01,198936325907.580811,124146599074.097382,0,540719150.282822,0,0,0,0,80711730.323424,0,0,0,0,323704355862.284485
2022-04-01,192807028738.322205,114988253950.260101,0,398325847.275280,0,0,0,0,121262376.501836,0,0,0,0,308314870912.359375
2022-05-01,265457866343.764526,202215670873.455078,0,744941677.854885,0,89.065996,0,0,124743839.460896,0,0,0,0,468543222823.601318
2022-06-01,214580839984.165161,163088539841.254669,0,496699349.892522,0,3306.731506,0,0,80438586.930805,0,0,0,0,378246521068.974609
2022-07-01,157243690382.584991,146287762935.979126,0,244285957.522964,0,3966914.246304,0,0,72432502.350492,0,0,0,0,303852138692.683777
2022-08-01,163276547621.507568,172250297705.190979,0,310682161.583781,0,77668148.290832,0,0,33684734.316558,0,0,0,0,335948880370.889709
2022-09-01,161101137143.675140,149624705982.618286,0,251508988.065806,0,49758334.872508,0,0,65740004.572980,0,0,0,0,311092850453.804749
2022-10-01,160115645232.364807,136902201168.920685,0,193381529.621583,0,90709518.753751,0,0,62998402.062092,0,0,0,0,297364935851.722900
2022-11-01,223783383093.575195,243027840264.012451,0,631163532.874763,500229.900000,132125577.683358,0,0,56512982.022082,0,0,0,0,467631525680.067871
2022-12-01,179525631959.652710,213773446786.375000,0,369005515.602840,0,12449059.922649,0,0,43139354.212831,0,0,0,0,393723672675.766052
2023-01-01,175746756780.451080,222979841397.369324,0,513211116.588730,377.880000,8451255.956562,0,0,37128927.848666,0,0,0,0,399285389856.094421
2023-02-01,184611918791.311279,144501947906.362518,0,1265451316.276460,75001235.128000,27357344.542379,0,0,22999663.142015,0,0,0,0,330504676256.762695
2023-03-01,261616095431.960022,189799050241.597504,0,1884897401.483178,815.274000,107881854.502812,0,0,54338384.843311,0,0,0,0,453462264129.660767
2023-04-01,209953550688.035583,81549137200.658203,0,1477545304.781552,0,63875920.865223,0,0,22172514.644302,0,0,0,0,293066281628.984863
2023-05-01,227201688385.292023,61944414064.132507,1532.520000,944023062.936146,0,65746196.403293,0,0,18125100.164483,0,0,0,0,290173998341.448547
2023-06-01,228274927618.997650,89854906081.836456,553.280000,570768376.412133,10040.000000,37190379.741610,0,0,11773647.668095,0,0,0,0,318749576697.935974
2023-07-01,206423695737.652893,71999829122.498383,23197165.560693,1063605679.162822,0,61540176.897755,0,0,10785148.836222,0,0,0,0,279582653030.608765
2023-08-01,214045319430.397156,78344271569.704941,381013416.180196,347745134.569130,6909748.075223,58650967.433279,0,0,7141574.215853,0,0,0,0,293191051840.575806
2023-09-01,197425128648.347656,62032868346.387260,112850106.430562,238026494.874310,17921732.342299,31091591.761866,0,0,6871770.481417,0,0,0,0,259864758690.625366
2023-10-01,214033132181.685425,79015571681.352905,168640141.011172,174045728.416465,25374865.150112,47981725.878483,0,0,12016599.749314,0,0,0,0,293476762923.243835
2023-11-01,245323130039.748688,81988338308.239471,299395243.397443,220214449.393039,34636735.634177,73159041.749981,0,0,8811241.111947,0,0,0,5758140.684762,327953443199.959534
2023-12-01,273148622174.442352,90024588775.941010,877696936.778836,282526193.754497,147476907.483272,119802867.328720,0,0,15915010.652788,0,0,0,575809.646842,364617204676.028320
2024-01-01,288228029610.948730,110163632853.553009,1222129573.985827,120347514.572023,185792510.899450,28814117.120747,0,0,5555430.934830,0,0,0,454829.583500,399954756441.598083
2024-02-01,261129842869.021362,101258769528.614655,1588099879.840627,402055155.023790,247603770.064912,28387105.978529,0,0,3437027.363852,0,0,0,449072.247000,364658644408.154724
2024-03-01,389157814311.650391,161076489901.189453,3233852848.662763,318200221.541010,397657886.624839,47224054.195782,0,0,14869833.572050,0,0,0,333925.517000,554246442982.953247
2024-04-01,352443186661.369812,153875824297.418701,5133433788.552760,165772347.627571,277884077.306175,65772178.935622,0,0,6117720.662913,0,0,0,92117.384000,511968083189.257446
2024-05-01,310696499503.684753,133234686240.925720,3851358509.147501,103295797.775266,194422252.110764,33119103.483409,0,0,11367160.090193,0,0,0,0,448124748567.217651
2024-06-01,300267043023.956604,117087818210.354172,3930442976.889576,81686326.791720,329275492.307531,23504670.526931,0,0,8218110.541274,0,0,0,0,421727988811.367859
2024-07-01,317858560016.858154,141553887497.052704,854754132.988421,69164283.809904,987301345.610851,51394947.721659,0,0,4940591.555401,0,0,0,599123.953861,461380601939.550964
2024-08-01,330385650744.531555,150505758954.998322,2439742785.502745,60820000.787613,2346790809.199176,120768036.372341,0,100.000000,4693036.690915,0,0,0,13.817608,485864224481.900269
2024-09-01,291542428327.257812,124532978898.360413,2491306335.951832,60170772.143313,1112903948.085111,284985767.734062,0,150175.000000,5067609.648426,0,0,0,940020.455312,420030931854.636292
2024-10-01,337016744808.827515,156028787984.429993,3288529673.043143,61956418.575306,1357695363.763861,599489652.640900,750711.000000,52159.990000,5688786.082082,0,0,0,230296.907791,498359925855.260620
2024-11-01,472520151848.945068,239043604226.705933,2808786734.592288,97684941.844425,1358175706.531210,1039997748.097032,18786624.460000,14120973.000000,24261423.875522,0,0,0,5240581.862095,716930810809.913574
2024-12-01,496810292554.861816,252903460673.928162,2507091666.245605,75107123.691201,1219036751.271378,807892289.809464,2841858.016272,3633537.818899,9465950.564799,10107176.389600,0,0,633308.167008,754349562890.764160
2025-01-01,439297126314.972656,288992739281.498047,2584535615.371967,55041056.753506,679322263.752693,2297839862.857406,5701371.058796,47327633.644610,6021548.329243,347441.395145,0,0,944965.572500,733966947355.206665
2025-02-01,423292281034.849121,278812467165.271545,1975775979.451954,40458998.063936,1281647764.036869,784864835.309454,85898222.644714,63675239.337079,4586119.244385,460319.847549,0,0,328428.169956,706342444106.226318
2025-03-01,425447601925.642212,269972719508.315308,2161087283.172087,80402128.748859,1026858054.005132,1268087921.621449,194856230.734611,53100475.289063,3492364.153312,3205735.376331,0,0,9935.977257,700211421563.035767
2025-04-01,422516136723.950439,303055179928.779602,3821048546.907310,79700989.271058,1082915264.578833,1243236854.525596,217389835.550288,86510080.785440,4763695.180621,12217768.644679,0,0,79335.987309,732119179024.161255
2025-05-01,483691670625.789001,276149693731.636353,884708524.804530,73496859.357617,1217998391.599788,1154788781.984550,318673353.044026,98252157.788320,4490052.649957,21029711.718546,0,0,133638.788381,763614935829.160889
2025-06-01,544049996285.329407,247952810358.382507,1607948927.047513,90969770.142071,1112688911.900551,1639436722.145299,276741734.763787,99563341.506825,5240424.831596,63955666.779256,0,0,6493401.854215,796905845544.682983
2025-07-01,574766456110.900391,345034362267.899292,1047393037.304990,63695941.764240,1616204259.353315,1827210493.683340,421706123.684962,159261587.630666,5032324.729307,106527949.021719,0,0,168464.798877,925048018560.770874
2025-08-01,533046956352.948242,397915307874.474243,1029795193.157527,70938350.008510,1570327162.493474,1633204757.131998,663008738.785632,214709973.814004,3751531.772783,120888719.503126,0,1342.313333,22596973.384287,936291486969.787231
2025-09-01,562661066950.314209,410448925505.190247,1201572619.428539,87545260.371217,4715585581.144167,1546123706.447724,987181585.740102,264951246.770472,3583860.539483,189398562.386878,17646069.725651,167271908.098876,8802545.643150,982299655401.800781
2025-10-01,690074372501.880615,782293917523.645508,934578635.517198,77251892.568565,2736933167.290350,1948868401.060879,990339485.719334,353501603.849406,6387713.928866,65882412.071025,35787155.241035,415799463.207627,58001904.176839,1479991621860.156738
2025-11-01,648055894991.957031,488411611779.403076,652886038.899782,122768196.686228,2888607641.737039,1942944270.880052,986153271.423223,268715323.233658,4153053.555837,38757333.231706,80043281.047218,140497933.321614,19918097.460249,1143612951212.836914
2025-12-01,529764843035.865723,487272465150.619385,998816363.311882,67657883.773892,1989269330.519759,1707318698.647695,792396051.765354,331008457.518633,2922394.357117,20689250.567947,316009613.624933,31011402.026561,35800632.477310,1023330208265.076416
2026-01-01,508995777033.588013,629615973894.065186,476873123.843853,49987412.975475,3142713422.950125,1284158608.461253,866310555.759410,243134878.345686,2008058.920206,50343655.073827,264139104.920341,83892005.633898,29869757.865529,1145105181512.402832
2026-02-01,493343688002.916809,1283445930637.304688,318943953.567293,34512615.600574,3151945217.202607,1561096016.553160,786293060.378593,374181078.819681,2243591.141893,192964301.870169,187942670.688020,68190689.719224,30620542.149299,1783498552377.912109
2026-03-01,581471234799.029663,876288276077.052490,140365410.303256,13297335.164828,3302540766.006878,1416393016.147334,823899189.143521,807727680.814462,884388.363239,72067780.590902,180868367.895546,36521392.538722,54277094.468504,1464608353297.519043
2026-04-01,480648720256.773193,756146688379.571533,102235150.313436,14187644.120870,3463232883.953785,1016800001.144531,1506942050.399230,1055791629.511098,359757.016248,169662768.463979,176746645.340389,30264373.816017,112273835.809837,1244443905376.233887
2026-05-01,494381425795.632690,598290204050.476440,272123997.555309,19563327.831425,2300954222.398149,1086607674.198463,2984095692.671343,816551526.266218,256997.909637,219564086.238905,280880103.001942,33929536.269597,160474090.703710,1100846631101.153809
2026-06-01,567078075744.803955,1205699279575.131836,115335684.320185,8238776.306632,2404143782.207413,1252125435.923558,1750138665.926673,753765451.655115,336439.722820,251639009.938969,65386731.732088,152017284.824518,50715952.377997,1779581198534.871826
2026-07-01,500083631876.029968,852236413306.692627,62617139.117402,11276914.523051,2192799636.019407,1469558836.279905,1863417214.179957,460059886.769543,15801.908169,169361389.974779,21497985.057807,57232214.637503,75139020.886495,1358703021222.076416
2026-08-01,95566403490.943878,79600878570.171539,841156.678987,2245691.353346,405705624.839766,300174089.098115,340937055.235224,111190640.742524,15929.375599,8491936.032264,387518.718377,4695813.218802,9177310.640795,176351144827.049225
