day,ethereum,tron,solana,bsc,base,arbitrum,polygon,avalanche,optimism,aptos,plasma,sui,ton,stellar,celo,hyperevm,worldchain,linea,stable,codex,total
2017-11-01,260.000000,0,0,0,0,0,0,0,0,0,0,0,0,0,0,0,0,0,0,0,260.000000
2017-12-01,684.485843,0,0,0,0,0,0,0,0,0,0,0,0,0,0,0,0,0,0,0,684.485843
2018-01-01,52335345.866474,0,0,0,0,0,0,0,0,0,0,0,0,0,0,0,0,0,0,0,52335345.866474
2018-02-01,58406927.054348,0,0,0,0,0,0,0,0,0,0,0,0,0,0,0,0,0,0,0,58406927.054348
2018-03-01,51553651.455396,0,0,0,0,0,0,0,0,0,0,0,0,0,0,0,0,0,0,0,51553651.455396
2018-04-01,71260810.043289,0,0,0,0,0,0,0,0,0,0,0,0,0,0,0,0,0,0,0,71260810.043289
2018-05-01,54755271.463491,0,0,0,0,0,0,0,0,0,0,0,0,0,0,0,0,0,0,0,54755271.463491
2018-06-01,67018813.743299,0,0,0,0,0,0,0,0,0,0,0,0,0,0,0,0,0,0,0,67018813.743299
2018-07-01,57995212.196889,0,0,0,0,0,0,0,0,0,0,0,0,0,0,0,0,0,0,0,57995212.196889
2018-08-01,38576509.823136,0,0,0,0,0,0,0,0,0,0,0,0,0,0,0,0,0,0,0,38576509.823136
2018-09-01,67481356.993867,0,0,0,0,0,0,0,0,0,0,0,0,0,0,0,0,0,0,0,67481356.993867
2018-10-01,433531699.230932,0,0,0,0,0,0,0,0,0,0,0,0,0,0,0,0,0,0,0,433531699.230932
2018-11-01,853236001.459949,0,0,0,0,0,0,0,0,0,0,0,0,0,0,0,0,0,0,0,853236001.459949
2018-12-01,1260450210.094618,0,0,0,0,0,0,0,0,0,0,0,0,0,0,0,0,0,0,0,1260450210.094618
2019-01-01,1667161563.331619,0,0,0,0,0,0,0,0,0,0,0,0,0,0,0,0,0,0,0,1667161563.331619
2019-02-01,832488257.354759,0,0,0,0,0,0,0,0,0,0,0,0,0,0,0,0,0,0,0,832488257.354759
2019-03-01,648734843.622889,0,0,0,0,0,0,0,0,0,0,0,0,0,0,0,0,0,0,0,648734843.622889
2019-04-01,2459098349.024833,152199098.089862,0,0,0,0,0,0,0,0,0,0,0,0,0,0,0,0,0,0,2611297447.114695
2019-05-01,3751984600.471535,43649192.981148,0,0,0,0,0,0,0,0,0,0,0,0,0,0,0,0,0,0,3795633793.452683
2019-06-01,5210701910.275484,24377826.417074,0,0,0,0,0,0,0,0,0,0,0,0,0,0,0,0,0,0,5235079736.692558
2019-07-01,10111298689.603104,5103189614.580696,0,0,0,0,0,0,0,0,0,0,0,0,0,0,0,0,0,0,15214488304.183800
2019-08-01,11803626378.735596,14257179.618484,0,0,0,0,0,0,0,0,0,0,0,0,0,0,0,0,0,0,11817883558.354080
2019-09-01,13837072838.960245,20538865.967178,0,0,0,0,0,0,0,0,0,0,0,0,0,0,0,0,0,0,13857611704.927423
2019-10-01,15280638071.400103,2737372206.417671,0,0,0,0,0,0,0,0,0,0,0,0,0,0,0,0,0,0,18018010277.817772
2019-11-01,15449374854.087120,1662941761.791640,0,0,0,0,0,0,0,0,0,0,0,0,0,0,0,0,0,0,17112316615.878761
2019-12-01,13679444695.359966,1380891916.656062,0,0,0,0,0,0,0,0,0,0,0,0,0,0,0,0,0,0,15060336612.016029
2020-01-01,12969032062.681576,1762411039.890813,0,0,0,0,0,0,0,0,0,0,0,0,0,0,0,0,0,0,14731443102.572390
2020-02-01,15272470891.685028,2863870398.231113,0,0,0,0,0,0,0,0,0,0,0,0,0,0,0,0,0,0,18136341289.916142
2020-03-01,23362920323.926540,3429225785.074656,0,0,0,0,0,0,0,0,0,0,0,0,0,0,0,0,0,0,26792146109.001198
2020-04-01,21683022226.371532,3054455727.689677,0,0,0,0,0,0,0,0,0,0,0,0,0,0,0,0,0,0,24737477954.061211
2020-05-01,25108325751.594009,5553196664.324047,0,0,0,0,0,0,0,0,0,0,0,0,0,0,0,0,0,0,30661522415.918056
2020-06-01,30724908804.145035,4869393132.279562,0,0,0,0,0,0,0,0,0,0,0,0,0,0,0,0,0,0,35594301936.424599
2020-07-01,38760721724.878067,7877581806.487961,0,0,0,0,0,0,0,0,0,0,0,0,0,0,0,0,0,0,46638303531.366028
2020-08-01,47414173200.394165,16694084833.801361,0,0,0,0,0,0,0,0,0,0,0,0,0,0,0,0,0,0,64108258034.195526
2020-09-01,60998635482.902466,24640787495.570171,0,662543142.129172,0,0,9831925.820188,0,0,0,0,0,0,0,0,0,0,0,0,0,86311798046.421997
2020-10-01,51765726413.800613,14040185197.267483,45042772.380444,466934605.684228,0,0,78114264.462588,0,0,0,0,0,0,0,0,0,0,0,0,0,66396003253.595360
2020-11-01,58689112625.747078,19294549010.557144,32264386.219783,373546857.497882,0,0,30290397.230482,0,0,0,0,0,0,0,0,0,0,0,0,0,78419763277.252380
2020-12-01,69836988434.205688,21879505123.929634,132120813.449650,510251383.351364,0,0,24010367.915267,0,0,0,0,0,0,0,0,0,0,0,0,0,92382876122.851593
2021-01-01,113845386736.923691,44670840752.324364,140257372.559222,689131844.181398,0,0,70018182.368107,0,0,0,0,0,0,45.440000,0,0,0,0,0,0,159415634933.796783
2021-02-01,119892128080.248962,69425604468.703247,587208716.621304,3708818622.431682,0,0,60850559.512200,0,0,0,0,0,0,85007102.124624,0,0,0,0,0,0,193759617549.642029
2021-03-01,125462238260.492065,81003303560.482361,705345453.404009,9795105688.992037,0,0,138958139.779536,0,0,0,0,0,0,20328694.255185,0,0,0,0,0,0,217125279797.405212
2021-04-01,150095806616.292664,122665929414.860016,2910987220.038932,20189393920.467579,0,0,2675850796.761602,0,0,0,0,0,0,28494266.674224,0,0,0,0,0,0,298566462235.094971
2021-05-01,229898053629.634033,186073281848.303650,3034186953.047760,23512421119.647797,0,0,15661882043.188583,0,0,0,0,0,0,61497098.382164,0,0,0,0,0,0,458241322692.204041
2021-06-01,152730140236.390564,82685023849.880005,1056082721.032437,11972358139.538322,0,666.102000,17202726319.059982,0,0,0,0,0,0,48154789.867115,0,0,0,0,0,0,265694486721.870422
2021-07-01,139687426959.605103,67278804615.859558,1261520202.790445,9229919537.385899,0,9501.714143,8906428291.942831,25260.065299,0,0,0,0,0,18989995.207035,0,0,0,0,0,0,226383124364.570312
2021-08-01,156004310452.159180,118503553080.570053,4411309785.398433,12555580913.543507,0,149888.120637,6233504882.977161,929347398.890564,0,0,0,0,0,24439417.699868,0,0,0,0,0,0,298662195819.359497
2021-09-01,161765898694.762878,122288711312.986908,13810896369.369320,14396664491.108963,0,1029172205.327372,5439211209.721322,2954116717.166148,0,0,0,0,0,189393436.509486,0,0,0,0,0,0,321874064436.952332
2021-10-01,169694509830.208679,125290756267.444824,10566347471.584112,16260808245.320145,0,1517120733.324297,6784711924.582904,5389640174.855135,0,0,0,0,0,39520905.154131,0,0,0,0,0,0,335543415552.474182
2021-11-01,181523636601.688873,166202052695.614502,14983746970.111534,21176937682.170486,0,1762980433.151498,5588122775.497867,7765291192.488016,69757152.012706,0,0,0,0,179552158.746968,0,0,0,0,0,0,399252077661.482361
2021-12-01,184388548955.925781,158209353083.158447,14201937986.863571,18471269835.727333,0,1377566721.205017,7130002731.925893,5887452555.092538,113462686.533574,0,0,0,0,209945409.723962,0,0,0,0,0,0,389989539966.156128
2022-01-01,165126377390.074585,113717534742.431076,8648661776.823553,17141680760.363895,0,1798664661.582739,7360070822.539441,4548264071.775303,126264666.580526,0,0,0,0,180927945.354320,0,0,0,0,0,0,318648446837.525452
2022-02-01,125447239613.403534,92178826562.570068,5857515593.578638,14477329867.373337,0,1644056634.197843,7227845199.506267,4153489050.488478,108865806.173635,0,0,0,0,111114021.950169,0,0,0,0,0,0,251206282349.241974
2022-03-01,166230821182.143555,120222782359.441025,6641909020.388334,18622176508.275246,0,1806149030.066285,4502572336.840476,5329496804.676897,192485224.084778,0,0,0,0,155963396.367863,0,0,0,0,0,0,323704355862.284424
2022-04-01,144292779703.371887,121432412665.248047,7312101129.253672,20077199870.634155,0,1562364943.730712,4349136482.120236,8971362303.154011,234313805.949336,0,0,0,0,83200008.897386,0,0,0,0,0,0,308314870912.359436
2022-05-01,229155963451.944031,167015083569.142944,8255223504.035116,24529523725.111885,0,1921246721.195683,26729666615.307213,10415290149.024443,378676715.430616,0,0,0,0,142548372.409630,0,0,0,0,0,0,468543222823.601440
2022-06-01,187858606684.089050,145969530690.570129,4244766202.341748,18152070668.345680,0,1267493288.584950,9382697989.670311,10709633035.958904,542599076.750683,0,0,0,0,119123432.663085,0,0,0,0,0,0,378246521068.974548
2022-07-01,163549720006.627930,108487418861.352325,2619973499.226932,16398304886.769543,0,1198041346.536174,4828731815.837822,6185659396.364811,527280643.506312,0,0,0,0,57008236.462000,0,0,0,0,0,0,303852138692.683838
2022-08-01,185280553512.741821,117675542523.787201,3095768224.030794,14042527811.480850,0,1733600407.317573,6357978299.871430,4521716803.825872,3201400181.885077,0,0,0,0,39792605.949050,0,0,0,0,0,0,335948880370.889709
2022-09-01,165888259591.122803,114391551492.232574,3757920374.206785,13909674875.814928,0,2223019162.571125,6477203550.171739,3189931056.387331,1162122711.575591,0,0,0,0,93167639.721744,0,0,0,0,0,0,311092850453.804565
2022-10-01,154571859504.856750,116369920348.381042,4176517299.997414,11588109890.115299,0,2179251244.350619,4638923060.363820,2463137620.680336,1313206017.887997,0,0,0,0,64010865.089613,0,0,0,0,0,0,297364935851.722961
2022-11-01,282833488139.316284,143846681921.679016,7231129442.882350,15223274250.894871,0,4854133021.191672,6887238912.038861,3434559531.353341,3243005291.259691,0,0,0,0,78015169.451589,0,0,0,0,0,0,467631525680.067688
2022-12-01,245569209087.652039,123744590468.748688,1088915596.594056,11061870767.961681,0,2996953120.073882,4058666306.210498,3007688356.279417,2116615232.683730,0,0,0,0,79163739.562152,0,0,0,0,0,0,393723672675.766113
2023-01-01,258657090316.769653,116964041560.415573,1447968096.742814,8568758267.424030,0,2594278486.705979,4028857086.141582,2640314665.608831,4309038363.844117,0,0,0,0,75043012.441595,0,0,0,0,0,0,399285389856.094177
2023-02-01,168623629318.801208,128258265307.282944,2720117333.227887,11075840554.223923,0,4814419359.143335,5124479610.089823,2441571004.477642,7339482031.634591,0,0,0,0,106871737.881266,0,0,0,0,0,0,330504676256.762695
2023-03-01,236467824447.820099,165806876610.935059,2394256354.992326,18806758486.411316,0,11349517651.619507,7220421066.616273,4037748724.800915,7315678411.536731,0,0,0,0,63182374.928546,0,0,0,0,0,0,453462264129.660706
2023-04-01,107534448282.804230,139763894281.521606,1285192379.081268,21354196970.665573,0,10476101890.590118,5520523751.757192,2430907764.909343,4663812812.676365,0,0,0,0,37203494.979079,0,0,0,0,0,0,293066281628.984863
2023-05-01,92148018964.851624,153505994466.685974,1308050163.206850,23886214247.479736,0,8173602196.639334,5507440948.232224,2997753494.416039,2613279750.633407,0,0,881333.981923,0,32762775.321413,0,0,0,0,0,0,290173998341.448547
2023-06-01,126255518335.358185,153383683917.623657,1423801609.418691,14919809112.249952,0,10450987593.817728,6619231611.469820,3917755849.740548,1742671510.032485,0,0,10351.362854,0,36106806.861943,0,0,0,0,0,0,318749576697.935852
2023-07-01,97198186512.679626,144052812904.520508,1331408522.541813,15065423568.303440,0,11359505966.380346,5421892232.099907,2922217698.496620,2136672518.853670,0,0,124086.521520,0,94409020.211229,0,0,0,0,0,0,279582653030.608765
2023-08-01,109296208414.980011,146478009904.759827,1375552518.721886,15290488163.275053,152.690000,10814760978.136101,5204731700.256031,2501947481.620564,2172025714.645420,0,0,354685.423533,0,56972126.067144,0,0,0,0,0,0,293191051840.575562
2023-09-01,91457532629.307983,141809550825.066711,1194125384.840176,13847751855.098967,303963236.080103,5416774337.430422,3085262239.603476,1575293020.860769,1140395192.783420,0,0,2883667.634544,0,31226301.918860,0,0,0,0,0,0,259864758690.625458
2023-10-01,111194758467.156555,151292529632.076294,1928213956.181860,13348242935.626999,195941605.632052,8459699966.465254,4081248821.835539,1638846427.472915,1252015463.669178,0,0,41342955.711435,0,43922691.415884,0,0,0,0,0,0,293476762923.243958
2023-11-01,118145421820.749344,168623900416.835327,3640728036.552039,16042105884.148369,104134482.657847,12402064823.748283,4861163824.235136,2481914796.117203,1514648997.180548,0,0,81284406.419046,0,56075711.316414,0,0,0,0,0,0,327953443199.959534
2023-12-01,127588923896.548782,181311853502.437836,9545099795.339596,21581265905.147911,355788283.692359,12615005574.316750,5907232045.282012,3406949361.395450,2185081644.263446,0,0,75861675.770268,0,44142991.833895,0,0,0,0,0,0,364617204676.028320
2024-01-01,152209536275.680176,189870506332.708557,10294542297.114468,21843215688.092255,384576339.768081,14094030819.105717,5448222769.813461,3804128671.326458,1825727186.623964,0,0,118240862.176092,0,62029152.038943,47.150000,0,0,0,0,0,399954756441.598206
2024-02-01,132925364353.532272,168396920239.216888,13267441736.578188,21904117056.805351,455451982.106904,14063380768.888268,6526617159.142550,5110500845.318838,1779789250.678278,0,0,166284677.560962,0,62305846.971243,470491.354925,0,0,0,0,0,364658644408.154724
2024-03-01,209310704743.809998,234432257885.228729,22463790451.242432,40963816261.655792,2560602928.524874,23176382143.208054,9361737675.936575,8150206081.589267,3587950503.545905,0,0,115747623.951482,0,117533841.411000,5712842.849089,0,0,0,0,0,554246442982.953247
2024-04-01,199668298284.916748,222428213878.672974,16182714073.721191,31123735613.276512,4823649125.183382,19427438563.130020,7163648465.413509,6366884948.961787,4396420276.132149,0,0,132625511.865907,92809447.199072,118739292.567456,42905708.216985,0,0,0,0,0,511968083189.257690
2024-05-01,175664111476.623627,198628911603.226196,13460149886.905571,23116306383.131096,4055685258.471162,16482965015.361767,6145335248.862909,6275597962.434662,3471525602.120512,0,0,214139304.112867,427838483.701962,133969633.416759,48212708.848476,0,0,0,0,0,448124748567.217590
2024-06-01,150423253894.006592,196924392542.013855,13736128763.252041,23298039655.220055,8201646571.641138,13844654215.495165,5572385906.501948,5574090129.643703,3152548818.135590,0,0,87690481.313262,626367274.770525,139483025.090772,147307534.283243,0,0,0,0,0,421727988811.367798
2024-07-01,168456431685.811981,207678402175.418182,16847283294.601845,20374768354.195885,11226507208.121782,20587411412.130974,6349373165.594589,5918078772.473715,2761127264.413449,0,0,83909143.781482,747784847.953591,160002817.557394,189521797.496400,0,0,0,0,0,461380601939.551270
2024-08-01,181645053996.700806,216722417162.370850,20130584793.636250,22521243668.500145,12465156303.118193,16839318002.370701,6145587907.714436,5873107224.585394,2377133217.147825,0,0,77731433.825018,774533649.002031,177952557.669188,114401320.596565,0,3244.662896,0,0,0,485864224481.900208
2024-09-01,138824158807.997986,199759319573.286316,13880189255.039894,21731634099.532730,17834362607.936291,13096124701.199474,5438909871.238542,5669668979.426142,2907606406.147401,0,0,58067625.684206,471219278.648989,162977276.994559,196691928.930923,0,1442.572628,0,0,0,420030931854.636047
2024-10-01,163009500799.781525,224603333924.480865,18950199653.029747,25332039502.091660,29903979669.519833,15554780107.882507,7799515314.475104,8111828133.667154,3900251473.363214,30000017.910685,0,325998341.525530,432613854.800620,205122820.425195,181030602.508847,0,19731639.797921,0,0,0,498359925855.260376
2024-11-01,260932943281.487732,283530652896.669067,32425870512.838745,37449073949.291107,38761674305.348366,31075043229.153637,11951929607.666540,11315663133.329842,7210945809.836168,613662248.377798,0,515069578.828272,658824606.735252,240874016.212884,221478173.346875,0,27105460.791453,0,0,0,716930810809.913940
2024-12-01,266331331019.253601,293113352386.293457,34098914903.185585,45812578640.014374,40726947865.166283,43626391367.468163,9054686337.542477,11234131434.641384,6944703880.159296,1532291199.535455,0,754485666.687659,676634975.077198,279780515.208914,133123430.060125,0,30209270.470555,0,0,0,754349562890.764404
2025-01-01,261795041839.218262,264833349602.331421,62605081518.542679,39063917558.601440,41003377953.180443,35766331919.902847,7809902948.258558,11150884830.870071,5607297803.113618,2584246277.654240,0,689954636.069145,708966843.007033,237603972.894986,87619455.227365,0,23370195.934278,0,0,0.400000,733966947355.206665
2025-02-01,283332304261.878479,257413061588.648254,39208287396.638260,38763971808.784378,36122980409.809494,25743273407.287781,7123968333.520512,9404342333.452322,4915409624.228329,2902367329.803217,0,487738479.114199,572345653.099304,220505166.896071,122831650.278447,0,9056148.012269,0,0,514.774993,706342444106.226318
2025-03-01,292033996242.104553,267413932858.976990,34097197895.116592,39804172266.744560,19226479412.663593,25704892028.537682,6187763330.445303,6488630241.994001,3209953841.059035,4048530296.312176,0,1097935993.023771,574224668.132044,225235915.805521,89863983.761431,0,8587659.451220,0,0,24928.907443,700211421563.036011
2025-04-01,308329655371.669922,271284960206.653442,29514677139.487801,34288113622.440567,44383527066.592300,21651703174.563187,6980562466.823317,6556690954.389809,2926409000.338138,4201422778.030814,0,1107385017.049509,526623300.934222,281654235.978019,75265662.397514,0,10281027.871991,0,0,247998.940551,732119179024.161011
2025-05-01,271932555014.871155,295234004511.018677,32423546950.384460,88323983308.697601,19729058763.102722,28792732283.498001,8493990520.317191,7076198519.196910,2914701020.179594,5806081911.181349,0,1993893594.570421,500876070.692068,248184895.278642,71151690.354032,0,73733146.143380,0,0,243629.675179,763614935829.161499
2025-06-01,245870949046.858459,277846698283.999268,25564689020.741249,173562104016.062103,26085215793.147484,21682322809.959812,9711642005.534994,6449900782.165822,2699097799.320156,5600238494.286240,0,977681018.795531,454562218.160765,248494569.847833,105007390.506023,0,47242218.997892,0,0,76.300170,796905845544.683838
2025-07-01,343974576413.937805,298564808536.562317,39458907498.965614,135642062487.545197,41243237192.772888,32999819254.863976,14157616741.835503,7972521357.044005,2099114805.004981,6537525996.410851,0,1241883425.546997,651159399.705802,296384754.373981,101065887.337498,0,106584746.954286,0,0,750061.909410,925048018560.771118
2025-08-01,433249702482.101440,290958599422.661804,40109338269.566963,78405578045.130737,22880245961.519478,39195531635.270462,9480734705.060789,9899152157.038227,1692036231.959946,7900708650.986388,0,1319455778.074113,554536397.812859,335506769.743309,202918278.760793,0,106441311.568628,659.313336,0,1000213.217500,936291486969.786743
2025-09-01,421663576968.199097,299056820841.412231,61370683859.760361,95507528071.201721,37391544361.051239,34095866374.247452,9175176970.907372,8437144793.520874,1463772332.866685,8453986279.889545,2910417924.110146,1335745359.305662,583753926.762923,317771228.970912,138749656.373352,17646069.725651,211989976.002556,166480186.706132,0,1000220.786576,982299655401.800659
2025-10-01,620323701968.644287,321902062595.096680,272642885116.356384,120267156236.469055,51703487968.753502,43354450558.183731,9255121758.568722,7681157503.259939,1596616147.146043,11618347299.453068,12717613862.903210,4846467327.482418,709428352.719886,343576071.827683,171716500.016063,35787155.241035,188138572.829652,398921165.518522,0,234985699.687372,1479991621860.157227
2025-11-01,588820806540.790405,295984592352.503174,81924384964.290649,77492009077.441742,34652301789.008194,29248490826.985397,9084853577.483070,5989702967.118862,1407900498.797056,8958581203.061806,7427864235.639421,1221154905.062128,537981319.626750,332362095.208523,216153593.168663,80043281.047218,77715576.746051,119820280.844701,29421.184952,36202706.827646,1143612951212.836426
2025-12-01,517208341817.719727,299677351636.623535,59785500826.627365,76903949846.427155,17119310190.104311,22230429632.932400,9133837335.396807,5269829879.285769,1063259937.086261,7106794982.373793,5044644731.587995,729578515.817297,563128274.460313,389420289.494559,166952724.246575,316009613.624933,137608162.582560,23779122.671536,403327144.868545,57153601.144925,1023330208265.076172
2026-01-01,504692038052.212891,283161476595.557495,199508782867.738312,68053311847.026459,33692995074.698692,26162942551.896088,9523148948.772749,5243435270.801962,1392219636.747628,6926667014.762299,4477975267.415477,670619962.443878,503706360.162893,385340879.480953,142489600.506977,264139104.920341,103437217.486911,68100489.258340,128966039.910190,3388730.603444,1145105181512.403809
2026-02-01,547770534422.843567,251008948802.272705,659667472726.546143,67133426366.514252,212008572247.356201,20594605186.977657,8836534671.744865,4412202239.228832,830062417.017207,5741084632.988075,3855066173.210957,382070064.157020,449353734.945975,380461401.221494,146685287.397949,187942670.688020,60140711.189001,28115430.791481,4273148.234547,1000042.586352,1783498552377.911865
2026-03-01,612657329668.053223,271428230781.664856,331013042752.709473,63436552407.225098,143626881893.491180,16319747146.146530,10408092457.520073,4069517563.386999,837696772.864322,5698280704.678877,3559881378.962933,366616988.079513,474948046.424251,376445630.856032,117105547.388288,180868367.895546,26797276.292137,7596582.944770,1602136.721935,1119194.211441,1464608353297.517334
2026-04-01,396071778579.242676,278344080478.410034,275740661588.046997,47557848418.557602,205473258038.254395,15673085760.449589,10071552879.497480,4194347637.882449,737097311.077754,5415818424.921850,3611701309.896375,372923739.312181,465613400.813758,423817507.683767,70927775.631273,176746645.340389,21453782.676413,6860952.734462,11907373.921719,2423771.882657,1244443905376.234131
2026-05-01,338042901109.268799,294430655801.691040,210913142312.056213,49030365172.267822,168750326957.107056,13590284060.406223,9899711844.989565,4461246400.141371,806548117.085286,5485848624.878606,3399635719.632862,360777847.459283,624335748.746068,548645644.890877,129352291.129977,280880103.001942,50429901.058112,7833335.892125,33210097.441124,500012.010103,1100846631101.154297
2026-06-01,560056447526.149902,313339964100.873047,231914664313.727051,63015313753.198196,564935478535.705322,17984728054.183758,11907870076.457560,4999264497.949358,825099892.637757,5012605858.754006,3565854682.300066,271144081.934698,599494537.700776,807917836.383229,180155247.749415,65386731.732088,58122199.678639,7494411.902157,33376232.021249,815963.833010,1779581198534.871582
2026-07-01,372876145478.261230,318498078557.271851,286661051572.188110,57296537193.333092,286296005509.600098,10900138268.984104,11272693588.798702,3452481085.120185,782010127.178509,4639034607.228001,3949077375.277816,202873986.988700,516764069.314958,958558356.215670,245775275.688464,21497985.057807,20429786.680344,7402044.762864,106438863.528328,27490.597405,1358703021222.076172
2026-08-01,64757806793.670639,64218438352.178879,13910802101.618320,11591790636.369623,15426732342.505680,1766748243.805221,1877313279.371467,676577230.472091,168213520.634500,772669137.797318,804394231.771947,35983207.574475,91343126.932649,179707575.185875,52504609.270459,387518.718377,1310981.012202,1147979.546459,16553909.493016,720049.120000,176351144827.049133
