date,ethereum,avalanche,base,solana,bsc,polygon,arbitrum,plasma,optimism,linea,hyperevm,monad,unichain,ink,celo,zksync,sonic,katana,scroll,plume,x_layer,worldchain,gnosis,soneium,stable,megaeth,total
2019-05-01,577327.009177,0,0,0,0,0,0,0,0,0,0,0,0,0,0,0,0,0,0,0,0,0,0,0,0,0,577327.009177
2019-06-01,3009294.022177,0,0,0,0,0,0,0,0,0,0,0,0,0,0,0,0,0,0,0,0,0,0,0,0,0,3009294.022177
2019-07-01,15835960.677680,0,0,0,0,0,0,0,0,0,0,0,0,0,0,0,0,0,0,0,0,0,0,0,0,0,15835960.677680
2019-08-01,11218642.249982,0,0,0,0,0,0,0,0,0,0,0,0,0,0,0,0,0,0,0,0,0,0,0,0,0,11218642.249982
2019-09-01,3560434.618849,0,0,0,0,0,0,0,0,0,0,0,0,0,0,0,0,0,0,0,0,0,0,0,0,0,3560434.618849
2019-10-01,3565768.929479,0,0,0,0,0,0,0,0,0,0,0,0,0,0,0,0,0,0,0,0,0,0,0,0,0,3565768.929479
2019-11-01,4672024.071722,0,0,0,0,0,0,0,0,0,0,0,0,0,0,0,0,0,0,0,0,0,0,0,0,0,4672024.071722
2019-12-01,9647196.655560,0,0,0,0,0,0,0,0,0,0,0,0,0,0,0,0,0,0,0,0,0,0,0,0,0,9647196.655560
2020-01-01,8589074.042939,0,0,0,0,0,0,0,0,0,0,0,0,0,0,0,0,0,0,0,0,0,0,0,0,0,8589074.042939
2020-02-01,15312851.578721,0,0,0,0,0,0,0,0,0,0,0,0,0,0,0,0,0,0,0,0,0,0,0,0,0,15312851.578721
2020-03-01,16268719.890382,0,0,0,0,0,0,0,0,0,0,0,0,0,0,0,0,0,0,0,0,0,0,0,0,0,16268719.890382
2020-04-01,5510335.786919,0,0,0,0,0,0,0,0,0,0,0,0,0,0,0,0,0,0,0,0,0,0,0,0,0,5510335.786919
2020-05-01,9690244.248268,0,0,0,0,0,0,0,0,0,0,0,0,0,0,0,0,0,0,0,0,0,0,0,0,0,9690244.248268
2020-06-01,369710229.655032,0,0,0,0,0,0,0,0,0,0,0,0,0,0,0,0,0,0,0,0,0,0,0,0,0,369710229.655032
2020-07-01,792382288.458024,0,0,0,0,0,0,0,0,0,0,0,0,0,0,0,0,0,0,0,0,0,0,0,0,0,792382288.458024
2020-08-01,511028237.774083,0,0,0,0,0,0,0,0,0,0,0,0,0,0,0,0,0,0,0,0,0,110.024868,0,0,0,511028347.798951
2020-09-01,609764418.613718,0,0,0,71839952.536559,5094915.852632,0,0,0,0,0,0,0,0,0,0,0,0,0,0,0,0,3731.830314,0,0,0,686703018.833223
2020-10-01,617980579.399204,0,0,0,7340666.700858,34306493.844618,0,0,0,0,0,0,0,0,0,0,0,0,0,0,0,0,0,0,0,0,659627739.944681
2020-11-01,1207546774.638962,0,0,0,52315314.546482,29098.832311,0,0,0,0,0,0,0,0,0,0,0,0,0,0,0,0,0,0,0,0,1259891188.017754
2020-12-01,1225822813.084206,0,0,0,122368303.629158,4054.627781,0,0,0,0,0,0,0,0,0,0,0,0,0,0,0,0,0,0,0,0,1348195171.341145
2021-01-01,3754229921.931394,0,0,0,873114775.014838,9281.540392,0,0,0,0,0,0,0,0,0,0,0,0,0,0,0,0,0,0,0,0,4627353978.486624
2021-02-01,4733551711.800444,0,0,0,14195858.419559,38803.172742,0,0,0,0,0,0,0,0,0,0,0,0,0,0,0,0,0,0,0,0,4747786373.392745
2021-03-01,3853014790.318074,0,0,0,17139701.873567,1230807.654572,0,0,0,0,0,0,0,0,0,0,0,0,0,0,0,0,0,0,0,0,3871385299.846213
2021-04-01,7759778282.555724,0,0,0,143862621.442429,881272637.312267,0,0,0,0,0,0,0,0,0,0,0,0,0,0,0,0,0,0,0,0,8784913541.310421
2021-05-01,11754008838.164438,0,0,0,2355359399.721958,8017562152.117378,0,0,0,0,0,0,0,0,0,0,0,0,0,0,0,0,0,0,0,0,22126930390.003777
2021-06-01,7237941938.581692,0,0,0,325936718.969716,5573700641.484670,0,0,0,0,0,0,0,0,0,0,0,0,0,0,0,0,0,0,0,0,13137579299.036077
2021-07-01,7149932183.801500,0,0,0,410681411.906450,2166713351.833070,0,0,0,0,0,0,0,0,0,0,0,0,0,0,0,0,0,0,0,0,9727326947.541021
2021-08-01,7433385101.891641,304041633.366452,0,0,352462050.978783,2567366631.882662,0,0,0,0,0,0,0,0,0,0,0,0,0,0,0,0,0,0,0,0,10657255418.119537
2021-09-01,5934490265.463012,1178832367.704818,0,0,392085172.939493,2338961684.478436,6828131.201444,0,0,0,0,0,0,0,0,0,0,0,0,0,0,0,2558.059147,0,0,0,9851200179.846350
2021-10-01,6380650927.894334,10327091946.248255,0,0,877339479.716499,1392275384.868078,26007765.598028,0,0,0,0,0,0,0,0,0,0,0,0,0,0,0,135443.029208,0,0,0,19003500947.354401
2021-11-01,4139983390.326075,14759227351.795593,0,0,979235989.830934,1406087484.996606,3732923.052698,0,0,0,0,0,0,0,0,0,0,0,0,0,0,0,837424.264625,0,0,0,21289104564.266533
2021-12-01,2753761322.460470,8005763800.347355,0,0,2768209358.955303,2078892240.053869,10038913.387731,0,0,0,0,0,0,0,0,0,0,0,0,0,0,0,156647.343663,0,0,0,15616822282.548391
2022-01-01,3031998296.237696,3171624170.811686,0,0,1699638773.927821,1309327417.426069,12324850.549103,0,0,0,0,0,0,0,0,0,0,0,0,0,0,0,1208430.769413,0,0,0,9226121939.721786
2022-02-01,2587072876.296351,5303885238.942714,0,0,1895213004.904136,668648633.585119,21012822.677314,0,0,0,0,0,0,0,0,0,0,0,0,0,0,0,579616.804981,0,0,0,10476412193.210615
2022-03-01,2741705721.863825,3141092093.767213,0,0,2907918770.203536,173615267.651455,6401562.799600,0,865254.010977,0,0,0,0,0,0,0,0,0,0,0,0,0,8720349.698047,0,0,0,8980319019.994652
2022-04-01,1466389008.035243,4448985646.240098,0,0,1368303746.228523,280934622.171488,9273243.866267,0,2265462.586433,0,0,0,0,0,0,0,0,0,0,0,0,0,433203.178733,0,0,0,7576584932.306787
2022-05-01,2591791525.779532,1850603053.624591,0,0,393908478.213929,337355587.674404,7622707.690889,0,2464861.193375,0,0,0,0,0,0,0,0,0,0,0,0,0,457840.317832,0,0,0,5184204054.494552
2022-06-01,1634669657.636939,3865210649.485469,0,0,221588054.262829,280713160.047621,8727570.901007,0,3706954.403278,0,0,0,0,0,0,0,0,0,0,0,0,0,625964.452420,0,0,0,6015242011.189563
2022-07-01,941719552.522896,1404574179.004446,0,0,150164096.934947,415472035.287920,359809009.782636,0,5868788.019651,0,0,0,0,0,0,0,0,0,0,0,0,0,466992.145126,0,0,0,3278074653.697622
2022-08-01,1389918582.618532,1078999088.995930,0,0,87620532.476237,502095890.417985,279928533.617518,0,2146562181.420166,0,0,0,0,0,0,0,0,0,0,0,0,0,307973.953648,0,0,0,5485432783.500014
2022-09-01,1133687313.326623,358629354.637975,0,0,97705265.164816,626703450.633158,127763538.487543,0,372791273.701606,0,0,0,0,0,0,0,0,0,0,0,0,0,581799.269925,0,0,0,2717861995.221646
2022-10-01,1127487890.720314,187229288.317576,0,0,186960897.117342,196398288.560507,72354548.154925,0,626667835.521530,0,0,0,0,0,0,0,0,0,0,0,0,0,167143.842432,0,0,0,2397265892.234624
2022-11-01,3529058043.508937,176170923.149650,0,0,176225493.952100,312235058.691452,97262586.921330,0,22359692.917414,0,0,0,0,0,0,0,0,0,0,0,0,0,93997.477473,0,0,0,4313405796.618356
2022-12-01,1148951745.311490,126239790.337579,0,0,68080498.835767,171082432.736677,128841827.646040,0,15340665.602681,0,0,0,0,0,0,0,0,0,0,0,0,0,210126.700110,0,0,0,1658747087.170345
2023-01-01,2553401680.691072,220836042.679977,0,0,103783385.620917,191951466.457227,124318723.029105,0,16674732.134667,0,0,0,0,0,0,0,0,0,0,0,0,0,250528.534388,0,0,0,3211216559.147354
2023-02-01,1576203167.025291,188421490.947154,0,0,122486114.745991,141958972.549882,275817934.471264,0,14191824.151094,0,0,0,0,0,0,0,0,0,0,0,0,0,127063.690270,0,0,0,2319206567.580946
2023-03-01,5534483134.427309,167450153.771169,0,0,186642440.768628,195330850.372187,865085521.260363,0,29085338.273368,0,0,0,0,0,0,0,0,0,0,0,0,0,691124.152947,0,0,0,6978768563.025971
2023-04-01,1461970007.847134,60001178.228524,0,3.309500,259753952.620160,91981663.577854,293364160.038370,0,19747485.433635,0,0,0,0,0,0,0,0,0,0,0,0,0,336565.220634,0,0,0,2187155016.275812
2023-05-01,880195482.509924,56853938.691674,0,0.249394,330849077.057700,103139925.921581,148181494.454587,0,25690664.744522,0,0,0,0,0,0,0,0,0,0,0,0,0,301239.475118,0,0,0,1545211823.104500
2023-06-01,1549310592.770402,195400600.175306,0,0.842575,169382829.183131,74373914.108498,186736445.521399,0,26501921.755445,0,0,0,0,0,0,0,0,0,0,0,0,0,290579.638468,0,0,0,2201996883.995222
2023-07-01,1312034422.338000,66313347.588288,0,672.431073,114773675.855365,161552128.974516,133591459.549898,0,24262493.899447,0,0,0,0,0,0,15490.700768,0,0,0,0,0,0,332640.766792,0,0,0,1812876332.104147
2023-08-01,1334471667.479434,54925677.437292,26909899.748572,976.572667,134759129.415699,275511316.752575,102915726.064889,0,32193389.290277,12321918.281634,0,0,0,0,0,668974.563020,0,0,0,0,0,0,477673.517929,0,0,0,1975156349.123987
2023-09-01,983751479.681230,16516568.460527,24645872.412862,63.046500,100488031.306068,188550130.825540,93257486.546499,0,12002860.807159,5167569.348218,0,0,0,0,0,6231740.087497,0,0,0,0,0,0,133683.952962,0,0,0,1430745486.475061
2023-10-01,1692414255.581525,31915063.925203,27316168.324736,23700.802044,101433124.861156,234877141.948210,124824287.619340,0,15917073.687061,4958877.488772,0,0,0,0,0,15115840.698418,0,0,0,0,0,0,757493.573211,0,0,0,2249553028.509676
2023-11-01,1323134397.244915,102347898.855610,21204466.834509,3873209.234131,112807189.923241,148579336.061310,137149899.212001,0,21834906.450074,1711312.334064,0,0,0,0,0,14565031.021402,0,0,211300.888323,0,0,0,972999.747781,0,0,0,1888391947.807362
2023-12-01,1160816295.686205,128729011.041275,27733892.446075,69365534.842888,322555658.350695,411356556.310091,165782391.898307,0,47015165.959999,5323075.804601,0,0,0,0,0,29949346.020190,0,0,0,0,0,0,976616.698157,0,0,0,2369603545.058484
2024-01-01,1740063555.661711,102171189.247916,36576117.928936,125507177.936724,395832416.240925,230063934.896629,188573717.086880,0,40643208.080964,8091667.796791,0,0,0,0,0,59510724.763925,0,0,0,0,0,0,532153.563646,0,0,0,2927565863.205047
2024-02-01,1528632589.021776,143764384.752864,42925943.245517,85953052.991938,404514324.082360,471130187.350892,211353079.550832,0,50870386.615121,4640904.798125,0,0,0,0,0,99992225.863249,0,0,3297028.108042,0,0,0,1194398.887930,0,0,0,3048268505.268647
2024-03-01,2941875586.590991,301312964.259863,124785059.895890,190529634.685407,784419449.068098,256688896.050847,425846623.908176,0,76352395.209906,32887764.266514,0,0,0,0,0,95857632.386563,0,0,15750780.129865,0,0,0,7053429.710836,0,0,0,5253360216.162955
2024-04-01,1885339709.602990,83427594.927960,149494579.472306,154891521.708989,656434018.628800,287454897.543687,244010029.330380,0,98619098.903459,79056604.151222,0,0,0,0,0,50053426.400027,0,0,23724818.058437,0,3304948.731559,0,3323357.257121,0,0,0,3719134604.716934
2024-05-01,2881806200.774324,52282918.227801,225610575.876985,111768620.889600,338134704.876150,131128887.237928,628152665.318047,0,53137402.454273,109777723.802901,0,0,0,0,0,28212256.723179,0,0,31278216.466471,0,1281597.129276,0,2732085.926786,0,0,0,4595303855.703722
2024-06-01,1914419888.466885,73546825.651064,135754541.599626,115944915.869845,338065099.217267,114207127.760500,223617849.732574,0,48525285.892584,117181561.956173,0,0,0,0,0,1942303.805451,0,0,29964176.287006,0,9895.447948,0,2842961.550552,0,0,0,3116022433.237474
2024-07-01,3790727404.768498,166977292.190559,421297193.938548,208195938.060677,320885126.517991,211960261.424803,362409844.879104,0,43117384.423198,184375219.885618,0,0,0,0,0,413244.243754,0,0,72506379.224359,0,9121.382101,0,2580620.276491,0,0,0,5785455031.215702
2024-08-01,4151026575.668302,210896702.097269,645530910.830615,416026016.826811,644195211.645906,144770555.644166,327081431.641372,0,49479826.244589,60157326.494054,0,0,0,0,0,116466.171955,0,0,49428957.723819,0,1303.749624,0,2311592.480208,0,0,0,6701022877.218692
2024-09-01,3047165287.574510,363669390.753637,2825298568.317904,269373366.884389,438693808.307644,144827693.047353,271286607.124342,0,35004963.786809,27898571.526167,0,0,0,0,0,7778022.579720,0,0,34653889.668433,0,68.648016,0,3419012.302140,0,0,0,7469069250.521064
2024-10-01,4779198379.560868,688665628.331137,7702854049.720259,371417107.145353,438942630.034765,272019014.187587,221525635.599314,0,579555941.939365,38119385.191796,0,0,0,0,0,3926086.968994,0,0,60236510.128396,0,328.427380,0,2702105.964662,0,0,0,15159162803.199875
2024-11-01,8182709289.660028,909021728.250149,1508215884.635254,547046767.975851,848354324.232724,326539218.728344,501565258.787629,0,3032310055.280556,38358508.861158,0,0,0,0,0,2191087.535959,0,0,20270703.950786,0,146.058450,0,3226753.121613,0,0,0,15919809727.078501
2024-12-01,7595659986.529660,928061461.525101,3871593755.697355,395912312.824805,1207397535.469851,135792869.499822,625217936.313723,0,988260641.910062,25519420.394785,0,0,0,0,0,4355903.532521,0.219370,0,8299098.738991,0,1384.612750,0,3618124.158196,0,0,0,15789690431.426991
2025-01-01,6355938904.073044,432090740.176916,5756756932.110176,782762825.274730,702301779.306212,70098342.696796,491603539.570324,0,664244334.236994,54959137.906343,0,0,0,0,0,127315160.076324,827588.817575,0,9289812.261094,0,0,0,7020614.522564,1004628.186482,0,0,15456214339.215574
2025-02-01,5864193481.668968,220759402.387222,8040406722.652083,470390091.476115,923558518.162915,41270192.177762,404357478.921827,0,69920610.698917,21971745.702007,0,0,0,0,0,80563608.354119,17287616.635276,0,2643758.366592,0,49.999500,0,4798943.217162,5918797.285552,0,0,16168041017.706018
2025-03-01,6357446567.947032,119527920.846211,931828994.317175,337708787.917875,562193341.738750,40821686.815408,186054667.888412,0,43599850.071464,15683872.633894,0,0,33029.751371,0,2730719.533300,38982010.147960,196379675.814648,0,2461064.376603,0,0,0,3295896.187354,7696343.460041,0,0,8846444429.447500
2025-04-01,8767976685.623590,145448159.852409,477235381.045321,301388860.890404,230317648.568616,67473842.948127,194152960.371152,0,24535351.963216,8658115.100167,0,0,112887.196600,30.420637,16747.384708,723979.601642,121310447.379618,0,1753370.085350,0,0,65.387554,2759224.387545,7777234.764292,0,0,10351640992.970947
2025-05-01,13487663427.783989,232073612.363584,602501900.388981,318657667.690779,462242311.672580,92743902.019272,298806010.633632,0,98202207.093099,4296678.162585,60694754.485256,0,83326790.288106,16367.094792,7220.044579,689249.572900,113467081.322450,0,4277169.110645,12.111000,0,13040811.576490,2243931.603542,17398797.900531,0,0,15892349902.918793
2025-06-01,11576748366.746418,247322098.206905,527342586.504767,312853885.512421,434377611.891485,57384978.211551,218946016.672168,0,152790824.726000,4680943.084362,78627715.721511,0,372114274.288930,43317.414458,2466053.863304,327427.785651,59504752.854640,0,3349722.274934,6567565.069194,0,8806367.319397,1693143.190922,3504997.452972,0,0,14069452648.791990
2025-07-01,22137712268.236450,522319990.908308,868354955.750403,488924182.783230,390083455.057168,68348466.179858,599016821.218715,0,133602619.738060,8138115.207756,169705987.862352,0,548112303.644070,14816.114693,20857250.673345,623397.007322,43811250.763984,12631253.194912,15547783.667102,28285317.706976,0,12176602.166095,5044284.661657,6781117.991506,0,0,26080092240.533962
2025-08-01,24311182988.961582,989849154.772848,3310956939.443340,906593480.075456,609095036.653138,76414283.572350,787205583.636172,0,117441802.396372,274079565.416973,279605215.365014,0,691432982.999177,26735.744288,622561045.884077,430899.447920,25370073.330272,61239486.031647,18801862.327760,50230536.629786,0,11476715.132800,3158335.412079,3944918.330225,0,0,33151097641.563274
2025-09-01,21979322638.961323,890609667.658761,4600208531.743097,1490561879.970633,714421090.659526,39422600.698521,1130338333.035232,3798493725.735026,82834466.289425,1680674922.261606,305024637.763489,0,252618828.492457,3157.332957,40227833.466376,464800.162693,20053058.038485,58483036.719734,7441706.097319,22541687.578404,0,15635687.490797,2605353.654310,1439174.395111,0,0,37133426818.205292
2025-10-01,18799685659.562534,523643646.834389,10864675990.675825,1250651324.464159,580412162.568426,83254073.036285,929237771.065150,3734147196.615208,64835486.991809,1418982560.222789,305507475.411178,0,12610787.950211,177329402.751102,6467329.988176,1011494.977877,18936645.620795,62904264.062237,8523875.286977,103202142.029827,0,32732478.035182,6712210.649239,1130830.302707,0,0,38986594809.102066
2025-11-01,14136149895.178541,246508703.886301,2303148338.226810,1028040320.284793,1706339852.147534,75602070.227733,800688948.634855,1500662161.992405,40641142.330754,105920921.601325,180977593.608323,1836016.721981,7284434.824323,88663348.321114,6951601.974072,487315.516324,5113080.208778,51823095.138136,3954940.796524,4167832.380765,0,15618545.919031,2270350.668064,1031459.740114,0,0,22313881970.328594
2025-12-01,10070430785.277014,69791401.200581,2293214584.467462,950260304.426622,746032715.260386,21972533.593558,569045265.772577,1201348214.221742,629000388.183804,14756515.081324,192093385.145161,53165746.761512,24082040.116841,83029397.115053,25248271.653250,160649.802031,2351115.567310,27623718.979215,1552326.791762,2963576.050084,0,3725995.026558,1523942.095471,442324.184043,0.605978,0,16983815197.379337
2026-01-01,8824154795.196220,64538621.913637,3758054896.916337,1407859359.197613,349033762.108824,26936999.040124,776396972.455351,1117599379.506096,111019637.467366,18966331.363196,194651858.839441,256164884.665266,5279310.731784,221297151.080963,64192213.685454,142086.729076,1384027.221772,44567709.938814,2753526.516759,2567480.497886,0,3070561.384732,1054009.274089,319162.810311,0,0,17252004738.541107
2026-02-01,12071283521.594021,48950972.080976,741750570.895399,1126436103.709220,1066574266.346676,22110733.634868,578480808.117284,475532270.347203,34086597.101865,2479773.742534,104956219.701899,205527792.392566,1667673.651846,137713531.806041,13907118.405169,374698.641256,836749.921139,38460427.268501,2388354.564646,2252033.798750,2570.717862,3790390.773421,2052146.353412,390611.871265,0,7951.309272,16682013888.747093
2026-03-01,12505880943.846394,45642651.809217,1542859445.112257,2512713931.949277,1116879555.191836,8659901.181136,417965977.885774,593449256.933491,136488869.499323,698364.691440,87163564.377920,147790621.880160,961150.397047,97018204.919073,1533208.373811,145956.938703,424676.395947,77261951.589127,617939.417756,2843538.001724,2195.318275,2516237.308126,2288760.513898,1720796.188799,0,264720.230660,19303792419.951164
2026-04-01,11587075034.454508,91366955.759894,662793014.654905,2952215420.101817,1779897435.898346,5207116.121930,337881627.396896,597944266.354855,79185536.188949,187672.696207,65916020.525758,208439434.772715,39107.321060,56944305.957716,2362270.220619,46523.840452,435699.973578,64566060.321506,525320.065194,1932294.351204,2826687.195674,1478864.712534,1257759.980726,0,4102554.014855,2410924.045141,18507037906.927036
2026-05-01,7003607451.368103,139183707.129047,569936671.189711,2214516431.387737,1515473788.782810,11167567.468556,178433252.323467,400688170.621516,30561524.346902,34947.956586,99358519.685658,120106847.715984,29139.668226,20846511.441827,531305.408110,4897.318530,2338008.030620,26166677.740899,0,1509722.436134,5508865.815266,780007.702667,647960.442345,23105.524278,3724197.178033,14977.364616,12345194256.047626
2026-06-01,7157245393.748137,208926107.032124,516072028.579249,1304742834.414711,429617432.792465,6234220.527977,139721193.495583,266809103.553816,44301532.488992,108846.589371,165771363.256934,39273070.453076,18198.156349,95753167.538530,1363766.018858,74593.112275,555945.356896,4279079.788821,1.326245,2300063.125398,6549664.514518,3437194.961814,1452578.251747,58169.873068,19918654.664997,18426.402727,10414602630.024681
2026-07-01,6395356412.278753,17041393.427186,696382947.049092,5236254727.691557,728185878.287793,6290485.777761,123471516.594441,213691000.297620,57483975.123464,8778.969392,156903713.649866,392911130.459811,1670.723933,18466550.335720,1951946.143493,33886.895312,0,10005653.023372,0,1391944.191680,9981340.725997,1662437.533256,645060.477987,18607.720446,2060840.141639,11470.063202,14070213367.582775
2026-08-01,5126125338.522409,42090681.811961,786407506.428750,10305011688.216145,2030244904.185277,24412519.549949,118830145.171067,219347397.407238,27766078.923689,3871.007513,95028097.427690,466002088.448002,70715.334257,41277470.897241,758688.981727,50707.790042,0,12699930.255456,0,1624261.553878,21431984.194592,1751827.320945,331422.651150,7272.553658,1.000018,100.362579,19321274699.995232
2026-09-01,3783485770.633777,32173773.941894,246754567.404730,23282558697.520035,141123832.893299,6430702.184558,90068958.287403,427981511.524943,2292833.312361,40144.474261,92453255.923980,447036926.714386,71424.414450,26104513.799197,246775.970708,2399.525405,0.559866,2197526.895406,0,639659.201762,101406811.452651,966944.617888,281956.936761,2844.584565,132188.090297,0,28684454020.864590
