day,aave,compound,morpho_blue,venus_finance,maple,fluid,euler,benqi,iron_bank,reserve_lending,spark,lodestar_finance,radiant_capital,banker_joe,blizz_protocol,moonwell,uwulend,strike,percent_finance,lista_dao,seamless_protocol,hyperlend,kinza_finance,apple_lending,hundred_finance,annex_finance,cream_finance,centrifuge,ola_finance,atlantis_loans,hypurrfi,sturdy,nereus_finance,granary_finance,easy_finance,fortress_protocol,tender_finance,hopelend,neku,zerolend,extra_finance,goldbank_finance,sake_finance,channels_finance,paribus,portler,native_lend,aquarius_loan,filda,mahalend,avalon_finance,total
2019-05-01,0,1721992.864351,0,0,0,0,0,0,0,0,0,0,0,0,0,0,0,0,0,0,0,0,0,0,0,0,0,0,0,0,0,0,0,0,0,0,0,0,0,0,0,0,0,0,0,0,0,0,0,0,0,1721992.864351
2019-06-01,0,36659449.618126,0,0,0,0,0,0,0,0,0,0,0,0,0,0,0,0,0,0,0,0,0,0,0,0,0,0,0,0,0,0,0,0,0,0,0,0,0,0,0,0,0,0,0,0,0,0,0,0,0,36659449.618126
2019-07-01,0,188000133.057837,0,0,0,0,0,0,0,0,0,0,0,0,0,0,0,0,0,0,0,0,0,0,0,0,0,0,0,0,0,0,0,0,0,0,0,0,0,0,0,0,0,0,0,0,0,0,0,0,0,188000133.057837
2019-08-01,0,492697939.720925,0,0,0,0,0,0,0,0,0,0,0,0,0,0,0,0,0,0,0,0,0,0,0,0,0,0,0,0,0,0,0,0,0,0,0,0,0,0,0,0,0,0,0,0,0,0,0,0,0,492697939.720925
2019-09-01,0,501913692.832143,0,0,0,0,0,0,0,0,0,0,0,0,0,0,0,0,0,0,0,0,0,0,0,0,0,0,0,0,0,0,0,0,0,0,0,0,0,0,0,0,0,0,0,0,0,0,0,0,0,501913692.832143
2019-10-01,0,513373445.422826,0,0,0,0,0,0,0,0,0,0,0,0,0,0,0,0,0,0,0,0,0,0,0,0,0,0,0,0,0,0,0,0,0,0,0,0,0,0,0,0,0,0,0,0,0,0,0,0,0,513373445.422826
2019-11-01,0,472621897.188179,0,0,0,0,0,0,0,0,0,0,0,0,0,0,0,0,0,0,0,0,0,0,0,0,0,0,0,0,0,0,0,0,0,0,0,0,0,0,0,0,0,0,0,0,0,0,0,0,0,472621897.188179
2019-12-01,0,457172627.402037,0,0,0,0,0,0,0,0,0,0,0,0,0,0,0,0,0,0,0,0,0,0,0,0,0,0,0,0,0,0,0,0,0,0,0,0,0,0,0,0,0,0,0,0,0,0,0,0,0,457172627.402037
2020-01-01,21664294.677825,472524267.545799,0,0,0,0,0,0,0,0,0,0,0,0,0,0,0,0,0,0,0,0,0,0,0,0,0,0,0,0,0,0,0,0,0,0,0,0,0,0,0,0,0,0,0,0,0,0,0,0,0,494188562.223624
2020-02-01,89548256.340382,497554817.007653,0,0,0,0,0,0,0,0,0,0,0,0,0,0,0,0,0,0,0,0,0,0,0,0,0,0,0,0,0,0,0,0,0,0,0,0,0,0,0,0,0,0,0,0,0,0,0,0,0,587103073.348035
2020-03-01,239788320.192864,296443931.524306,0,0,0,0,0,0,0,0,0,0,0,0,0,0,0,0,0,0,0,0,0,0,0,0,0,0,0,0,0,0,0,0,0,0,0,0,0,0,0,0,0,0,0,0,0,0,0,0,0,536232251.717170
2020-04-01,292002775.527237,159726284.332730,0,0,0,0,0,0,0,0,0,0,0,0,0,0,0,0,0,0,0,0,0,0,0,0,0,0,0,0,0,0,0,0,0,0,0,0,0,0,0,0,0,0,0,0,0,0,0,0,0,451729059.859966
2020-05-01,357141503.461223,204722076.234863,0,0,0,0,0,0,0,0,0,0,0,0,0,0,0,0,0,0,0,0,0,0,0,0,0,0,0,0,0,0,0,0,0,0,0,0,0,0,0,0,0,0,0,0,0,0,0,0,0,561863579.696085
2020-06-01,540439517.576412,1301302803.536473,0,0,0,0,0,0,0,0,0,0,0,0,0,0,0,0,0,0,0,0,0,0,0,0,0,0,0,0,0,0,0,0,0,0,0,0,0,0,0,0,0,0,0,0,0,0,0,0,0,1841742321.112885
2020-07-01,2915913341.747302,3975540432.343784,0,0,0,0,0,0,0,0,0,0,0,0,0,0,0,0,0,0,0,0,0,0,0,0,0,0,0,0,0,0,0,0,0,0,0,0,0,0,0,0,0,0,0,0,0,0,0,0,0,6891453774.091085
2020-08-01,11160716157.242956,2721386782.207561,0,0,0,0,0,0,0,0,0,0,0,0,0,0,0,0,0,0,0,0,0,0,0,0,0,0,0,0,0,0,0,0,0,0,0,0,0,0,0,0,0,0,0,0,0,0,0,0,0,13882102939.450516
2020-09-01,14138338710.889301,2585518001.281368,0,0,0,0,0,0,0,0,0,0,0,0,0,0,0,0,59.449657,0,0,0,0,0,0,0,133359372.793729,0,0,0,0,0,0,0,4726347.647896,0,0,0,0,0,0,0,0,0,0,0,0,0,0,0,0,16861942492.061953
2020-10-01,8947250944.228125,4502661884.319038,0,0,0,0,0,0,0,0,0,0,0,0,0,0,0,0,141068327.337455,0,0,0,0,0,0,0,46045750.651711,0,0,0,0,0,0,0,204708588.686691,0,0,0,0,0,0,0,0,0,0,0,0,0,0,0,0,13841735495.223021
2020-11-01,6858495481.328278,9197562233.705389,0,107302418.247306,0,0,0,0,0,0,0,0,0,0,0,0,0,0,154626519.562634,0,0,0,0,0,0,0,25319497.638748,0,0,0,0,0,0,0,339602.076414,0,0,0,0,0,0,0,0,0,0,0,0,0,0,0,0,16343645752.558769
2020-12-01,8826390471.234863,19955493028.556393,0,879381379.111257,0,0,0,0,0,0,0,0,0,0,0,0,0,0,183906409.666883,0,0,0,0,0,0,0,22558366.318436,0,0,0,0,0,0,0,264106.186471,0,0,0,0,0,0,0,0,0,0,0,0,0,0,0,0,29867993761.074299
2021-01-01,10319185117.433941,32439316215.699497,0,845122991.600851,0,0,0,0,31.008116,0,0,0,0,0,0,0,0,0,183906409.666883,0,0,0,0,0,0,0,33425174.039637,0,0,0,0,0,0,0,120362.149641,0,0,0,0,0,0,0,0,0,0,0,0,0,0,0,0,43821076301.598572
2021-02-01,14631699007.952333,44630153140.700027,0,5426413879.412021,0,0,0,0,1050132210.502943,0,0,0,0,0,0,0,0,0,166109015.182991,0,0,0,0,0,0,0,59398746.953639,0,0,0,0,0,0,0,235389.598818,0,0,0,0,0,0,0,0,0,0,0,0,0,0,0,0,65964141390.302765
2021-03-01,25731940965.061554,74740203731.569000,0,22124726217.504051,0,0,0,0,585844907.962998,0,0,0,0,0,0,0,0,0,183906409.666883,0,0,0,0,0,0,0,92557608.158033,0,0,0,0,0,0,0,1546053.871976,0,0,0,0,0,0,0,0,0,0,0,0,0,0,0,0,123460725893.794510
2021-04-01,43479675708.967949,107316834973.203247,0,38147158615.901413,0,0,0,0,2860096215.715985,0,0,0,0,0,0,0,0,0,177973944.838919,0,0,0,0,0,0,0,187984154.722173,0,0,0,0,0,0,0,9820306.553839,8902084.987511,0,0,0,0,0,0,0,0,0,0,0,0,0,0,0,192188446004.891052
2021-05-01,140232830529.011505,106256206394.501877,0,21632508853.147308,0,0,0,0,6381745979.489650,509063856.094111,0,0,0,0,0,0,0,320676.571582,183906409.666883,0,0,0,0,0,0,0,233403012.206315,0,0,0,0,0,0,0,9127517.113619,118916391.299464,0,0,0,0,0,0,0,0,0,0,0,0,0,0,0,275558029619.102295
2021-06-01,160700612860.167633,67335310864.735199,0,7314428546.354532,0,0,0,0,8974080645.011530,279820568.036841,0,0,0,0,0,0,0,33408866.206869,177973944.838919,0,0,0,0,8039324.956972,0,0,91024035.698576,0,0,0,0,0,0,0,8764819.625838,108105153.395208,0,0,0,0,0,0,0,0,0,0,0,0,0,0,0,245031569629.028107
2021-07-01,170757196140.298706,89823933271.371445,0,9867061291.437765,0,0,0,0,6038850206.793979,128369528.666608,0,0,0,0,0,0,0,72436072.259662,183906409.666883,0,0,0,0,109206359.033602,0,0,74628721.388956,0,0,0,0,0,0,0,9079351.163800,54543804.139421,0,0,0,0,0,0,0,0,0,0,0,0,0,0,0,277119211156.220886
2021-08-01,224963031161.095367,122523453092.746429,0,12705277569.106588,0,0,0,1036085008.873096,5174411542.794338,143439061.593198,0,0,0,0,0,0,0,150975175.408290,183906409.666883,0,0,0,0,125758110.999404,0,0.000000,113154576.903568,0,0,0,0,0,0,0,9085684.734413,42931540.885361,0,0,0,0,0,0,0,0,0,0,0,0,0,0,0,367171508934.806885
2021-09-01,226405522810.366150,130592882030.381836,0,10850268568.540400,0,0,0,5415226756.272709,5810120676.008643,126325168.024532,0,0,0,0,0,0,0,230440936.588770,177973944.838919,0,0,0,0,122044152.603194,3408554.266985,654775838.748314,114170459.776279,0,0,0,0,0,0,0,8792665.863380,29143351.613281,0,0,0,0,0,0,0,4957691.132968,0,0,0,0,0,0,0,380546053605.026428
2021-10-01,222702924460.993500,105986930211.584015,0,11272804334.854042,0,0,0,7758248516.257910,6427440305.187498,108908465.240773,0,0,0,12978883247.326508,0,0,0,258521265.286448,183906409.666883,0,0,0,0,126115258.701838,139490423.041099,718484739.545251,204513459.012881,0,0,241535212.314462,0,0,0,0,9108911.341210,28659916.421344,0,0,1723101.544215,0,0,0,0,41971548.521433,0,0,0,0,0,0,0,369190169786.841248
2021-11-01,192929019391.694977,106536232222.285095,0,10227250385.439205,0,0,0,14435070212.448885,7441740372.396194,98302565.391086,0,0,0,16914220428.723366,22967625956.108818,0,0,284043344.232763,177973944.838919,0,0,0,0,122043339.887895,103531750.861938,564135646.575422,115572590.274816,0,9372678.728170,966201345.988821,0,0,0,0,9145607.999369,26954497.898790,0,0,2696318.592598,0,0,0,0,21073591.228376,0,0,0,0,0,0,0,373952206191.595703
2021-12-01,210587597032.321838,100793024140.886551,0,10122341111.574480,0,0,0,19814170807.114567,5791881413.013806,64987037.747920,0,0,0,13185040333.107981,12710253944.494154,0,0,275308301.063824,183906409.666883,0,0,0,0,126109956.290969,103599451.483414,480032443.075512,87568331.293605,0,50428812.286709,515292785.249872,0,0,0,0,9464194.157264,18520641.844212,0,0,2347324.695159,0,0,0,0,2157510.427133,0,0,0,0,83134.432693,0,0,374924115116.228394
2022-01-01,200177273938.735809,77593837956.557495,0,9245235918.178835,0,0,0,14887278486.362984,5074269721.663270,33320733.635830,0,0,0,8530898545.617293,4085618441.195883,0,0,265336028.903209,183906409.666883,0,0,0,0,126109956.290969,112601789.517411,172516752.256702,73484955.828067,85989564.372350,46377161.092725,174378844.582848,0,0,0,0,9456160.842411,11714552.884259,0,0,2619688.234173,0,0,0,0,100481.718716,0,0,0,0,356923.708013,0,0,320892683011.846069
2022-02-01,140136097250.605438,54433047620.228989,0,7426336557.811751,0,0,0,10093529056.858679,3575047568.479973,19568678.721875,0,0,0,6228533982.057047,2336171656.852417,0,0,228003081.342219,166109015.182991,0,0,0,0,113905766.972488,131137385.055678,50594939.183556,61040326.913301,158903192.072702,158231539.594613,91425043.989383,0,0,6646270.690676,0,8536720.421060,8731202.051759,0,0,2565198.967316,0,0,0,0,39256.389425,0,0,0,0,324243.800921,0,0,225434525554.244202
2022-03-01,123574062859.821045,63945256459.227219,0,8955980958.954899,0,0,0,9312744254.280886,2993231587.273774,21068727.414140,0,0,0,5650738368.021667,905022812.376577,0,0,250090443.600085,183906409.666883,0,0,0,0,126109956.290969,122316457.455013,57396683.041490,97982124.011773,214175223.103173,294161252.447712,58633165.899043,0,0,164158899.255446,0,9447252.906983,8820186.976116,0,0,2945178.050349,0,0,0,0,51005.875430,0,0,0,0,370038.524606,0,0,216948670304.475311
2022-04-01,151646518223.142120,52504085561.538857,0,9148347106.015860,0,0,0,8218102841.336093,2105529253.619915,21974412.242634,0,0,0,4469399406.297344,167485103.806701,0,0,267100810.481821,177973944.838919,0,0,0,0,122041893.184809,58597421.341647,80756505.838228,121412759.743270,216502287.011155,380367038.597110,37196001.957072,0,0,272281291.302699,0,9140390.375296,5760328.007327,0,0,3385877.609936,0,0,0,0,45677.270293,0,0,0,0,361912.367408,0,0,230034366047.926483
2022-05-01,113821317801.648590,28539129395.649628,0,5782613822.803900,0,0,0,2909304227.300499,1628733955.481678,14974560.797214,0,0,0,1677328104.808234,100694331.360154,0,0,502965016.768782,183906409.666883,0,0,0,0,126109956.290969,18397676.927646,166411488.152885,102056881.584734,202565969.474586,211506379.997083,22848816.366860,0,1502.873266,284496080.020521,12.003107,9445068.881652,5372597.675733,0,0,4077215.365912,0,0,0,0,58149.622567,0,0,0,0,183575.792839,0,0,156314498997.315857
2022-06-01,103030047928.072617,18603204258.877506,0,3957783156.248521,0,0,0,1584251706.224049,842564667.563620,9382011.340289,0,0,0,385970520.379255,99601567.040861,0,0,606954249.236046,177973944.838919,0,0,0,0,122041893.184809,5976512.616420,144428464.949645,87313759.637011,154184280.703274,123281043.702536,10706950.632484,0,196052.609970,169901567.168317,1527560.785539,9140375.859354,3618641.769601,0,0,4389831.459972,0,0,0,0,84498.026718,0,0,0,0,63278.241220,0,0,130134588721.168564
2022-07-01,68644550617.813553,17444316074.218025,0,3989955916.600322,0,0,0,2015642395.233833,680075726.636152,8781223.035561,0,0,811292237.004790,109950264.979491,102921619.275556,0,0,562060632.180481,183906409.666883,0,0,0,0,126109959.850574,3471462.694160,55461793.216680,80976232.025327,106976066.383610,121257339.667518,6270544.634908,0,34830808.204660,170746826.698061,3500041.633118,9443959.039106,3507800.669218,0,0,4964223.724916,0,0,0,0,19039.805990,0,0,0,0,68569.357387,0,0,95281057784.249878
2022-08-01,76938656366.980255,19021065991.660694,0,4192345456.858311,0,0,0,2147144466.467402,775576168.793149,8767877.801748,0,0,5578904950.659010,110750535.665218,102921619.275556,0,0,560113121.620659,183906409.666883,0,0,0,0,126109961.088697,3553373.354754,39312663.288022,58609421.720729,90146541.757416,130282349.247816,5998865.201097,0,116994070.799477,148162687.643402,6820791.662657,9443532.919918,3398137.625264,0,0,5251012.901389,0,0,0,0,15099.124636,0,0,0,0,68359.870391,0,0,110364319833.654572
2022-09-01,59820382371.784439,16290996620.962656,0,3646925961.562230,0,0,0,1282089607.984599,755258663.970315,8495057.299579,0,0,3583251961.667661,89702853.840561,99601567.040861,0,0,542807216.729453,177973944.838919,0,0,0,0,122041897.827771,4938599.665706,34595514.906811,26406120.804396,83703958.557891,108978319.756179,6472914.035352,0,134703799.811486,140829674.745144,6683964.921096,9138909.227939,3161165.994879,0,0,5521060.416908,0,0,0,0,18419.882565,0,0,0,0,67287.596039,0,0,86984747435.831451
2022-10-01,50950690692.183792,17588655782.821411,0,5460910931.214085,0,0,0,893564835.688625,732272795.888482,8607326.982243,0,0,1600615739.296710,187338173.493999,102921619.275556,0,1474380384.451546,562123598.806854,183906409.666883,0,0,0,0,126109961.088697,7791993.877359,29464270.353799,17430169.030317,86687279.549612,117907370.082056,6930419.869329,0,197327817.149852,144035246.773695,11642266.745538,9443637.743346,3355690.296362,0,0,5705095.764138,0,0,0,0,5377.046499,0,0,0,0,69828.651512,0,0,80509894713.792328
2022-11-01,34369592228.422157,14848324778.352308,0,5587323543.650155,0,0,0,469431410.990697,597510978.580361,7637530.192759,0,42106713.908130,1525240679.259722,140340807.784663,99601567.040861,0,1776968570.633229,515322308.213653,177973944.838919,0,0,0,0,122041897.827771,3734827.606963,16572425.025307,15659508.156948,83861632.209847,102022810.071522,6856360.611729,0,168519926.725183,121775344.197647,11661434.883988,9138981.704690,3164136.112860,153.265262,0,5521060.416908,0,0,0,0,6542.991973,0,0,0,0,67232.400931,0,0,60827979336.077148
2022-12-01,30237277505.119274,13640685785.166912,0,5715842353.351976,0,0,0,401043054.928099,602281685.983662,7768205.822642,0,1779783873.674587,1626629997.952290,136467047.906951,102921619.275556,0,1662393456.624285,351846868.877011,183906409.666883,0,0,0,0,126109961.088697,3375108.826626,8013076.540061,8453828.395149,85484333.619861,77621291.229527,6603189.716998,0,186714955.469470,78869581.393425,10715325.278608,9443551.005868,3255448.182406,50335.289481,0,5705095.764138,0,0,0,0,3488.523030,0,0,0,0,69382.203388,0,0,57059335816.876877
2023-01-01,32029104680.130703,14033408836.962481,0,5755979303.770355,0,0,0,364318189.345427,616307146.373278,7841560.179033,0,2428507082.274129,2140126979.573238,135724403.987644,102921619.275556,0,1546314298.890349,302641620.831667,183906409.666883,0,0,0,0,126109961.088697,2935949.313030,7250705.773639,7863358.459981,84704984.671833,73973806.629297,5398096.864605,0,190959820.140206,38090818.014758,14598153.768229,9443537.237435,3286655.763083,5025543.973040,0,5705095.764138,0,0,0,0,2912.506009,0,0,0,0,77153.105548,0,0,60222528684.334267
2023-02-01,32027415209.201183,15100315068.472164,0,5752214550.514925,0,0,0,395918928.762939,604962075.727692,7135216.383498,0,2193320977.116486,4488910918.147977,118669667.675377,92961462.571470,0,1447501221.016255,274581405.410985,166109015.182991,0,0,0,0,113905771.305920,5749257.444400,6610201.574663,7159316.892328,76720073.288242,73402207.998771,5971950.497951,0,160545405.776529,12538681.178206,17041560.563290,8529635.951638,3070030.652418,18465077.201252,0,5152989.722447,0,0,0,0,2644.635361,0,0,0,0,72085.004026,0,0,63184952605.871399
2023-03-01,35097295263.773155,16134143927.484890,0,7202455807.406364,0,0,0,394812841.718611,548718544.202376,7990744.151484,0,2428319654.539594,5273456058.902517,117313932.712060,102921619.275556,0,1724499229.800595,290096614.761853,183906409.666883,0,0,0,0,126109961.088697,9905191.895026,6206957.075382,8029447.761707,85422710.134048,75872407.655567,5484034.668605,0,171637718.972501,11565991.130355,21820998.837929,9443529.644127,3504223.328008,21374912.737410,0,5705095.764138,0,0,0,0,2945.692960,1025.945287,0,0,0,13182.237917,0,0,70068030982.965607
2023-04-01,33709716098.314045,15932700829.186342,0,7186548065.985673,0,0,0,406276147.930715,510561371.472817,7818531.101963,0,2695331525.782954,4483788719.780946,87420263.190606,99601567.040861,0,1662093612.868797,275564962.194704,177973944.838919,0,0,0,0,122041897.827771,46751516.110294,5773950.047471,7969139.360214,82858480.842948,55590209.007572,1975700.111416,0,172065571.861078,5773925.203462,21793007.362185,9138902.190067,3572493.439535,29611328.622777,0,5521060.416908,0,0,0,0,2866.391376,1013834.186804,0,0,0,5517.010450,0,0,67806855039.681664
2023-05-01,36374172092.608246,17198509474.837868,0,7239637611.754030,0,0,0,388422766.150901,530717465.145404,8067407.419753,0,2820299000.001663,4753177880.444597,69411223.387103,102921619.275556,0,1693264518.874918,166020100.806977,183906409.666883,0,0,0,0,126109961.088697,82038709.174916,5607297.167962,8813068.334546,85902116.588238,43643300.515565,1705381.864517,0,173101395.433876,4247608.628125,282333918.262177,9443525.673353,3816365.242397,65150677.299402,0,5705095.764138,0,0,1360159.699231,0,203492.417748,1579411.957566,0,0,0,197.104241,0,0,72429289252.590637
2023-06-01,39621079564.291649,16857199701.319908,0,7026518311.820215,0,0,0,334745530.563810,520947575.023782,8445112.407301,0,2621257618.244921,4090699113.922609,62912090.796396,99601567.040861,0,1522853080.493586,245764979.209226,177973944.838919,0,0,0,526.541714,122041897.827771,79783616.234385,5278153.298187,7520992.748048,83180448.637770,33673389.466730,1582028.077623,0,96180003.912999,1356012.109605,249110068.813159,9138895.812922,3786344.202811,67917876.987158,0,5521060.416908,0,0,4974222.702435,0,272979.262944,1576697.515343,0,0,0,190.746040,0,0,73962893595.287720
2023-07-01,45608449385.634773,23224168356.433826,0,7603742724.729774,12500700.439100,0,0,338718271.472112,537878879.151970,9498060.035770,0,2644911980.324655,4188569772.994633,62937845.760858,102921619.275556,0,1603973256.855970,260891513.284108,183906409.666883,0,0,0,103160.654883,126109961.088697,82100540.314322,5509369.259857,7889370.117358,86378312.021675,27623806.456562,1686513.286503,0,19657041.845996,1177814.211313,107423929.163853,9443525.673353,4045587.489846,49942789.543465,0,5705095.764138,0,0,5102434.367572,0,307282.362950,1581345.651559,0,0,0,201.880242,0,0,86924856857.214111
2023-08-01,38188409368.735176,24619347891.990959,0,6772367162.736437,18339041.536204,0,0,315574089.513436,536940661.785982,9547341.104667,0,2568818599.631527,3895702301.236802,60842215.685464,102921619.275556,0,1614007976.520609,276493767.757999,183906409.666883,0,0,0,5519471.392161,126109961.088697,82165202.667494,5534702.142093,8322569.879733,80269376.130420,20868485.555873,1721749.892194,0,20327324.664683,1226322.638416,38524658.838057,10551110.876708,4217695.813903,36147903.821860,6105807.720308,5705095.764138,0,0,5102434.367572,0,333596.571159,1581196.512006,0,0,0,205.813420,0,0,79623553319.328629
2023-09-01,36826034360.311508,21234594897.899216,0,5988941235.950755,167797313.161478,0,0,268165333.723250,519606691.464330,11178391.495721,0,2433581894.528303,3380198803.235528,57543239.891264,99601567.040861,27801128.987482,1426764214.774460,305106312.614569,177973944.838919,0,0,0,10347344.577116,122041897.827771,79559495.044288,5421833.946709,8718676.691818,60665822.986174,19004782.632686,1666059.745965,0,11318486.174241,1188541.668643,24951394.264435,11533428.015774,4383914.565050,30130511.762669,7237362.474258,5521060.416908,0,0,4937839.710554,0,348057.201940,1533231.038965,0,0,0,199.174277,0,0,73335399269.837891
2023-10-01,39279161554.285103,21308285412.637955,0,6321630585.093521,383439890.554191,0,0,283082526.751826,541935436.777808,12741903.213778,1337628.458410,2533904194.434924,3501839010.330930,55965132.178273,102921619.275556,88712498.751461,1358861583.721980,341644584.400915,183906409.666883,0,0,0,17081775.301033,126109961.088697,82224375.035282,5888016.987474,8920076.860843,62688017.085713,16472130.879485,1721050.301416,0,11664820.781018,1243631.020471,24399020.089954,11962166.973627,4736251.387921,29457020.608537,12356408.145614,5705095.764138,0,0,5102434.367572,0,397503.800205,1588057.204638,0,0,0,205.813420,0,0,76729087990.030579
2023-11-01,40190911924.985336,21264498862.781670,0,6612804950.354765,849464211.626068,0,0,386914218.202563,529995476.438899,14849296.780751,5034245.852861,2572048176.336970,3072412492.227938,50768695.712392,99601567.040861,105542223.173607,1345099395.481563,379603617.668669,177973944.838919,0,0,0,73920954.310088,122041897.827771,79511168.282071,5781161.054788,8781537.868227,60665822.986174,15021324.070087,1665532.549757,0,8358800.524767,1596085.314426,21032953.492467,11579216.659785,4744229.581102,24852869.507996,16282513.315413,5521060.416908,0,0,4937839.710554,0,433681.495885,1540380.559390,0,0,0,199.174277,0,0,78125792528.205765
2023-12-01,45801157555.798096,22202628494.456875,0,7811543318.349892,848568615.209239,0,0,537733786.353714,586292739.475704,15701094.731804,10588329.677078,2644466217.600082,2298268742.258502,55311784.841548,102921619.275556,169652433.651887,1434713649.383918,409512254.603792,183906409.666883,0,3558857.374547,0,219915964.787071,126109961.088697,82140473.216305,5972542.761727,8608430.346303,62688017.085713,13681003.589304,1702810.886531,0,8818042.966717,2035021.427531,21680614.406967,11965818.064984,4901379.149133,23335440.053072,16825263.759260,5705095.764138,0,0,5102434.367572,0,479908.375326,1606466.034910,0,0,0,205.813420,0,0,85739800796.653824
2024-01-01,52585168965.564346,21971101572.023472,101089520.840001,8759837813.476774,921251074.208207,0,0,607276732.135225,613487045.840306,22153109.396221,15651670.773180,2590054760.617267,1654919268.157270,55765739.908977,102921619.275556,190259145.959336,1258226911.820135,442214797.266865,183906409.666883,0,23586861.935860,0,843250975.682140,126109961.088697,82206502.528315,6092078.601024,6548690.740009,62889495.368192,12718523.425102,1696466.742224,0,6173749.875840,1938923.799453,21736670.177375,12302881.067200,4900912.236281,22372114.931146,16825263.759260,5705095.764138,0,0,5102434.367572,0,531759.154056,1609156.940860,0,0,45086.864597,205.813420,0,0,93339629967.792786
2024-02-01,52615186246.666214,20727001269.349628,457764966.752216,8863549796.522650,806375981.887676,108222854.494861,0,590913398.907385,575535290.160037,26323783.664359,20167211.466830,2438248785.421458,1935527536.220964,53481275.398405,96281514.806166,191476060.379750,662689188.259827,406881399.232475,172041480.010955,0,13190966.464229,0,923444664.169851,117973834.566845,77079084.212215,5684584.413982,5797170.861706,59373987.660621,11763094.330307,1587018.740777,0,3670791.149065,1641348.969685,28325556.206780,11732446.450562,4584164.905387,4323121.543163,15739762.871566,5337025.069678,0,0,4773245.053535,0,875612.997393,1507479.847724,0,0,328186.802176,192.535135,0,0,92046401379.424210
2024-03-01,77189251967.319504,23685191006.376823,1185745603.638149,11053735221.006344,956399894.596733,1142914396.840028,0,733050170.035574,647505357.482558,35808335.655429,53422308.712545,2530665976.634807,1663731988.003224,59374080.168652,102921619.275556,349960763.222132,548619231.727551,445210917.058451,183906409.666883,0,51493401.156953,0,803707633.915028,126109961.088697,82394919.119928,5920743.609725,5883321.833126,63468745.430319,12915244.637514,1696472.422172,0,2462992.463710,1337111.966367,25650822.697838,12541580.688532,4901381.677058,5659021.032005,16825263.759260,5705095.764138,1819171.174267,0,5102434.367572,0,1283631.114952,1615329.609740,0,0,465588.572862,205.813420,0,0,123806375321.336136
2024-04-01,81983742741.943848,21706031489.460903,1703558635.761350,10081174798.457130,965722331.314121,1573471542.119842,0,711629966.056082,639856307.288169,36189174.426296,60427385.328660,2381962784.446635,1136861900.399539,53748495.851170,99601567.040861,774114307.301394,415571492.902891,368844224.226793,177973944.838919,0,374091623.978054,0,583914530.379835,122041897.827771,79737148.773065,5891402.813355,5792194.519086,3034377.027377,12259059.649822,1641747.505328,0,2382164.251209,1037638.409272,24838609.710285,12137013.569547,4744724.289343,5163210.609544,16282513.315413,5521060.416908,12222543.756991,0,4937839.710554,0,1520681.530610,1565770.259439,0,0,757680.195512,205.567859,0,0,126151998727.230759
2024-05-01,89684901355.134186,22108524621.610229,2263933344.511535,10322342446.992216,1511794840.764143,2356195035.353544,0,699773501.102445,666750416.733271,63695334.301243,69355088.169422,2462320568.613408,925667743.182356,55656039.972211,102921619.275556,1247328630.650262,390584120.457688,213637506.699741,183906409.666883,0,816516331.199694,0,625337938.885121,126109961.088697,82395092.546421,6240959.783960,5910991.419138,0,11983174.484386,1696472.422172,0,1865545.635572,1068551.675686,21835055.941730,12541580.688532,4902881.765654,4819123.561323,16825263.759260,5705095.764138,10572469.131893,0,5102434.367572,0,1571370.914964,1654624.732936,0,0,934194.554295,215.251564,0,0,137094877952.765091
2024-06-01,102689080638.362885,23026855906.981430,2924758482.586431,10361051135.627213,1869714791.266231,2957145583.007210,0,684356717.226623,659446442.745478,77459341.047337,72335162.538195,2394758851.214412,726353297.251017,55233648.306116,99601567.040861,1792091792.978978,309618529.997436,205643923.957221,177973944.838919,0,1232772044.853197,0,543564984.626483,122041897.827771,79737148.738072,6109180.938814,4992105.098343,0,11412210.850762,1641747.505328,0,1264300.268241,989100.267745,12500617.711962,12137013.569547,4744724.289343,5102034.143616,16282513.315413,5521060.416908,7797790.379572,0,4937839.787743,0,1520681.530610,1638888.897983,0,2323233.410551,965730.394896,208.307965,0,0,153163476814.104858
2024-07-01,106496702623.683136,21178094404.556789,4312135589.921087,10981015742.714632,2453560199.146337,3264696934.708235,0,1386693081.822136,698011530.764020,114674448.363784,72617126.890957,2525474326.665312,638179304.907792,57136228.351252,102921619.275556,1264229851.860950,117598503.255366,178051017.364145,183906409.666883,0,1531029217.150915,0,422402277.916190,126109961.088697,82394957.252062,6387022.736302,4575392.148195,0,11939878.111213,1696472.422172,0,1306596.912770,966797.601533,12286371.986929,12541580.688532,4902881.765654,5004626.517170,16825263.759260,5705095.764138,7791269.034411,0,5102434.538492,0,1571370.914964,1673937.668139,0,8525838.504881,878928.080017,217.855857,0,0,158297317334.336884
2024-08-01,98632665920.713837,17954499034.235455,4796457125.054437,10596907953.294052,3041507058.304781,3507718003.834845,11789.026289,1778895116.740649,715601053.873946,181189947.307929,61849758.291134,2559396878.410631,840685487.995927,42863760.142964,102921619.275556,717826298.259748,85404409.533716,125452894.551768,183906409.666883,0,1089339087.626688,0,296129005.470897,126109961.088697,82394933.320172,6537857.941169,4091443.125766,0,11708796.599879,1696472.422172,0,1307078.436027,655883.475513,7682379.312006,12541580.688532,4902881.765654,4431544.132278,16825263.759260,5705095.764138,6067771.464634,0,5102434.538492,0,1571370.914964,1640750.373663,0,4349695.190622,745896.471530,222.914238,0,0,147617297925.311462
2024-09-01,97183700840.039612,18804595294.004650,5305540665.954660,10537181472.398067,3885929479.276162,3979496963.982132,12721710.885676,1938164418.795638,710410151.132310,231967731.974501,75201064.960337,2520202503.714375,1001523092.372697,38243971.761164,99601567.040861,856958007.341809,80399291.558885,118400060.076247,177973944.838919,0,676825946.058050,0,225979041.834754,122041897.827771,79736980.816714,6418278.373187,4010269.459239,0,11157874.436252,1641747.505328,0,1264831.580319,508240.238721,8022017.875974,12137013.569547,4744724.289343,3970267.539846,16282513.315413,5521060.416908,4229328.273584,0,4937839.875960,0,1520681.530610,1575514.530864,4034243.372150,785998.453315,690679.960356,215.808501,0,0,148756249439.051392
2024-10-01,116555817586.654510,20414700116.247269,6703180932.009938,11124101812.696980,5059927137.610298,4885911341.228405,47395503.757931,2353055413.092675,745852292.099740,239699989.706985,74163268.740430,2455001240.801661,820100857.646079,40870809.483661,102921619.275556,1702381696.248631,77757137.261085,107658276.721364,183906409.666883,0,822280907.308997,0,203091663.169945,126109961.088697,82394877.182689,6632220.985626,4195027.683087,0,11629623.528544,1695498.718869,0,1306941.186918,267075.857075,7915881.561126,12541580.688532,4902881.765654,3457478.784235,16825263.759260,5705095.764138,10788305.867461,0,5102434.538492,0,1571370.914964,1621065.484971,11124127.987105,1230108.233258,653899.867738,222.668909,0,0,175037446955.546295
2024-11-01,131408546360.761139,20621340872.555786,8119289568.974393,11203495892.365444,5713692950.258452,6018394184.811772,300632571.935898,1876774894.208041,770355694.393717,231967731.974501,62403958.675491,2369465060.922209,327118418.440897,40071490.253953,99601567.040861,2616769835.911963,72132984.732261,128144460.270515,177973944.838919,0,915217893.652054,0,180522296.224324,122041897.827771,79736993.502938,6155293.185189,4217247.095835,0,10858666.070466,1638826.602279,0,1264505.434258,202336.840922,7498284.849941,12369582.629098,4744724.289343,3538166.554133,16282513.315413,5521060.416908,12119160.180199,249.759182,4937839.875960,0,1520681.530610,1641256.916002,6817586.032083,9829.445960,433449.832686,215.396292,0,0,193557463000.785980
2024-12-01,168170560876.489807,23981271587.357067,16000529359.750450,12297366253.248837,5120910449.589753,8544934877.769613,651211494.585719,2419699657.259928,830318241.670711,239699989.706985,60132230.479482,2443050567.689658,313412618.908959,40430936.335409,102921619.275556,2789436077.200808,77828589.995770,187342040.779988,183906409.666883,0,759487774.826845,0,158314145.068237,126109961.088697,82395094.558619,6461207.126366,5913414.492008,0,10187136.662920,1693460.504981,0,1306798.978941,258478.591431,8387180.243564,13022223.411603,4902881.765654,3891606.426010,16825263.759260,5705095.764138,16795102.305183,616.746508,5102434.538492,0,1571370.914964,1775586.477888,452996.470608,1174234.554589,467234.612986,222.576168,0,0,245687165400.228027
2025-01-01,172131188399.416992,25931671297.637321,28935001043.666355,12300523561.180664,5038965491.022359,10416167257.026339,1473451545.709129,2137592370.228561,832285982.833484,563083743.074671,56331241.593368,2438863596.996281,314931137.129507,40406117.133146,102921619.275556,2546814886.113668,39951250.187107,189243897.642676,183906409.666883,0,886283043.242266,0,149660548.409152,126109961.088697,82395161.681522,6465300.285365,13448786.723127,0,10463606.778892,1693460.713203,0,1310092.256680,706112.892819,6204856.251057,13022223.411603,4902881.765654,3835975.496016,16825263.759260,5705095.764138,53250487.876602,5577.777811,5102434.538492,0,1571370.914964,1831304.587657,324379.490534,698943.020269,584276.570916,222.576168,0,0,267065702215.406921
2025-02-01,141544050327.249512,23325126297.579216,39732902890.615906,10946535772.522404,4884745354.244375,9985392353.752434,1320185502.142824,1404571447.642159,791419867.652002,649316412.209056,58309888.644202,2201079472.533794,281344181.501984,35663957.472151,92961462.571470,1824299889.278703,16237897.503873,171450711.186527,166109015.182991,0,322362724.804091,0,117275069.566992,113905771.305920,74431131.915344,5839626.064201,12049400.405299,0,8779086.959648,1529577.418377,0,1185111.340007,892925.660326,2585818.930425,11762008.242738,4428409.336720,3003755.459668,15197012.427719,5152989.722447,25721239.217307,8175.839212,4608650.550896,0,1419302.761903,1718843.601595,329584.729462,6657.121188,553743.773846,201.036539,0,0,240166449519.677368
2025-03-01,140311179349.159515,22322771153.297443,53427113911.314064,11515334426.814091,6487642255.856144,10067114552.446907,1774753573.614481,1177739573.118694,875872815.403181,1236094091.124434,414376858.412933,2431726054.479020,301221322.462320,28753428.395729,102921619.275556,1639453620.195263,14122221.705446,183991339.965985,183906409.666883,0,152731930.923737,0,115540833.726918,126109961.088697,82406393.462951,6465300.285365,10706585.276738,0,9503056.124898,1693460.713203,0,1312042.811337,989465.535182,1859700.079216,13022943.491560,4902881.765654,3328152.038768,16825263.759260,5705095.764138,14628151.245161,8672546.183954,5102434.538492,0,1571370.914964,1903072.039003,380910.958710,7319.817288,613073.463901,222.576168,0,0,255082070745.293213
2025-04-01,134195134242.778763,20807415269.560249,51506140022.955414,10454146393.172100,9172686768.473938,9135502332.580490,4081101836.345522,1057397499.809338,877980144.864417,1753424433.456530,1515387924.534253,2352699546.675012,288494375.083293,25249517.980102,99601567.040861,1631432447.837389,3146553.766729,173975319.632929,177973944.838919,0,20288206.610814,0,108516243.689862,122041897.827771,79748242.783784,6256742.211644,7221596.832658,0,8910833.379205,1638832.948261,0,539915.697006,863372.645224,1159142.899487,12603352.442917,4744724.289343,3023920.778866,16282513.315413,5521060.416908,12166033.635414,19249546.686314,4937839.875960,0,1520681.530610,1841682.618390,404289.621518,5625.347335,593296.900550,215.488005,0,0,249748969951.859375
2025-05-01,180010116546.249176,23806465898.816338,60041394928.428474,8806367027.994246,13261140815.419910,11048810627.772081,7230701451.755306,1309101666.947890,965964728.032443,1845575167.279450,2080587673.540620,2430890176.245300,303982982.636906,25764579.504256,102921619.275556,2782856640.641265,2140577.064198,181613915.528673,183906409.666883,199429835.498288,5825016.082323,51610232.222938,108546941.665477,126109961.088697,82406517.543243,6465300.285365,4640697.273255,0,9378681.015097,1693460.713203,68347511.764740,174096.938080,877422.688906,1401652.266923,13023500.592554,4902881.765654,3083155.776243,16825263.759260,5705095.764138,10913673.100490,40412615.697616,5102434.538492,0,1571370.914964,1903072.611055,473608.719394,5354.728419,613073.463901,223.050021,0,0,317191746084.327942
2025-06-01,203260630179.407104,23779435800.728683,66362497038.118118,8477065254.810979,19617307791.180473,14189114224.036222,9965143002.183544,1189397673.803479,938002869.916764,3138381377.958439,795816532.924120,2352259200.346099,297787968.519561,19042162.635733,99601567.040861,2956683292.856468,1885151.578663,93417115.267987,177973944.838919,776645199.351839,3918494.498528,257070991.471708,101380324.999894,122041897.827771,79748242.783784,6328314.517538,4546378.162822,0,8744495.184263,1638832.948261,213275162.228580,168471.351544,885092.362571,1354897.494716,12603418.651431,4744724.289343,2852919.419806,16282513.315413,5521060.416908,9746079.409894,43269843.762867,4937839.875960,0,1520681.530610,1841684.732531,111228.438465,5188.821584,593296.900550,215.854859,0,0,359393219638.756287
2025-07-01,269193492103.158081,26531577710.198639,76309952252.115479,9281547926.420057,28921119868.325058,16711701688.962273,15495707609.551516,1415755884.657415,1028446026.880446,4443678264.453547,733549685.094579,2430263099.207138,307035054.080811,19426195.297749,102921619.275556,2901366847.176834,1097319.593615,54538784.535543,183906409.666883,668120827.603671,2201437.912580,713237447.248185,99249883.294622,126109961.088697,82406616.484031,7204880.779606,5458617.138429,0,8386273.687124,1693460.713203,294592287.466269,174092.223651,982667.064374,1454805.909652,13023570.663747,4902881.765654,2735632.171567,16825263.759260,5705095.764138,9815125.973000,50259729.036298,5102434.538492,21471436.097224,1571370.914964,1903144.246190,28059.741311,5387.032287,613073.463901,223.050021,0,0,458212320035.483521
2025-08-01,360458257348.676025,27193930792.360046,93983345587.911804,9549300152.561995,31829640177.899757,20271875632.714211,16104491729.806787,1498584632.745742,1058232735.267509,5991549979.139175,2562426366.573045,2430338700.540275,310983413.982515,19049505.575114,102921619.275556,2110878850.899679,1090508.959717,8123278.287413,183906409.666883,2313506918.999255,1056704.355161,1395601352.950676,89382161.738125,126109961.088697,82406871.117116,7204880.779606,7720192.909719,0,8311760.538443,1693478.317721,376228393.669453,174090.371994,635885.184792,1857617.166461,13023581.108232,4902881.765654,3533430.075711,16825263.759260,5705095.764138,8461043.445045,22358199.163134,5102434.538492,31167954.574427,1571370.914964,1903308.912002,26941.286663,5408.900596,613073.463901,223.050021,0,0,580196017902.752441
2025-09-01,383815477636.768311,25528660081.682953,111447068185.684616,9531758440.638552,37432925058.023552,24828448242.101688,16794449271.773642,1612213782.875692,1043083458.216735,5798274173.360492,12142518500.026295,2351566435.241548,299917541.059330,18245544.707858,99601567.040861,1783495345.952173,1064716.964102,1930825.798480,177973944.838919,1912023585.674100,973009.214963,1262909065.098261,75911919.300461,122041897.827771,79756418.303094,7276483.804439,8100955.009039,0,6134409.161847,1638849.984892,405760877.544491,168475.632344,540750.280162,1737153.065955,12603485.274426,4744724.289343,4058574.210933,16282513.315413,5521060.416908,7644300.255597,26368601.552513,4937839.875960,29741298.672320,1520681.530610,1841739.935724,38935.867791,5234.430379,593296.900550,215.854859,0,0,638709549105.040649
2025-10-01,392869885892.885620,25738033654.386768,126066704709.166718,9532237125.731302,47834546543.456245,38284548501.972206,28141385887.775181,1516606203.695869,1139416578.605455,5991549979.139175,28709049252.721802,2429322040.159104,340984628.868095,17979865.010616,102921619.275556,1710355400.071530,1071435.154319,1922303.791260,183906409.666883,1117672187.520045,996044.419616,1635153912.846891,71614287.455187,126109961.088697,82416239.847056,8775643.204511,8940616.479397,0,5969947.572524,1693478.317721,251596889.563897,174080.619969,436783.439709,1509235.844791,13023667.963644,4902881.765654,4253049.579623,16825263.759260,5705095.764138,8288467.140090,24255006.018549,5102434.538492,29859598.756061,1571370.914964,1903087.880603,29960.634827,5408.909626,613073.463901,223.050021,0,0,714041825929.893066
2025-11-01,347631550395.780579,20956042461.147602,113218181913.820999,6957900899.053590,49029020206.434731,31224586979.677513,22225169845.488823,1468674389.856014,1111193379.222969,9002403070.420368,17073237169.603495,2350738516.639031,428334559.358203,16294413.426440,99601567.040861,1064783960.723369,970856.534637,2095540.276176,177973944.838919,708240189.407852,951204.606467,1155059830.233016,64916759.174190,122132867.181750,79757651.464892,8492557.939849,5014628.602733,0,3869533.273943,1638849.984892,217188551.329760,168444.208516,363937.327153,1179508.173464,12603579.349163,4744724.289343,4090280.691500,16282513.315413,13915007.240377,8937722.240376,15610873.333471,4937839.875960,21468313.742153,1520681.530610,1841697.948971,15455.328849,5234.428670,593296.900550,215.854859,0,0,626514296018.322876
2025-12-01,355196113947.691345,20261078107.725780,134445632996.027481,7328563190.391167,51571896642.077507,29363939692.520649,18939330789.079571,1332898821.035995,1195728247.056702,17027993957.900925,11161011074.989586,2428944213.891940,414167074.958888,16326285.515501,102921619.275556,868931075.047297,707615.442196,2294818.270620,183906409.666883,853054467.221465,979041.651749,752261483.497030,62650316.339203,126222763.087630,82416239.847056,8775643.204511,6975568.252291,0,1714170.523949,1693478.317721,146003479.818398,174059.015467,757846.340622,1173177.642107,13023730.482880,4902881.765654,4752506.110042,16825263.759260,20161337.515668,10589560.515580,14555368.300135,5102434.538492,9934176.175593,1571370.914964,1903088.780267,8803.589808,5408.909626,613073.463901,223.050021,0,0,653991187541.196411
2026-01-01,371482061921.043579,20379653404.372204,161322583177.204590,8965097060.746201,51983198902.940285,27617265059.472694,18715100223.859032,1318917581.825106,1275314635.584424,17027993957.900925,10456779164.090790,2428910546.249421,390860635.739807,16020654.308972,102921619.275556,858933757.547725,719654.391649,2337410.006816,183906409.666883,973085666.808623,979665.694092,382453233.531937,60280216.494028,126222763.087630,82416627.186806,8775643.204511,15924263.529969,0,727819.755097,1693478.317721,83812984.247875,174059.015467,963918.044238,1164796.150040,13023756.767319,4902881.765654,5254224.699863,16825263.759260,20161337.515668,12162971.321674,12737414.590729,5102434.538492,8609485.345634,1571370.914964,1903088.844733,8421.320564,5408.909626,613073.463901,223.050021,0,0,696370132268.102417
2026-02-01,268997846315.221985,13030232825.860222,139059749640.691467,5850316696.805391,49218493103.415398,17506439398.370811,18554346079.416817,792398311.760063,1257648725.916316,15380123574.878256,7142429832.720294,2193527125.958714,288717202.184083,13266206.216549,92961462.571470,452184897.095593,588221.696585,2111209.038414,166109015.182991,548567638.388952,771074.102962,292014594.734695,42339293.478926,114007656.982376,74440853.667677,11429671.743777,57058134.381772,0,561149.710457,1529593.319232,75282452.666588,161855.406943,868166.057762,833956.963140,11763426.593898,4428409.336720,5114581.332574,15197012.427719,31190109.876353,12252204.700607,6417288.080508,4608650.550896,2805939.889969,1419302.761903,1718918.956533,7206.229857,4885.508743,553743.773846,201.464535,0,0,541316837818.091248
2026-03-01,183681370274.672211,9308148071.674707,115907633253.366669,3939812102.088915,38436856263.803421,10336392183.461037,14249054705.101349,566090560.494088,1000005484.925191,11545718469.497585,5135997709.834485,1645014796.540988,211800682.907622,9923091.714886,69721096.928603,282441068.152953,442312.277982,1583406.778811,124581761.387243,365117742.588501,540591.158596,188724425.444215,29949201.440367,85505742.736782,55830788.359642,10272377.087204,145366206.361558,0,412202.864792,1147203.894618,56978699.848841,166639.475406,652823.124883,588278.535705,8822592.650491,3321307.002540,3878861.785342,11397759.320789,29691636.742669,9911621.247191,3155575.639045,3456487.913172,3096524.724982,1064477.071427,1289189.217400,8490.543131,3664.171029,415307.830385,151.098401,0,0,397473353865.487732
