date,aave,compound,venus_finance,morpho_blue,banker_joe,spark,kamino,benqi,maple,euler,iron_bank,jupiter,fluid,blizz_protocol,moonwell,radiant_capital,zerolend,neverland,hyperlend,lista_dao,kinza_finance,uwulend,cream_finance,hypurrfi,seamless_protocol,mendi_finance,annex_finance,atlantis_loans,dolomite,ola_finance,granary_finance,strike,reserve_lending,lodestar_finance,percent_finance,hundred_finance,sake_finance,fortress_protocol,nereus_finance,easy_finance,rho_markets,realt,sturdy,channels_finance,tender_finance,extra_finance,enclabs_protocol,agave_finance,lore_finance,centrifuge,vicuna_lending,machfi,apple_lending,portler,native_lend,hopelend,goldbank_finance,lendora_protocol,hyperdrive,aquarius_loan,shroomy_protocol,neku,paribus,zeno_lend,filda,power_pool,curvance,total
2019-05-01,0,577327.009177,0,0,0,0,0,0,0,0,0,0,0,0,0,0,0,0,0,0,0,0,0,0,0,0,0,0,0,0,0,0,0,0,0,0,0,0,0,0,0,0,0,0,0,0,0,0,0,0,0,0,0,0,0,0,0,0,0,0,0,0,0,0,0,0,0,577327.009177
2019-06-01,0,3009294.022177,0,0,0,0,0,0,0,0,0,0,0,0,0,0,0,0,0,0,0,0,0,0,0,0,0,0,0,0,0,0,0,0,0,0,0,0,0,0,0,0,0,0,0,0,0,0,0,0,0,0,0,0,0,0,0,0,0,0,0,0,0,0,0,0,0,3009294.022177
2019-07-01,0,15835960.677680,0,0,0,0,0,0,0,0,0,0,0,0,0,0,0,0,0,0,0,0,0,0,0,0,0,0,0,0,0,0,0,0,0,0,0,0,0,0,0,0,0,0,0,0,0,0,0,0,0,0,0,0,0,0,0,0,0,0,0,0,0,0,0,0,0,15835960.677680
2019-08-01,0,11218642.249982,0,0,0,0,0,0,0,0,0,0,0,0,0,0,0,0,0,0,0,0,0,0,0,0,0,0,0,0,0,0,0,0,0,0,0,0,0,0,0,0,0,0,0,0,0,0,0,0,0,0,0,0,0,0,0,0,0,0,0,0,0,0,0,0,0,11218642.249982
2019-09-01,0,3560434.618849,0,0,0,0,0,0,0,0,0,0,0,0,0,0,0,0,0,0,0,0,0,0,0,0,0,0,0,0,0,0,0,0,0,0,0,0,0,0,0,0,0,0,0,0,0,0,0,0,0,0,0,0,0,0,0,0,0,0,0,0,0,0,0,0,0,3560434.618849
2019-10-01,0,3565768.929479,0,0,0,0,0,0,0,0,0,0,0,0,0,0,0,0,0,0,0,0,0,0,0,0,0,0,0,0,0,0,0,0,0,0,0,0,0,0,0,0,0,0,0,0,0,0,0,0,0,0,0,0,0,0,0,0,0,0,0,0,0,0,0,0,0,3565768.929479
2019-11-01,0,4672024.071722,0,0,0,0,0,0,0,0,0,0,0,0,0,0,0,0,0,0,0,0,0,0,0,0,0,0,0,0,0,0,0,0,0,0,0,0,0,0,0,0,0,0,0,0,0,0,0,0,0,0,0,0,0,0,0,0,0,0,0,0,0,0,0,0,0,4672024.071722
2019-12-01,0,9647196.655560,0,0,0,0,0,0,0,0,0,0,0,0,0,0,0,0,0,0,0,0,0,0,0,0,0,0,0,0,0,0,0,0,0,0,0,0,0,0,0,0,0,0,0,0,0,0,0,0,0,0,0,0,0,0,0,0,0,0,0,0,0,0,0,0,0,9647196.655560
2020-01-01,1526855.079237,7062218.963703,0,0,0,0,0,0,0,0,0,0,0,0,0,0,0,0,0,0,0,0,0,0,0,0,0,0,0,0,0,0,0,0,0,0,0,0,0,0,0,0,0,0,0,0,0,0,0,0,0,0,0,0,0,0,0,0,0,0,0,0,0,0,0,0,0,8589074.042939
2020-02-01,4649444.232982,10663407.345739,0,0,0,0,0,0,0,0,0,0,0,0,0,0,0,0,0,0,0,0,0,0,0,0,0,0,0,0,0,0,0,0,0,0,0,0,0,0,0,0,0,0,0,0,0,0,0,0,0,0,0,0,0,0,0,0,0,0,0,0,0,0,0,0,0,15312851.578721
2020-03-01,4107521.053091,12161198.837292,0,0,0,0,0,0,0,0,0,0,0,0,0,0,0,0,0,0,0,0,0,0,0,0,0,0,0,0,0,0,0,0,0,0,0,0,0,0,0,0,0,0,0,0,0,0,0,0,0,0,0,0,0,0,0,0,0,0,0,0,0,0,0,0,0,16268719.890382
2020-04-01,1725836.049387,3784499.737531,0,0,0,0,0,0,0,0,0,0,0,0,0,0,0,0,0,0,0,0,0,0,0,0,0,0,0,0,0,0,0,0,0,0,0,0,0,0,0,0,0,0,0,0,0,0,0,0,0,0,0,0,0,0,0,0,0,0,0,0,0,0,0,0,0,5510335.786919
2020-05-01,4384028.349946,5306215.898322,0,0,0,0,0,0,0,0,0,0,0,0,0,0,0,0,0,0,0,0,0,0,0,0,0,0,0,0,0,0,0,0,0,0,0,0,0,0,0,0,0,0,0,0,0,0,0,0,0,0,0,0,0,0,0,0,0,0,0,0,0,0,0,0,0,9690244.248268
2020-06-01,13675649.905200,356034579.749832,0,0,0,0,0,0,0,0,0,0,0,0,0,0,0,0,0,0,0,0,0,0,0,0,0,0,0,0,0,0,0,0,0,0,0,0,0,0,0,0,0,0,0,0,0,0,0,0,0,0,0,0,0,0,0,0,0,0,0,0,0,0,0,0,0,369710229.655032
2020-07-01,109105873.094810,683276415.363213,0,0,0,0,0,0,0,0,0,0,0,0,0,0,0,0,0,0,0,0,0,0,0,0,0,0,0,0,0,0,0,0,0,0,0,0,0,0,0,0,0,0,0,0,0,0,0,0,0,0,0,0,0,0,0,0,0,0,0,0,0,0,0,0,0,792382288.458024
2020-08-01,236428880.557209,274599357.216874,0,0,0,0,0,0,0,0,0,0,0,0,0,0,0,0,0,0,0,0,0,0,0,0,0,0,0,0,0,0,0,0,0,0,0,0,0,0,0,0,0,0,0,0,0,0,0,0,0,0,0,0,0,0,0,0,0,0,0,0,0,0,0,110.024868,0,511028347.798951
2020-09-01,377057083.814635,232707324.889835,0,0,0,0,0,0,0,0,0,0,0,0,0,0,0,0,0,0,0,0,71839952.538056,0,0,0,0,0,0,0,0,0,0,0,9.909249,0,0,0,0,5094915.852632,0,0,0,0,0,0,0,0,0,0,0,0,0,0,0,0,0,0,0,0,0,0,0,0,0,3731.830314,0,686703018.834720
2020-10-01,194322019.521125,347743131.294454,0,0,0,0,0,0,0,0,0,0,0,0,0,0,0,0,0,0,0,0,7340666.700674,0,0,0,0,0,0,0,0,0,0,0,75915428.583625,0,0,0,0,34306493.844618,0,0,0,0,0,0,0,0,0,0,0,0,0,0,0,0,0,0,0,0,0,0,0,0,0,0,0,659627739.944496
2020-11-01,329245472.707763,873089739.439304,46117368.478191,0,0,0,0,0,0,0,0,0,0,0,0,0,0,0,0,0,0,0,6197946.068072,0,0,0,0,0,0,0,0,0,0,0,5211562.491894,0,0,0,0,29098.832311,0,0,0,0,0,0,0,0,0,0,0,0,0,0,0,0,0,0,0,0,0,0,0,0,0,0,0,1259891188.017535
2020-12-01,321792892.496119,904029920.588086,119474831.810483,0,0,0,0,0,0,0,0,0,0,0,0,0,0,0,0,0,0,0,2893471.814956,0,0,0,0,0,0,0,0,0,0,0,0,0,0,0,0,4054.627781,0,0,0,0,0,0,0,0,0,0,0,0,0,0,0,0,0,0,0,0,0,0,0,0,0,0,0,1348195171.337425
2021-01-01,561449180.166327,3192780710.385116,865503880.260710,0,0,0,0,0,0,0,31.379951,0,0,0,0,0,0,0,0,0,0,0,7610894.304455,0,0,0,0,0,0,0,0,0,0,0,0,0,0,0,0,9281.540392,0,0,0,0,0,0,0,0,0,0,0,0,0,0,0,0,0,0,0,0,0,0,0,0,0,0,0,4627353978.036952
2021-02-01,791770980.479161,3794256646.978083,0,0,0,0,0,0,0,0,147524084.343198,0,0,0,0,0,0,0,0,0,0,0,14195858.419540,0,0,0,0,0,0,0,0,0,0,0,0,0,0,0,0,38803.172742,0,0,0,0,0,0,0,0,0,0,0,0,0,0,0,0,0,0,0,0,0,0,0,0,0,0,0,4747786373.392723
2021-03-01,981632903.157954,2862026746.309215,0,0,0,0,0,0,0,0,9401958.382363,0,0,0,0,0,0,0,0,0,0,0,17139701.872276,0,0,0,0,0,0,0,0,0,0,0,0,0,0,0,0,1183990.123114,0,0,0,0,0,0,0,0,0,0,0,0,0,0,0,0,0,0,0,0,0,0,0,0,0,0,0,3871385299.844922
2021-04-01,4331734232.346080,4166340113.659884,111902742.293281,0,0,0,0,0,0,0,141191028.696703,0,0,0,0,0,0,0,0,0,0,0,26832151.380644,0,0,0,0,0,0,0,0,0,0,0,0,0,0,5127727.075474,0,1785545.165322,0,0,0,0,0,0,0,0,0,0,0,0,0,0,0,0,0,0,0,0,0,0,0,0,0,0,0,8784913540.617386
2021-05-01,14356484247.558958,4331513988.389209,2302061695.115460,0,0,0,0,0,0,0,1005522331.507512,0,0,0,0,0,0,0,0,0,0,0,31766578.072389,0,0,0,0,0,0,0,0,67035.868056,77983386.958080,0,0,0,0,21531275.615789,0,0,0,0,0,0,0,0,0,0,0,0,0,0,0,0,0,0,0,0,0,0,0,0,0,0,0,0,0,22126930539.085449
2021-06-01,8620664383.237680,3355043735.666378,300366654.402859,0,0,0,0,0,0,0,826995033.226649,0,0,0,0,0,0,0,0,0,0,0,12609142.343276,0,0,0,0,0,0,0,0,3707493.433638,3427226.880375,0,0,0,0,13043569.234458,0,0,0,0,0,0,0,0,0,0,0,0,0,0,1721948.696212,0,0,0,0,0,0,0,0,0,0,0,0,0,0,13137579187.121529
2021-07-01,4918001961.847945,3444826324.615908,401431232.553082,0,0,0,0,0,0,0,947775504.126864,0,0,0,0,0,0,0,0,0,0,0,6797789.459577,0,0,0,0,0,0,0,0,1967821.504490,1072469.969943,0,0,0,0,2868481.940400,0,0,0,0,0,0,0,0,0,0,0,0,0,0,2585353.285339,0,0,0,0,0,0,0,0,0,0,0,0,0,0,9727326939.303549
2021-08-01,5861913496.595754,2575294392.438552,341164398.410609,0,0,0,0,304041633.366452,0,0,1555433569.567023,0,0,0,0,0,0,0,0,0,0,0,10521247.987897,0,0,0,20.059053,0,0,0,0,5329549.439518,2085332.220751,0,0,0,0,1471642.130019,0,0,0,0,0,0,0,0,0,0,0,0,0,0,135.903577,0,0,0,0,0,0,0,0,0,0,0,0,0,0,10657255418.119204
2021-09-01,5198709337.469571,2114301168.861169,300774396.453915,0,0,0,0,1178832367.704818,0,0,959123204.623365,0,0,0,0,0,0,0,0,0,0,0,11206718.719899,0,0,0,80435652.199813,0,0,0,0,264320.224455,243420.850440,0,0,1445292.688958,0,501021.957248,0,0,0,0,0,5360227.583689,0,0,0,2558.059147,0,0,0,0,492.455620,0,0,0,0,0,0,0,0,0,0,0,0,0,0,9851200179.852108
2021-10-01,6272364993.953267,3653334593.314678,718726245.177043,0,6479084634.041079,0,0,1011178148.335935,0,0,678743083.126698,0,0,0,0,0,0,0,0,0,0,0,15165250.952441,0,0,0,51914762.452673,91489186.950968,0,0,0,4185843.859527,439145.702048,0,0,12745691.681736,0,818132.493266,0,75.569681,0,0,0,13081628.580210,0,0,0,135443.029208,0,0,0,0,58.448018,0,0,0,0,0,0,0,0,94029.711918,0,0,0,0,0,19003500947.380394
2021-11-01,5785892729.326246,1373894605.265388,894486527.340263,0,8486614527.177735,0,0,1401850516.066589,0,0,468940477.212196,0,0,2786738276.159990,0,0,0,0,0,0,0,0,8714114.742374,0,0,0,18415631.367316,55659653.499789,0,2519295.953118,0,590892.966947,116459.878309,0,0,3511354.002938,0,456704.230706,0,852.719239,0,0,0,215981.223446,0,0,0,837424.264625,0,0,0,0,0,0,0,0,0,0,0,0,0,0,0,0,0,0,0,21289456023.397209
2021-12-01,5603623608.501051,914472011.076209,2735450386.115235,0,4404827965.316004,0,0,940133816.048450,0,0,365181496.618125,0,0,606369395.304509,0,0,0,0,0,0,0,0,2494038.570658,0,0,0,10074291.341607,20085271.964253,0,2916603.244394,0,941568.963913,83180.515127,0,0,9895788.134515,0,626008.250503,0,1504.862288,0,0,0,128094.523785,0,0,0,156647.343663,0,0,0,0,0,0,0,0,0,0,0,0,0,0,0,0,11161.749078,0,0,15617472838.443365
2022-01-01,3897730113.092796,1190234781.138522,1687314624.907090,0,1244575277.503332,0,0,458430496.540379,33973162.414511,0,408939981.533238,0,0,263140139.966423,0,0,0,0,0,0,0,0,2738978.638790,0,0,0,3066328.327727,17211982.300271,0,812234.471543,0,353460.074429,4830.681388,0,0,12314251.015550,0,565606.315851,0,56.290538,0,0,0,2647.099348,0,0,0,1208430.769413,0,3732985.468528,0,0,0,0,0,0,0,0,0,0,0,170.008500,0,0,946.665597,0,0,9226351485.223763
2022-02-01,4021999762.718041,1190180179.061202,1870402058.165399,0,2353116054.992306,0,0,396049888.365546,238056193.854220,0,275538784.442474,0,0,71858225.871303,0,0,0,0,0,0,0,0,2193256.393239,0,0,0,770077.718954,5670814.961265,0,20461140.123856,0,2451259.203559,63215.143158,0,0,21157236.855790,0,340662.443805,3790158.235225,440.657363,0,0,0,13358.926691,0,0,0,403481.506093,0,2190705.249847,0,0,0,0,0,0,0,0,0,0,0,43.039026,0,0,321.292828,0,0,10476707319.221195
2022-03-01,3073905383.728440,723902717.327086,2876173644.663629,0,1485695593.739290,0,0,410285038.200261,260806902.676974,0,79866598.600218,0,0,7635573.286066,0,0,0,0,0,0,0,0,2617854.565652,0,0,0,1779425.685144,1646448.144223,0,26566030.250117,0,50435.143028,51373.804990,0,0,10548654.564831,0,421739.663839,16684484.815109,217.143994,0,0,0,5004.753481,0,0,0,555036.317956,0,1531097.871710,0,0,0,0,0,0,0,0,0,0,0,0,0,0,1.560804,0,0,8980729256.506840
2022-04-01,4334372834.401397,330257365.564071,1341114067.036026,0,652734571.824079,0,0,708905351.015834,94422921.190812,0,48296636.448630,0,0,23003128.233746,0,0,0,0,0,0,0,0,3132589.145328,0,0,0,5192624.478809,733748.634260,0,18524413.131517,0,6327653.343298,44790.261933,0,0,896182.668884,0,116129.743029,7381414.075915,0,0,0,0,700.137790,0,0,0,433203.178733,0,717676.982653,0,0,0,0,0,0,0,0,0,0,0,0,0,0,0.038164,0,0,7576608001.534906
2022-05-01,3718562467.994931,484913658.239768,366714906.740867,0,232690832.635551,0,0,179223102.096930,132728903.121098,0,30478258.663693,0,0,2624891.530789,0,0,0,0,0,0,0,0,2664493.584525,0,0,0,13927062.913356,813915.949719,0,9999242.310151,2.001418,4696967.415904,0,0,0,183990.536314,0,123925.321671,3483294.814507,0,0,0,501.171719,7480.865713,0,0,0,457840.317832,0,0,0,0,0,0,0,0,0,0,0,0,0,2298.702388,0,0,0,0,0,5184298036.928846
2022-06-01,5191613871.935556,350317455.239935,208980833.434123,0,2419829.831736,0,0,137698993.114056,44031973.903000,0,54414166.277035,0,0,0,0,0,0,0,0,0,0,0,414979.329862,0,0,0,6424116.983988,409446.367304,0,5466551.570941,99541.675043,8585272.779867,0,0,0,326694.495818,0,0,3656882.151538,1.928916,0,0,81387.971021,11688.915827,0,0,0,330964.986332,0,0,0,0,0,0,0,0,0,0,0,0,0,164.190961,0,0,0,0,0,6015284817.082859
2022-07-01,2315262615.601215,349771206.411947,143290648.154131,0,1697511.519285,0,0,92242507.555804,0,0,8621354.152721,0,0,0,0,353782644.667717,0,0,0,0,0,0,2022303.004652,0,0,0,1537776.845425,271225.245202,0,3168001.091752,437146.394580,836940.527922,0,0,0,178567.389348,0,38.059774,1593693.892861,3.122706,0,0,2993705.473806,5001.712730,0,0,0,298569.206427,0,100088.970160,0,0,936.758666,0,0,0,0,0,0,0,0,0,0,0,406.744016,0,0,3278112892.502848
2022-08-01,4683772777.760056,268650649.771084,81685698.099545,0,1730743.096789,0,0,110515429.918847,46749476.387870,0,8822706.642992,0,0,0,0,272518158.166662,0,0,0,0,0,0,1844083.937009,0,0,0,498658.187036,160519.286855,0,3587253.286703,397704.225009,135320.391927,0,0,0,166246.568835,0,1047.385399,887795.737052,11.399728,0,0,3113907.607528,1790.232290,0,0,0,249279.246070,0,0,0,0,0,0,0,0,0,0,0,0,0,0,0,0,30.001500,0,0,5485489287.336785
2022-09-01,1948008030.545076,358848526.866931,91096529.462743,0,813468.042621,0,0,78613551.649067,94728613.532330,0,12374447.238116,0,0,0,0,119252711.848046,0,0,0,0,0,0,1204696.880518,0,0,0,268746.431673,114110.643812,0,5105680.522073,322419.805826,75408.242190,0,0,0,761717.324256,0,499.742206,1412166.532890,0,0,0,4335678.006486,1020.100000,0,0,0,547818.596435,0,0,0,0,0,0,0,0,0,0,0,0,0,0,0,0,0,0,0,2717885842.013297
2022-10-01,1813712431.129932,138710161.702921,183807055.282171,0,6986581.414120,0,0,33572924.996041,20009362.213600,0,3197329.917608,0,0,0,0,63712707.258040,0,0,0,0,0,125202639.155366,265529.670187,0,0,0,145372.809257,8089.253551,0,2817785.697877,997795.505420,21145.520303,0,0,0,59310.987748,0,8160.643666,137549.927258,0,0,0,3738659.217520,379.481340,0,0,0,145343.884032,0,0,0,0,0,0,0,0,0,0,0,0,0,0,0,0,25.879061,0,0,2397256341.547021
2022-11-01,3440899500.867013,546709644.807470,173452232.294866,0,1154621.570818,0,0,30726425.006017,12498041.069750,0,4568910.145132,0,0,0,0,67920606.939641,0,0,0,0,0,15823068.637551,685267.049341,0,0,0,113101.683680,0,0,2143471.173376,1800566.339210,19611.237983,159.643813,11004247.032171,0,27053.475487,0,90.620344,1828912.769392,0.000004,0,0,1993056.004974,426.656914,53.113476,0,0,77024.477276,0,0,0,0,0,0,0,0,0,0,0,0,0,0,0,0,0,0,0,4313446092.615699
2022-12-01,1257220144.878330,72313985.886478,65004142.058737,0,1021036.805666,0,0,24286568.872692,31389609.403027,0,1973158.272504,0,0,0,0,43027868.737569,0,0,0,0,0,77114735.056124,4820.504845,0,0,0,2478.020072,0,0,3082066.916496,3729706.026749,6136.206170,0,73154911.550812,0,141337.974091,0,0,468782.014154,0.983445,0,0,4579135.432247,145.051878,48753.680300,0,0,185048.594241,0,0,0,0,0,0,0,0,0,0,0,0,0,0,0,0,0,0,0,1658754572.926624
2023-01-01,2730274741.410955,224080241.605765,100867258.206535,0,979028.156879,0,0,21695873.525105,2157932.369877,0,5213799.219158,0,0,0,0,111791384.462718,0,0,0,0,0,2096644.766129,87882.563284,0,0,0,36819.330438,0,0,2884712.905500,4306716.963977,58167.204915,0,0,0,16999.593655,0,228.133479,1196601.017220,0,0,0,2848112.157903,0,392198.131992,0,0,240152.932634,0,0,0,0,0,0,0,0,0,0,0,0,0,0,0,0,383.149740,0,0,3211225877.807860
2023-02-01,1620399516.557249,241673513.586172,120765576.894030,0,4171008.633037,0,0,51963518.066569,10985200.384023,0,4170161.174632,0,0,0,0,252306562.185783,0,0,0,0,0,5689891.181486,67353.629773,0,0,0,6945.025939,0,0,1726181.796551,871052.693374,18332.752577,0,0,0,238279.345443,0,1263.480071,83721.140102,0.066300,0,0,1960631.950290,600.227880,2001166.753961,0,0,122836.315205,0,0,0,0,0,0,0,0,0,0,0,0,0,0,0,0,0,0,0,2319223313.840447
2023-03-01,5391235451.483958,559842099.367282,156581235.656439,0,7321826.647984,0,4.853413,52495722.597364,10827003.459631,0,1287903.350291,0,0,0,0,768590371.193043,0,0,0,0,0,13543832.010078,93759.976461,0,0,0,62125.250864,0,0,5792625.639911,1331489.464395,6016527.790613,0,0,0,607120.620847,0,19.413037,208184.731299,0,0,0,15475.786022,8.149840,2214575.470658,0,0,650936.085427,0,0,0,0,0,0,0,0,0,0,0,0,0,0,335.105938,0,0,0,0,6978718634.104795
2023-04-01,1424231180.642669,241248781.431239,143348865.536428,0,1746917.151183,0,12.232533,16292665.692807,4800474.538420,0,300522.123898,0,0,0,0,341969872.868751,0,0,0,0,0,1426832.356639,68341.279364,0,0,0,6764.617254,0,0,2108709.944002,1962433.642072,1354293.354095,0,0,0,2398201.509194,0,48.386270,76210.672790,191.346513,0,0,787946.202994,7583.067001,2657551.648736,0,0,331564.275921,0,0,0,0,0,0,0,0,0,0,0,0,0,0,50168.961706,0,8.487721,0,0,2187176141.970202
2023-05-01,991353553.394281,83831206.419786,255917988.983541,0,678256.059335,0,8.882777,9321440.654858,5818051.250505,0,31271.711476,0,0,0,0,149924715.974236,0,0,0,0,0,457880.442163,58052.055994,0,0,0,1501.728880,0,0,1015590.134395,39314694.935283,3886963.261561,0,0,0,0,0,36.360594,29699.043775,0,0,0,54400.203528,0,2806385.484145,0,0,301239.475118,0,0,0,0,0,0,0,0,380070.611404,0,0,0,0,0,1640.794347,0,0,0,0,1545184647.861982
2023-06-01,1549566218.359536,321097658.707178,128548141.403304,0,5176731.697266,0,0.842484,26275295.701146,15632818.038263,0,797963.049748,0,0,0,0,131818824.485537,0,0,0,0,434.601188,2404580.394883,37530.695515,0,0,0,18208.247240,0,0,605628.370898,11310118.850645,5779926.962399,0,0,0,9.286059,0,0,1975.818671,0,0,0,322810.655242,0,2030446.322256,0,0,290579.638468,0,0,0,0,0,0,0,0,201645.640548,0,0,0,0,0,4432.619804,0,0,0,0,2201921980.388279
2023-07-01,1087966698.406626,503889792.077713,68565978.525186,0,4983752.172906,0,688.720628,10809343.008830,6677094.297756,0,44733.865809,0,0,0,0,120193799.334555,15490.700768,0,0,0,20072.615923,1335336.663184,25323.263023,0,0,0,5282.737110,0,0,55587.572482,5870948.169264,945525.633239,0,0,0,0,0,10.006726,4218.219350,0,0,0,402080.765884,0,973251.005625,0,0,332640.766792,0,0,0,0,0,0,0,0,0,0,0,0,0,0,7689.328143,0,0.191219,0,0,1813125338.048741
2023-08-01,1405448095.465155,337226417.505697,104584208.752939,0,314682.613579,0,1973.709545,5818145.085012,12397022.097145,0,199055.281216,0,0,0,16081788.028311,72523333.384702,668974.563020,0,0,0,337518.114494,278102.470101,52342.179066,0,0,12321918.281634,1295.320073,0,0,71635.595608,3359267.089201,1913266.598086,0,0,0,0,0,48.858789,1868.227970,0,0,0,461190.768779,0,264124.002936,0,0,477673.517929,0,0,0,0,0,0,0,322260.444399,0,0,0,0,0,0,2.717372,0,0,0,0,1975126210.672757
2023-09-01,1118046444.237477,128769159.222277,83882727.886297,0,76671.628815,0,83.830563,3642421.265469,12184882.340719,0,62272.597215,0,0,0,10446816.615824,52995785.513400,6231740.087497,0,0,0,254228.760684,113119.364934,32684.355107,0,179916.536379,5167569.348218,11682.885798,0,0,29655.761677,692118.493214,957900.625393,0,0,0,0,0,55.825133,705.895590,0,0,0,0,0,193280.155123,0,0,133683.952962,0,0,0,0,0,0,0,106116.913693,0,0,0,0,0,0,794.183004,0,0,0,0,1424212518.282462
2023-10-01,1689726468.545499,320387124.806969,84359700.329531,0,148235.340598,197137.090854,23480.337424,3864115.455527,37062450.303787,0,110480.834901,0,0,0,7355331.999862,70678461.268674,15115840.698418,0,0,0,711007.352488,3770532.384204,11384.891365,0,2871183.384838,4958877.488772,2663.319254,0,0,69599.035485,1564997.819881,1917968.138571,0,0,0,0,0,600.926681,19556.379035,0,0,0,0,0,189989.543976,0,0,757493.573211,0,0,0,0,0,0,0,299405.883954,0,0,0,0,0,0,0,0,0,0,0,2246174087.133759
2023-11-01,1314576425.530452,325753198.510233,91017241.982257,0,545313.531792,406854.225178,3841752.158777,21608185.728138,14008545.223922,0,534937.791443,0,0,0,8380545.734991,78084871.565420,14565031.021402,0,0,0,5599570.959281,571531.924723,25725.575329,0,469621.962371,1694956.492051,5923.479197,0,0,352270.948012,1095417.573957,2899957.047453,0,0,0,0,0,0,58118.908442,15.007986,0,0,0,0,103305.933502,0,0,108017.490299,0,0,0,0,0,0,0,0,0,211300.888323,0,0,0,0,0,0,0,0,0,1886518637.194931
2023-12-01,1653877658.022401,185465636.021852,247791957.003014,0,1277867.339349,689403.758405,68920019.695975,23025941.039287,5080854.963359,0,2275904.540745,0,0,0,11518582.998321,81913126.970761,29949346.020190,0,0,0,33771510.694356,7329923.452317,39975.678469,0,557966.777670,5312097.405496,30619.953302,0,0,574611.489714,1322799.714567,5403862.496131,0,0,0,0,0,0,20621.046942,0.000100,0,0,699.694824,0,97967.207941,0,0,240109.481509,0,0,0,0,0,0,0,0,0,0,0,0,0,0,26.980371,0,0,0,0,2366489090.447371
2024-01-01,1945063841.712583,263664833.272923,287786099.714630,8926935.606954,735677.608222,544609.447498,125228376.858554,15903340.331328,12216762.279804,0,2530661.736395,0,0,0,10828578.478396,86802250.221369,59510724.763925,0,0,0,78748183.452616,2219618.353169,92564.099774,0,11547557.367771,8090300.535755,19304.342839,0,0,80893.017195,1085570.318162,41860.758064,0,0,0,0,0,0,27838.474213,0,0,0.000100,0,5129.051853,284704.542551,0,0,99052.105606,0,0,0,0,0,0,0,0,0,0,0,22934.402653,0,0,160.175186,0,0,0,0,2922108363.030090
2024-02-01,2003403369.317907,325912315.097902,303089932.944810,30670700.590448,422339.235569,766790.983879,85811272.725012,18223903.170116,1675230.031314,0,1703445.677252,0,12021659.261278,0,13657442.146080,74090966.757898,99992225.863249,0,0,0,43963298.891168,9221428.725618,25393.919369,0,8450991.332920,4638615.878309,1772.519346,0,0,143657.558200,2889750.063951,111493.998608,0,0,0,0,0,0,42102.981617,0,0,763962.362045,0,0,45086.631798,0,0,0,0,0,0,0,0,0,0,0,0,0,0,29037.747451,0,0,75.000000,0,0,0,0,3041768261.413115
2024-03-01,3417023674.558651,468881329.760561,624321641.957114,38105178.954141,1582435.042313,1870940.996191,189932421.240531,24197251.848712,30988053.701159,0,2010541.552637,0,42969815.594563,0,43847007.659522,137023273.313485,102409357.395157,0,0,0,58853970.325856,8404029.038225,94042.397386,0,12184726.574416,26687604.467189,4021.241164,0,0,125925.026784,876122.800563,508971.241800,0,0,0,0,0,0,2602.042843,0,0,1489700.683467,0,1.777428,86366.238455,0,0,0,0,0,0,0,0,0,0,0,0,0,0,5972.532744,0,0,150.517100,0,0,0,0,5234487130.480157
2024-04-01,2203539760.441593,300243291.849439,589990062.298360,76806539.681616,756285.190468,1590767.484637,154424574.836858,15338086.172373,16462595.807675,0,633039.112949,0,43755810.137450,0,37659050.891448,48091010.173989,110399682.876108,0,0,0,38319818.835380,3152328.633290,36012.036968,0,28764245.205666,22708375.556084,5851.361686,0,0,33995.512102,1212831.807081,202779.109024,0,0,0,0,0,0,3787.560000,0,0,898405.385566,0,0,68671.045638,0,0,0,0,0,0,0,0,0,0,0,0,0,0,18665.517227,0,0,115.612474,0,0,0,0,3695116440.133150
2024-05-01,3433613824.506769,259609160.503465,282581852.076668,45036771.146357,3738622.816052,3276719.501136,111523067.549621,5554975.427705,33056450.129814,0,605203.361698,0,91548040.352669,0,75713284.508481,29992456.038536,100234263.295553,0,0,0,29901883.504053,2025519.799798,11664.898145,0,30545820.736599,39569645.421253,1652.582488,0,0,14039.328328,976705.925069,725223.187949,0,0,0,0,0,0,498.279035,0,0,970909.398418,0,0,12373.552172,0,0,0,0,0,0,0,0,0,0.998936,0,0,0,0,10942.751866,0,0,2863.288946,0,0,0,0,4580854434.867576
2024-06-01,2125305469.840480,142613884.773649,290534449.670941,62783638.421251,1615662.528598,1744100.340858,115782074.244400,20954810.932217,18224769.381668,0,244217.325173,0,76926861.587940,0,28933417.837457,30034946.438769,89406796.706324,0,0,0,13357132.944824,5240409.706647,12470.170273,0,37969428.685207,29939293.657031,0,0,0,38228.253661,440768.264468,724976.394184,0,0,0,0,0,0,5170.584100,0,6101017.346228,1176848.543341,0,0,37993.764748,0,0,0,0,0,0,0,0,0,314776.841323,0,0,0,0,1083.000430,0,0,109.961100,0,0,0,0,3100464808.147290
2024-07-01,4096417066.299012,276586326.848517,322569568.708066,125021202.663396,364199.555313,1596855.594049,207927281.020376,62548658.540208,42516513.825723,0,856111.877077,0,100592440.294063,0,294927490.595867,12617898.639067,165649569.402963,0,0,0,6123525.920197,948717.787071,3567.201676,0,11711871.123958,19238963.483013,0,0,0,7887.944602,725477.447685,16360.222892,0,0,0,0,0,0,15862.765000,0,7342014.549005,1212570.318359,20244.948236,0,28522.501975,0,0,0,0,0,0,0,0,0,1102291.688730,0,0,0,0,12327.621238,0,0,50.000000,0,0.100000,0,0,5758701439.487333
2024-08-01,4388482945.588980,207809719.833436,638587125.569716,136235223.120573,369866.909359,2190127.937241,415317178.611186,80956590.935865,38709153.299987,3915.751542,690205.823785,0,140759479.256205,0,481851437.470648,51305265.122803,38435143.363909,0,0,0,4862630.680122,2447581.119144,4649.689181,0,17062910.825894,21975047.231757,0.199979,0,0,16437.626436,293811.469073,2511972.393413,0,0,0,0,0,0,2942.867900,0,3364520.531917,1025137.849557,0,0,50791.225904,0,0,0,6687482.332379,0,0,0,0,0,14222.776493,0,0,0,0,4002.661549,0,0,10.999659,0,0,0,0,6682027531.075592
2024-09-01,5842923212.024975,226097847.276360,429347799.787440,95135354.005800,160414.391702,2613403.666834,269120656.825837,102589146.570132,73887198.824834,1362976.900823,292271.109847,0,106950777.423445,0,163460272.384101,61099556.046052,17640800.871380,0,0,0,2272824.679760,33777.015490,1030.058686,0,23380586.867327,10289705.243011,0,0,0,5427.002256,64659.376969,78183.259015,0,0,0,0,0,0,7385.929762,0,14207816.768043,714039.618945,0,0,10786.423260,0,0,0,2015265.300905,0,0,0,0,577431.361010,86472.428388,0,0,0,0,2486.238095,0,0,0,0,0,0,0,7446429565.680483
2024-10-01,13382719129.585400,232184320.848372,428407011.933101,177457694.410119,127479.152578,1171949.040500,371162472.057566,142189219.650148,117768490.068388,3136705.125122,1152072.283216,0,90933212.747766,0,112368413.480035,18516214.904040,32702190.156572,0,0,0,2692279.514852,574979.099527,1336.783548,0,11475052.223691,7843449.009753,0,0,0,7252.098039,66926.662158,240806.868369,0,0,0,0,0,0,1449.834400,0,6729798.519998,648896.517253,0,0,10190.992019,0,0,0,257321.895459,0,0,0,0,656069.930375,71321.195633,0,0,0,0,1985.094589,0,0,0,0,0.034800,0,0,15143275691.717390
2024-11-01,12829594670.650328,304166508.642497,805000538.676783,342544929.637976,264221.989191,1014384.468759,546448998.481585,478863776.145384,67426516.915166,20582708.823557,5119845.387815,0,182794915.720077,0,251930948.474610,824209.198057,31173693.749736,0,0,0,4104470.301635,123630.736272,16450.518011,0,24467732.535755,7992172.205039,1104.036633,0,0,40738.127736,225434.970757,2402826.516408,0,0,0,0,0,0,3129.493540,0,203036.081920,1786688.448940,0,0,86710.450135,31.739599,0,0,267574.115538,0,0,0,0,178093.811854,8097.512491,0,0,0,0,5661.747383,0,0,6860.135858,0,0,0,0,15909671310.447025
2024-12-01,11412931153.118338,407121749.620771,1159495302.061868,1248428291.363455,638179.900617,2849641.111040,395318361.748826,522455984.875706,73322236.536051,56821712.204240,2783840.192868,0,254788521.178048,0,184617431.701184,2889035.805200,22915716.123310,0,0,0,4669476.576557,630917.923366,118416.387612,0,7952618.333883,4250554.955353,0,0,0,41236.629717,246570.838044,655427.238888,0,0,0,0,0,0,2908.687114,0,51687.618670,1939523.441948,0,0,18500.725716,155.566605,0,0,113804.860330,0,0,0.219370,0,3334.196061,138697.190025,0,0,0,0,1389.175886,0,0,1240.838110,0,0,0,0,15768213618.944777
2025-01-01,10382573114.740641,394815254.020723,724037740.371646,2255566589.772727,330457.488104,1937504.913816,780922681.865208,272644079.258553,54385594.165706,104254947.953121,3490115.515393,0,211511607.985322,0,114926381.143903,632817.973266,99926031.911350,0,0,0,1870669.024933,6193.737620,485294.034282,0,12446549.055854,4779217.256530,0,0,0,18425.683434,264010.700236,731263.107693,0,0,0,0,1004578.402346,0,28387.710900,0,49158.769286,2429865.466306,0,0,45726.993831,386.383692,19554.500000,0,54220.021650,0,0,808034.317575,0,329.983260,19144.469850,0,0,0,0,8481.806215,0,0,3935.766809,49.784136,0,0,0,15427028396.055922
2025-02-01,12799698299.787142,315851857.941144,923250029.087382,805792641.099492,132604.592344,1970266.984796,469545655.291590,123453729.778067,172395110.477131,73560776.186756,1813394.385268,0,243861006.621531,0,104412181.206863,1406240.574946,60577955.875896,0,0,0,1894707.570268,178790.214031,23917.752927,0,9920832.969186,952651.266014,0,0,0,13028.901711,65857.131764,175901.646317,0,0,0,0,5887815.020158,0,300.600000,0,43206.721753,1513258.595850,0,0,10152.328715,1052.370726,26485.316222,0,54896.789971,0,1666828.308070,1515472.669988,0,22093.327963,0,0,0,0,0,0,0,0,0,30982.265394,0,0,0,16121719981.657372
2025-03-01,6005508207.140641,200190698.461614,527939987.810591,819380928.681365,223025.586345,45835932.921250,337110667.687980,34171181.738129,195846405.624135,150650272.054344,1912561.365602,0,252766477.180864,0,65683115.599920,1027762.991596,39864848.933218,0,0,0,1479544.774407,0,146188.002155,0,1157235.128642,463792.375349,0,0,0,3380.757328,13968.841023,927019.859412,0,0,0,0,7695868.021683,0,15.706768,0,3590.976548,1550600.606246,0,0,7169.405648,420850.206125,19537.986504,0,102.102000,0,3724643.298743,1789962.804030,0,126031.256704,0,0,0,0,0,0,0,0,0,475.438358,0,0,0,8697642051.325264
2025-04-01,8143525918.987350,145322230.556408,176842663.724749,900935003.497269,43690.128755,64189340.187791,300923896.724208,47579987.702298,144746622.136256,160188000.085367,4591704.468346,0,134834181.574849,0,93523984.066133,793840.501224,5250458.490886,0,0,0,1121435.030865,184.319863,2124.022824,0,85518.912227,260017.708563,0,0,0,9217.040203,6467.749810,1145910.803654,0,0,0,0,7777209.133267,0,255.847012,0,3211.857316,1747398.403557,0,0,1000.000000,1608382.406660,27085.533340,0,0,0,2063.645728,364729.899781,0,211614.816890,0,0,0,0,0,0,0.166430,0,0,25.631024,0,0,0,10337665375.760899
2025-05-01,12535979566.417509,243936424.536300,326498380.761287,1237556894.179599,47778.459129,79555735.913116,318065021.081030,75615740.627541,217328392.162318,215618452.164617,3822655.197266,0,178685976.626068,0,281723252.848295,784643.872183,863268.468639,0,3529053.410877,33522980.199420,688536.417398,0,1088.810917,15111813.302548,0,269511.100141,0,0,0,7519.273572,10402.955580,982627.823479,0,0,0,0,17398354.790203,0,999.792000,0,3471.466612,1391072.692132,0,0,5131.672504,3839662.019023,8925.509873,0,0,0,15336.913445,254754.791433,0,30967.103627,0,0,0,0,0,0,16366.421467,0,0,443.110327,0,0,0,15793171202.891481
2025-06-01,10380839998.673344,189275062.097932,224682157.329492,757382638.080623,19082.313291,42007452.057512,312260223.769804,164514171.692549,323105075.921245,799853057.419928,1305564.906136,0,146738501.681883,0,255266735.275331,294063.655666,347322.830392,0,13095288.215263,41426968.890235,718469.621448,0,1089.258115,16598479.094030,0,156642.637363,0,0,0,9539.770383,934.213850,1584904.162992,0,0,0,0,3415544.004660,0,2559.520000,0,4715.888513,1036255.347152,0,0,7909.088300,4190471.358764,1462597.538444,0,0,0,786.864500,104351.012420,0,18240.326168,0,0,0,0,0,0,43317.361763,0,0,0,0,0,0,13681770171.879494
2025-07-01,20832573352.357403,290254391.230614,184438381.688454,1249086130.078808,51928.514139,18842986.252533,488175693.245146,283249806.543911,321641630.021552,1098424847.270665,1390807.217158,510.259351,303375151.282065,0,277279700.820329,649529.518317,300339.473807,0,53849454.063913,39137310.365071,730968.150072,0,131424.411066,28518695.397284,0,432807.537429,0,0,783589.903502,20202.215007,23227.898218,784268.283539,0,0,0,0,6649510.198967,0,9565.101685,0,15872.009019,3760291.741632,0,0,573.563280,1439816.519417,1292299.369197,0,0,0,31193.949900,41405.065455,0,133.481154,0,0,0,0,0,0,14816.495318,0,6.083980,0,0,0,0,25487402617.578369
2025-08-01,25952448999.586540,264546862.616301,302598348.515690,1981617120.422371,62460.546259,384468132.472282,561025979.408191,624787749.065049,167030418.394796,773041730.999180,9224.400797,343449913.639569,354187474.379971,0,216865685.832356,910497.491243,6336671.171804,0,89206767.853124,232391043.895369,405560.154465,1.053719,50139.624185,73865569.296825,0,911402.155805,0,0,2538156.982118,21876.766529,3247.330597,171725.898203,0.999705,0,0,0,3801993.283463,0,21983.771256,0,378.914086,1779949.050309,0,0,59307.836533,551540.550533,1290225.667162,0,0,0,900.317272,31076.585778,0,2028.290517,0,0,0,0,0,0,26735.744288,0,13.005730,0,0,0,0,32340518893.969967
2025-09-01,25654125981.461468,241268603.798574,560804125.583507,2022298494.088326,23055.139718,2899380928.300087,902161542.512506,537215475.131401,491193773.761751,1831366553.767990,1324139.799826,586595337.163717,643419767.156463,0,206812120.696758,660021.923119,492512.811438,0,133520789.964052,27253801.860652,502255.178763,1.948994,9754.995466,46842518.363228,0,910357.756484,0,0,1400965.455129,9507.510915,8506.748666,3018.488110,0,0,0,0,742674.411495,0,8247.879250,0,439.148989,1689824.264725,0,0,12923.312074,654034.635754,2546169.376163,0,0,0,110.994418,5887.716782,0,386.888004,0,0,0,0,0,0,3157.378051,0,0,0,0,0,0,36795267767.372810
2025-10-01,25411137234.846710,312870151.148333,456400941.475182,2136125639.230169,19292.310424,4081607302.808136,758032084.270024,247616924.044556,765782450.802490,2893462082.566720,800380.376966,489585902.966643,873368902.310691,0,174079173.763748,3962709.981755,100860.697265,0,136646983.524973,28536299.817156,525922.505999,5.105960,445.631338,23131505.480956,0,86362.738975,0,0,134116.682719,2791.665593,1656.691422,1997.796579,0,0,0,0,554534.425082,0,5580.274900,0,905.071487,2151187.053499,0,0,8300.590882,395482.988709,3638943.030590,0,0,0,9779.893863,24763.314698,0,611.045901,0,0,0,0,0,0,1126.170355,0,0,0,0,0,0,38800811335.101448
2025-11-01,12852674954.043522,209898913.701438,1606307677.732139,2249180112.565192,2129.836192,2397567248.245798,515682420.362282,74804186.067646,510460479.917170,788275090.642954,767289.096815,510447693.310820,416568037.742158,0,25010563.372675,4552555.354888,68722.323562,1473316.483327,33988240.004084,22529049.897911,285706.701362,0,2787.801105,21393365.024798,0,29341.527861,0,0,35302.633682,0,289.981223,11049.198747,0,0,0,0,641514.014638,0,3496.891380,0,2.021205,1162009.463409,0,0,8255.554163,245025.342514,204257.163070,0,0,0,2587.466633,6172.119833,0,20.006043,0,0,0,0,0,0,98.530342,0,0,0,0,0,0,22244289962.142586
2025-12-01,10100467783.409174,827743584.484029,673313167.568027,1393399710.208975,26210.684719,601556118.311856,551255614.873331,11773557.121854,1212251987.974100,547851003.996557,2819670.418324,360785756.196665,453382411.813308,0,53627336.627338,3880227.744032,71218.701562,19390409.961756,32583885.672231,37084136.508533,150284.199488,0,1940.238474,5230042.143022,0,7018.510913,0,0,10017.079326,0,536.655093,0.724269,0,0,0,0,305434.623558,0,19492.108020,0,0,1002390.547618,0,0,49226.029947,32167.194927,0,0,0,0,0,89.993493,0,4.998979,0,0,0,0,0,0,0.100033,0,0,0,0,0,0,16890072437.423532
2026-01-01,11924795167.713289,120330446.656810,308199338.184426,1795178402.328027,159.411993,212262090.219583,566065916.925277,16807051.816032,497177202.538296,176838501.243758,1380606.201606,597022379.415913,390556207.525173,0,5448801.826263,61266.976115,40305.066955,218243839.981069,60821895.382884,20240310.671876,109572.425258,315.021112,5959.282797,10784473.124591,0,16967.656953,0,0,26873099.875604,0,403.054080,0,0,0,0,0,211905.792684,0,0,0,0,738761.013385,0,0,7551.424511,83090.771479,0,0,0,0,0,834.082777,0,0,0,0,0,0,0,0,3.356955,0,0,0,0,0,0,16950302826.967533
2026-02-01,10078946457.542183,121772671.538882,975211398.183004,1747080256.953214,384.952628,700856112.454916,683283447.648870,9111730.265772,908123243.607821,123468782.003934,0,394644714.710724,495141647.853312,0,56158997.055114,1161026.244038,196386.542840,175890935.230501,38769817.086181,17810287.681640,51207.832896,0,3248.914938,9750949.541086,0,23193.837267,0,0,39383317.824391,0,60.011683,0,0,0,0,0,235984.473453,0,0,0,0,0,0,0,15598.616031,87548.237165,0,0,0,0,0,0,0,0,0,0,0,0,0,0,0,0,0,0,0,0,0,16577179406.844488
2026-03-01,10434796958.371647,66479073.861247,1058520177.524309,2732150587.574883,54037.725802,586793275.965714,696313502.707478,10731705.820721,1124833900.543800,170130226.361995,3199.516160,1758678925.213902,355452800.024203,0,4293964.310774,394337.878847,100899.985953,93224440.852005,31703686.094975,14589166.640447,35752.905449,0,45.089300,5029299.207938,0,5689.424024,0,0,6598816.713855,0,0.633246,0,0,0,0,0,1718604.458804,0,0,0,0,0,0,0,1717.549420,5258.907949,0,0,0,0,0,0,0,443.597540,0,0,0,0,45917.094933,0,0,0,0,0,0,0,0,19152686412.557316
2026-04-01,6536769755.767873,97182336.381249,1726150252.654393,2114398512.286037,3603.996382,1897686372.293701,501014097.645101,69330652.009293,1974409799.361577,607403795.610501,499.844285,1979613090.866672,181259476.961716,0,3677650.346684,247387.026801,46535.326211,171180163.799143,35584623.449269,15179039.155710,119980.530366,0,1602.057876,2411655.767231,0,317.112113,0,0,47786856.434821,0,0,0.000002,0,0,0,0,0,0,1999.796280,0,0,0,0,0,4257.755878,23568.483259,0,0,0,0,0,0,0,0,0,0,0,0,18539.762059,0,0,0,0,0,0,0,0,17961506422.482483
2026-05-01,3525419718.885640,77177756.546576,1463901782.889585,1388646642.371163,0,1455110089.922579,502026618.356179,128999236.676283,865266686.924294,745730906.407637,1399.173020,716867744.388422,220997883.819504,0,59413598.744473,166840.039565,1399.422780,87302000.538849,44608434.841691,13741658.207932,33427.162036,21.124489,0,1499680.379444,0,10.781398,0,0,10872414.936061,0,4.065500,0,0,0,0,0,23105.524278,0,11996.255656,0,0,0,74822.874375,0,1.409461,7115.395340,0,0,0,0,7.207070,0,0,0,0,0,0,0,64854.801992,0,0,0,0,0,0,0,0,11307967860.073271
2026-06-01,1149559332.733413,31807438.369469,114019591.162733,372624442.453199,0,233550152.586503,238267692.961905,70306216.996921,66405772.697500,241756991.997392,1349.384940,98162054.220712,40846654.538188,0,8357864.128306,0,6469.414918,5761448.303015,39936627.636747,8474022.096272,45151.994607,0,0,0,0,0,0,0,30303390.183666,0,0,0,0,0,0,0,45288.517340,0,249.496950,0,0,0,0,0,0,159.458524,0,0,0,0,0,0,0,0,0,0,0,0,5392.318971,0,0,0,0,0,0,0,3682.606616,2750247436.258808
