day,USDT,USDC,FDUSD,PYUSD,USDP,USDTB,USDG,RLUSD,EURS,EURC,EURCV,USDH,MUSD,total
2019-01-01,60057493.363429,307793723.650000,0,0,127673513.100000,0,0,0,35672910.023460,0,0,0,0,531197640.136889
2019-02-01,60057493.363429,236917932.170000,0,0,109543189.700000,0,0,0,35672910.023460,0,0,0,0,442191525.256889
2019-03-01,60057493.363429,246694704.210000,0,0,118082745.660000,0,0,0,35672910.023460,0,0,0,0,460507853.256889
2019-04-01,537959503.963429,293184174.060000,0,0,160737039.030000,0,0,0,36824421.423460,0,0,0,0,1028705138.476889
2019-05-01,687959503.963429,334092929.790000,0,0,165306284.890000,0,0,0,36824421.423460,0,0,0,0,1224183140.066889
2019-06-01,1037959503.963429,366634882.860000,0,0,164099588.070000,0,0,0,36824421.423460,0,0,0,0,1605518396.316889
2019-07-01,1557459503.963429,436169024.910000,0,0,241194726.150000,0,0,0,36824421.423460,0,0,0,0,2271647676.446889
2019-08-01,1662459503.963429,453807796.330000,0,0,200065116.630000,0,0,0,36824421.423460,0,0,0,0,2353156838.346889
2019-09-01,2092395053.380251,429864296.820000,0,0,255103618.880000,0,0,0,36824421.423460,0,0,0,0,2814187390.503711
2019-10-01,2856046653.380251,464533279.550000,0,0,247877299.320000,0,0,0,36824421.423460,0,0,0,0,3605281653.673711
2019-11-01,2900260391.706661,457460016.970000,0,0,218729575.150000,0,0,0,36824421.423460,0,0,0,0,3613274405.250122
2019-12-01,3215260391.707661,520368712.140000,0,0,223522710.320000,0,0,0,36824421.423460,0,0,0,0,3995976235.591121
2020-01-01,3215101121.166395,440729790.000000,0,0,226307039.730000,0,0,0,36824421.423460,0,0,0,0,3918962372.319855
2020-02-01,3316677572.740854,444856561.480000,0,0,199000258.230000,0,0,0,36824421.423460,0,0,0,0,3997358813.874314
2020-03-01,5000515274.708539,693469078.780000,0,0,248237336.010000,0,0,0,36824421.423460,0,0,0,0,5979046110.921999
2020-04-01,6761506741.670909,727058884.310000,0,0,254895948.610000,0,0,0,36824421.423460,0,0,0,0,7780285996.014369
2020-05-01,8121365431.043098,730920000.730000,0,0,245429130.640000,0,0,0,36824421.423460,0,0,0,0,9134538983.836557
2020-06-01,8920560493.170473,985540179.880000,0,0,241123246.700000,0,0,0,36824421.423460,0,0,0,0,10184048341.173933
2020-07-01,9850192114.031847,1080262825.750000,0,0,253716532.770000,0,0,0,36824421.423460,0,0,0,0,11220995893.975307
2020-08-01,12370037988.110901,1477999422.210000,0,0,268458041.740000,0,0,0,36824421.423460,0,0,0,0,14153319873.484360
2020-09-01,14429839175.470215,2533902792.530312,0,0,293973832.600000,0,0,0,36824421.423460,0,0,0,0,17294540222.023983
2020-10-01,15774190424.845432,2964549028.720850,0,0,430492715.570000,0,0,0,36824421.423460,0,0,0,0,19206056590.559742
2020-11-01,18187724988.763062,2997700945.221575,0,0,404707843.400000,0,0,0,36824421.423460,0,0,0,0,21626958198.808094
2020-12-01,20037511915.052525,3962904561.954535,0,0,335773305.380000,0,0,0,36824421.423460,0,0,0,0,24373014203.810520
2021-01-01,25812442493.184788,5976919720.959550,0,0,655465622.310000,0,0,0,43135567.529010,0,0,0,0,32487963403.983349
2021-02-01,34312355431.891991,9363830730.972902,0,0,892368327.610000,0,0,0,54650681.529010,0,0,0,0,44623205172.003899
2021-03-01,41100478986.357742,11146228259.947779,0,0,972530167.630000,0,0,0,54650681.529010,0,0,0,0,53273888095.464523
2021-04-01,52100478988.245743,14797481006.527773,0,0,1181774345.210000,0,0,0,77683396.528786,0,0,0,0,68157417736.512299
2021-05-01,63100478988.245743,22810930704.756672,0,0,1230431046.890000,0,0,0,89965397.545492,0,0,0,0,87231806137.437897
2021-06-01,63095955600.742325,25229535190.284401,0,0,840297105.240000,0,0,0,102056313.305948,0,0,0,0,89267844209.572693
2021-07-01,63193925770.487480,27423822710.814278,0,0,926059238.070000,0,0,0,102237664.053307,0,0,0,0,91646045383.425079
2021-08-01,66256273221.642319,27430768801.155880,0,0,981107435.390000,0,0,0,103623758.396330,0,0,0,0,94771773216.584534
2021-09-01,70994865463.325287,31559289999.721214,0,0,922728348.430000,0,0,0,103540894.081446,0,0,0,0,103580424705.557953
2021-10-01,70967033272.256042,33087616336.251793,0,0,958052822.190000,0,0,0,103693324.493327,0,0,0,0,105116395755.191177
2021-11-01,75962183265.083679,38543720487.174423,0,0,1137578746.020000,0,0,0,105158537.860407,0,0,0,0,115748641036.138519
2021-12-01,81212183265.971680,43075172679.702019,0,0,1034611244.960000,0,0,0,117205476.387166,0,0,0,0,125439172667.020874
2022-01-01,78503100590.201019,50303962741.848953,0,0,1044751271.400000,0,0,0,123515671.298240,0,0,0,0,129975330274.748199
2022-02-01,80602904584.135498,53661074833.782135,0,0,1022049496.790000,0,0,0,135064023.467529,0,0,0,0,135421092938.175156
2022-03-01,83893792692.603210,52196842338.771530,0,0,965987169.730000,0,0,0,147100154.967679,0,0,0,0,137203722356.072418
2022-04-01,84092152307.251892,50013341703.639404,0,0,1012606434.020000,0,0,0,148276596.013733,0,0,0,0,135266377040.925034
2022-05-01,78091823173.193268,54455341475.715675,0,0,955591967.810000,0,0,0,147964517.412880,34.545342,0,0,0,133650721168.677155
2022-06-01,66988565861.083771,56400665208.788971,0,0,855198232.850000,0,0,0,147438168.219191,2517.572404,0,0,0,124391869988.514343
2022-07-01,66985176912.424774,55153821876.166824,0,0,868718810.250000,0,0,0,146407876.124876,1174762.810310,0,0,0,123155300237.776779
2022-08-01,67982983351.326675,53128591542.744690,0,0,965330840.190000,0,0,0,145998966.308580,88078290.483812,0,0,0,122310982991.053757
2022-09-01,68981650430.882111,48945302814.786583,0,0,915859695.510000,0,0,0,145358187.108906,88139608.062833,0,0,0,119076310736.350433
2022-10-01,70967966846.507111,46248452434.163246,0,0,898543285.180000,0,0,0,149856975.766823,89733009.717135,0,0,0,118354552551.334305
2022-11-01,71967517676.960632,46860246981.433853,0,1100336.220000,767404706.950683,0,0,0,144947857.168146,29310456.323853,0,0,0,119770528015.057175
2022-12-01,71963889021.484924,48430275245.381058,0,1100336.220000,867695093.830683,0,0,0,146437342.887058,28679153.775122,0,0,0,121438076193.578842
2023-01-01,71960857264.950012,46358286798.712471,0,1100337.220000,969514796.670683,0,0,0,145765476.886843,35785889.240233,0,0,0,119471310563.680237
2023-02-01,72949995962.605347,46462601538.979736,0,2000000.000000,766369356.990683,0,0,0,145684677.531291,34343962.588802,0,0,0,120360995498.695862
2023-03-01,81949936116.706665,36758651824.804199,0,2000000.000000,757552716.460683,0,0,0,146502128.507507,35775286.042656,0,0,0,119650418072.521698
2023-04-01,83948839441.055191,34797016441.738396,0,2000000.000000,1041056795.450683,0,0,0,145868929.154653,55469462.973012,0,0,0,119990251070.371918
2023-05-01,84948839439.829773,33147498448.801350,532.520000,2000000.000000,1027011081.220683,0,0,0,144854851.239029,55453903.313401,0,0,0,119325658256.924240
2023-06-01,84594729907.083710,31665753841.185543,1073.800000,2000000.000000,986890935.850683,0,0,0,145066660.821701,55177238.938990,0,0,0,117449619657.680634
2023-07-01,85590458386.090378,30757317929.483818,21194355.120000,2000000.000000,549583263.470683,0,0,0,144411647.524763,54956678.445434,0,0,0,117119922260.135071
2023-08-01,84390458266.358215,30503296155.885132,362796795.420000,44376440.450000,505170765.450683,0,0,0,144423760.756815,56683666.396041,0,0,0,116007205850.716888
2023-09-01,85387912389.054291,29429209036.459080,406763577.720000,94396540.450000,486062948.650683,0,0,0,143978338.713412,56831907.310055,0,0,0,116005154738.357513
2023-10-01,86587815578.674347,29112537601.076431,563046158.470000,158956937.450000,438824450.650683,0,0,0,143783468.750098,58024445.034577,11515114.000000,0,0,117074503754.106125
2023-11-01,91572152386.909088,28829355707.502686,965652971.770000,156753068.360000,446640156.510683,0,0,0,143700002.862628,59185472.593878,12090869.700000,0,0,122185530636.208954
2023-12-01,93565258147.342194,28415694955.312859,1801091366.910000,264531845.820000,372639175.350683,0,0,0,143626883.869328,105164181.417769,12378747.550000,0,0,124680385303.572845
2024-01-01,98562968193.612030,30359090466.082985,2578169834.310000,301175241.400000,353101045.700683,0,0,0,143789366.135127,104710706.016048,12833594.553000,0,0,132415838447.809860
2024-02-01,100562277657.700485,28766945434.104698,3292039236.910000,304427933.120000,203051111.240683,0,0,0,143826291.547555,101338859.361473,12833594.553000,0,0,133386740118.537872
2024-03-01,106824814093.607056,32399379108.771538,2549846920.870000,188485923.630000,147984690.210683,0,0,0,145444746.877205,104469031.659750,12833594.553000,0,0,142373258110.179260
2024-04-01,112252749420.439209,33023075338.195503,4198504144.050000,328083117.620000,148503536.280683,0,0,0,147917757.885824,92473459.304431,12833594.553000,0,0,150204140368.328644
2024-05-01,114552749365.954834,32265305378.535503,2904009591.250000,444103023.410000,145982340.160683,0,0,0,147250140.974190,87978959.093754,12833594.553000,0,0,150560212393.931946
2024-06-01,115793837898.516052,32037999592.082085,2079062869.900000,499487564.482397,121706619.700683,0,0,0,147062579.423430,86614006.578475,12833594.553000,0,0,150778604725.236115
2024-07-01,117239264485.205566,33037266596.754997,2005756616.160000,625414559.277788,114706088.700683,0,0,0,147304051.951280,86392282.327117,38281996.493000,0,0,153294386676.870483
2024-08-01,120423074464.518127,34603878445.391739,2799054880.660000,908164707.586368,106940788.480683,0,0,0,147406386.930610,105400848.729915,38281996.493000,0,0,159132202518.790436
2024-09-01,121854865139.312225,35400278914.828194,2817942313.550000,704883091.811957,107115483.900683,0,0,1356028.000000,147144572.055699,115861374.792341,44518956.476605,0,0,161193965874.727661
2024-10-01,122850145170.298523,34501699461.327560,2539366612.320000,570851729.474883,110099030.668415,0,10750140.000000,48708142.000000,146746521.176148,136798522.591165,44634107.616605,0,0,160959799437.473328
2024-11-01,138456563253.706482,39579481599.840797,1989183494.400000,546550436.921749,103115717.668415,0,29386864.460000,1606.550000,144398198.251610,140755044.524040,45564701.554515,0,0,181035000917.877594
2024-12-01,142952320564.283661,43559827760.689964,2195994846.330000,497959718.543076,93564116.098415,89359958.221152,29860176.810000,57602317.550000,144473793.927145,132871511.512009,45900942.883315,0,0,189799735706.848755
2025-01-01,144085089216.558258,53042771345.447716,2011875500.854670,482747103.391140,80050903.408415,89360067.284407,37007580.360000,79912632.550000,144748718.609648,156380672.264824,46521607.527915,0,0,200256465348.256989
2025-02-01,145076417039.380157,55760167736.841469,2041924819.934638,753608083.713101,80578595.816685,90161214.597959,117651317.110000,91837632.550000,144686779.778711,168307953.801302,47404816.771715,0,0,204372745990.295715
2025-03-01,149891228908.230896,59492712623.897095,2588088088.167816,753266130.018406,79443383.534771,1432561707.279539,189048942.269999,199637599.550000,144725980.888574,225820618.799414,48526273.724175,0,0,215045060256.360657
2025-04-01,153527966937.478271,60850082848.532585,1476057855.768664,887766151.817313,71319225.344771,1438233400.876015,234514973.093231,250137599.550000,144860500.162444,263171701.163375,47795063.985175,0,0,219191906257.771820
2025-05-01,158017414663.087036,60068212040.731117,1659012287.821599,906606815.016534,73223449.284771,1449404777.221877,311392595.985511,242138182.550000,144866747.618454,252339468.617811,47679912.845175,0,0,223172290940.779816
2025-06-01,161778544587.465240,60776118530.212440,1470074342.700668,950362403.398344,67953449.284771,1461242394.596797,322640222.108322,389338282.550000,144723641.581649,239581475.156938,53880882.339973,0,0,227654460211.395081
2025-07-01,169737712149.930054,63510448418.259285,1305501082.688040,1037124620.174885,64953459.284771,1438577781.188969,326939499.533064,536838227.550000,144734289.204536,249754220.773353,53996033.479973,0,0,238406579782.066895
2025-08-01,174685273061.180542,71155363192.437454,1163439682.536649,1181319967.538167,66953468.265718,1491191279.778976,551553116.424374,616045484.550000,144690301.584207,271195038.303251,66367300.811919,0,1001033.028154,251394392926.439392
2025-09-01,181019547930.573303,73692578126.988815,1080496164.356813,2432687332.652576,63264568.265718,1833287131.212393,719369888.679487,700791506.189998,144645522.979183,283818250.413590,65078759.555319,25028471.480000,63653183.457637,262124246836.804901
2025-10-01,188013553169.609924,75181368118.100967,1027048215.128684,2814793868.104750,55711456.227634,1832012491.599120,991512885.428995,805192409.249998,144349641.031017,309887605.157152,64203622.406433,21545236.360000,49918124.307021,271311096842.711639
2025-11-01,188920247266.215637,76502756366.275131,926701524.430131,3868478976.634829,57569455.221505,1338401421.549119,1036072003.033494,1025892410.417345,144478869.743335,360415207.345142,62271374.762119,60599471.670000,28323320.255900,274332207667.553772
2025-12-01,191903720241.520935,74741153517.720444,516313158.489718,3609826026.864540,47569455.211825,843833062.190120,1232835845.755396,1043200924.817351,144415193.454423,380796876.385748,66896996.055919,62883066.160000,25897970.314315,274619342334.940735
2026-01-01,191535200875.962036,69098225051.257156,456142731.410694,3609536490.870569,47569455.211825,865096536.301978,1229483963.986976,1096450749.037396,144564931.379318,421427024.400096,69683665.159033,88041973.030000,24477003.707276,268685900451.714325
2026-02-01,189990380090.654816,74758228777.528961,380413815.014236,4203341568.875026,40569452.761825,835268768.360978,1358332821.934507,1238673752.835610,145120827.825836,485989100.427299,68130819.045331,81718593.990000,24537226.152610,273610705615.407013
2026-03-01,190969815497.598511,75975821920.173294,394264709.282206,3927545854.521406,40569460.748896,863108559.010239,1401771959.232268,1057493745.295610,145230740.498660,470501612.023925,83116842.658648,90809713.610000,30113749.691055,275450164364.344666
2026-04-01,195269637843.545288,75409499045.590103,402873076.032193,3383284871.673480,40569459.930272,585137195.230240,1140498113.711496,1191160272.055610,145177277.309808,488243511.612010,93313016.790781,102565769.200000,32701947.774549,278284661400.455811
2026-05-01,195241971897.846130,72940630076.847412,354688772.034291,3060363027.104387,31954027.030524,1061000391.460240,1182175404.904849,1085054927.145036,145127125.718045,495959344.529978,93009798.598031,61334006.290000,32800729.685785,275786069529.194641
2026-06-01,195204389549.200317,67507456536.180672,350116531.811945,2707190895.327738,31954027.030524,736104446.030239,1128620639.969290,734083796.481752,9117434.533231,504350606.547731,113780796.122026,22623156.280000,29238375.671698,269079026791.187164
2026-07-01,191158025142.481659,66090114742.373390,350155531.589741,2701137219.351913,31954025.960694,352732173.430240,1122173987.679757,704022873.729577,9123712.250961,525090793.426045,126033709.914708,10511369.460000,20408348.123878,263201483629.772522
2026-08-01,191149325664.952362,66117773348.809036,351746633.709741,2738060737.410501,31954025.960694,353265906.380240,1116872218.276110,743904896.972483,9133170.719540,524405219.538883,131981415.450980,10418326.870000,19609332.292275,263298450897.342865
