day,ethereum,tron,solana,arbitrum,base,avalanche,ton,hyperevm,aptos,polygon,celo,stellar,sui,x_layer,optimism,bsc,monad,codex,linea,total
2019-01-01,531050250.363745,0,0,0,0,0,0,0,0,0,0,0,0,0,0,0,0,0,0,531050250.363745
2019-02-01,442044135.483745,0,0,0,0,0,0,0,0,0,0,0,0,0,0,0,0,0,0,442044135.483745
2019-03-01,460360463.483745,0,0,0,0,0,0,0,0,0,0,0,0,0,0,0,0,0,0,460360463.483745
2019-04-01,890650980.403745,137902010.600000,0,0,0,0,0,0,0,0,0,0,0,0,0,0,0,0,0,1028552991.003745
2019-05-01,1186128981.993745,37902010.600000,0,0,0,0,0,0,0,0,0,0,0,0,0,0,0,0,0,1224030992.593745
2019-06-01,1567464238.243745,37902010.600000,0,0,0,0,0,0,0,0,0,0,0,0,0,0,0,0,0,1605366248.843745
2019-07-01,2164093518.373745,107402010.600000,0,0,0,0,0,0,0,0,0,0,0,0,0,0,0,0,0,2271495528.973745
2019-08-01,2240602680.273745,112402010.600000,0,0,0,0,0,0,0,0,0,0,0,0,0,0,0,0,0,2353004690.873745
2019-09-01,2705633232.430567,108402010.600000,0,0,0,0,0,0,0,0,0,0,0,0,0,0,0,0,0,2814035243.030567
2019-10-01,2773075895.600567,832053610.600000,0,0,0,0,0,0,0,0,0,0,0,0,0,0,0,0,0,3605129506.200567
2019-11-01,2736571647.176977,876550610.600000,0,0,0,0,0,0,0,0,0,0,0,0,0,0,0,0,0,3613122257.776977
2019-12-01,3079273477.516977,916550610.601000,0,0,0,0,0,0,0,0,0,0,0,0,0,0,0,0,0,3995824088.117977
2020-01-01,3002259614.245711,916550610.601000,0,0,0,0,0,0,0,0,0,0,0,0,0,0,0,0,0,3918810224.846711
2020-02-01,3398811646.280170,598395020.121000,0,0,0,0,0,0,0,0,0,0,0,0,0,0,0,0,0,3997206666.401170
2020-03-01,5216498943.327855,762395020.121000,0,0,0,0,0,0,0,0,0,0,0,0,0,0,0,0,0,5978893963.448855
2020-04-01,6636738828.420224,1143395020.121000,0,0,0,0,0,0,0,0,0,0,0,0,0,0,0,0,0,7780133848.541224
2020-05-01,6750991816.242414,2383395020.121000,0,0,0,0,0,0,0,0,0,0,0,0,0,0,0,0,0,9134386836.363415
2020-06-01,7301183251.207672,2882712942.493118,0,0,0,0,0,0,0,0,0,0,0,0,0,0,0,0,0,10183896193.700790
2020-07-01,7768130804.009045,3452712942.493118,0,0,0,0,0,0,0,0,0,0,0,0,0,0,0,0,0,11220843746.502163
2020-08-01,10400458599.604771,3752709126.406446,0,0,0,0,0,0,0,0,0,0,0,0,0,0,0,0,0,14153167726.011217
2020-09-01,13048803539.650469,4245584534.900374,0,0,0,0,0,0,0,0,0,0,0,0,0,0,0,0,0,17294388074.550842
2020-10-01,14335383494.470367,4845520938.616233,25000010.000000,0,0,0,0,0,0,0,0,0,0,0,0,0,0,0,0,19205904443.086601
2020-11-01,15656294604.067440,5945511427.267511,25000020.000000,0,0,0,0,0,0,0,0,0,0,0,0,0,0,0,0,21626806051.334953
2020-12-01,17527363642.681931,6795498393.655445,50000020.000000,0,0,0,0,0,0,0,0,0,0,0,0,0,0,0,0,24372862056.337376
2021-01-01,22123320393.688332,10294464753.567598,70000020.000000,0,0,0,0,0,0,0,0,13.490000,0,0,0,0,0,0,0,32487785180.745930
2021-02-01,30005263250.488327,14294377690.728004,320000021.546800,0,0,0,0,0,0,0,0,3338409.003354,0,0,0,0,0,0,0,44622979371.766487
2021-03-01,34264899054.840401,18594331935.065678,410000023.322800,0,0,0,0,0,0,0,0,4431281.998229,0,0,0,0,0,0,0,53273662295.227112
2021-04-01,41180726191.890404,25994331936.065678,975000024.210800,0,0,0,0,0,0,2476.724239,0,7036143.108223,0,0,0,0,0,0,0,68157096771.999344
2021-05-01,54252819934.129791,31994331936.065678,975000024.210260,0,0,0,0,0,0,2476.724239,0,9280056.247664,0,0,0,0,0,0,0,87231434427.377640
2021-06-01,56187383029.865662,32096056162.796398,975000024.210260,0,0,0,0,0,0,2522.594387,0,8980804.005392,0,0,0,0,0,0,0,89267422543.472107
2021-07-01,58461151398.272812,32099081043.556396,1075000025.098260,0,0,0,0,0,0,183124.054807,0,10207377.055272,0,0,0,0,0,0,0,91645622968.037552
2021-08-01,61083866201.339035,32100145176.467010,1575000025.986260,0,0,0,0,0,0,875439.251414,0,11458231.226871,0,0,0,0,0,0,0,94771345074.270599
2021-09-01,63594051748.748001,36198709283.537018,3625000028.650260,0,0,0,0,0,0,792917.307045,0,161442927.372201,0,0,0,0,0,0,0,103579996905.614517
2021-10-01,65131241930.969749,36196076330.627014,3625000028.515683,0,0,1.000000,0,0,0,944717.922147,0,162704316.416364,0,0,0,0,0,0,0,105115967325.450974
2021-11-01,73628927948.185318,37226430706.839073,4725000028.515583,0,0,1000000.000000,0,0,0,2403877.466714,0,164443991.569089,0,0,0,0,0,0,0,115748206552.575775
2021-12-01,78692994058.085327,39870438820.009071,6675000028.403583,0,0,49620349.170000,0,0,0,3048180.023916,0,147586973.426691,0,0,0,0,0,0,0,125438688409.118576
2022-01-01,85769818830.243271,37253119260.740486,6675000028.297679,0,0,123318541.060000,0,0,0,3598534.600764,0,149964750.069528,0,0,0,0,0,0,0,129974819945.011749
2022-02-01,88932623380.917755,39251391682.350487,6675000027.297453,0,0,406909991.160000,0,0,0,3631635.439899,0,150978176.942904,0,0,0,0,0,0,0,135420534894.108505
2022-03-01,86791860034.005676,42179980302.020866,6675000026.296893,0,0,1382231055.300000,0,0,0,4150500.251886,0,169892664.442302,0,0,0,0,0,0,0,137203114582.317642
2022-04-01,84297086658.111969,42123473930.424858,6675000019.851984,0,0,1984595276.210000,0,0,0,5322080.596114,0,180286441.273460,0,0,0,0,0,0,0,135265764406.468399
2022-05-01,83704718733.927765,40723260457.624863,6924999680.172556,0,0,2112649404.650000,0,0,0,5011291.410511,0,179470255.707341,0,0,0,0,0,0,0,133650109823.493027
2022-06-01,80153906560.187332,35016161441.090813,6924999664.756124,0,0,2113236862.900000,0,0,0,4487116.933945,0,178469161.920004,0,0,0,0,0,0,0,124391260807.788193
2022-07-01,78867941122.457748,35315324122.300812,6924999422.117204,0,0,1861689382.160000,0,0,0,3461081.697788,0,181275339.809259,0,0,0,0,0,0,0,123154690470.542816
2022-08-01,76942423049.350754,36567812706.390808,6924964439.155865,0,0,1690130596.570000,0,0,0,3053861.374304,0,181631201.139259,0,0,0,0,0,0,0,122310015853.980988
2022-09-01,74032192711.346497,36314853751.720810,6924964433.608787,0,0,1616208264.000000,0,0,0,2415729.682243,0,184711103.081092,0,0,0,0,0,0,0,119075345993.439407
2022-10-01,72428246977.499847,37349535736.333305,6924964426.740987,0,0,1446279300.840000,0,0,0,6895930.693700,0,197640265.210929,0,0,0,0,0,0,0,118353562637.318756
2022-11-01,73107587741.280685,38036373315.203300,6924954023.104668,213.170000,0,1507203870.650000,0,0,0,2007095.101823,0,191681639.840091,0,0,133.580000,0,0,0,0,119769808031.930557
2022-12-01,74807810170.604889,38242921431.030579,6924954021.486473,213.170000,0,1296159894.060000,0,0,0,3490426.712139,0,162016374.052487,0,0,133.580000,0,0,0,0,121437352664.696579
2023-01-01,72586931659.721802,38533381728.650581,6924953991.208869,213.170000,0,1254882332.090000,0,0,0,2821336.660881,0,167589052.763716,0,0,133.580000,0,0,0,0,119470560447.845825
2023-02-01,70953850647.597961,41191179015.231110,6924953980.212134,213.170000,0,1193086567.580000,0,0,0,2740871.144051,0,94440245.793716,0,0,133.580000,0,0,0,0,120360251674.308975
2023-03-01,67026869736.263824,44623283993.751106,6924894109.045255,213.170000,0,993351231.978429,0,0,0,3554944.657821,0,77710594.426381,0,0,133.580000,0,0,0,0,119649664956.872803
2023-04-01,66412995181.853378,45544852601.154984,6924894086.019788,237.070000,0,1021614469.958966,0,0,0,2924361.494925,0,82137930.624192,0,0,332.300000,0,0,0,0,119989419200.476242
2023-05-01,64715043826.845062,46508193134.484985,6924883516.275322,237.070000,0,1088156989.157514,0,0,0,1914473.445332,0,86637874.714192,0,0,339.190000,250.000000,0,0,0,119324830641.182419
2023-06-01,65685620394.286179,43483583359.342293,6924883515.089774,135957560.156984,0,1126693481.445673,0,0,0,2125407.894287,0,89928002.494191,0,0,339.190000,250.000000,0,0,0,117448792309.899384
2023-07-01,64398972297.789070,44430806698.032616,6924883511.557650,182345816.792944,0,1067522224.509862,0,0,0,1473100.915987,0,103008365.094181,0,0,286.390000,10086228.880000,0,0,0,117119098529.962296
2023-08-01,64454481138.670197,43278316126.332611,6924883389.052172,195259317.220924,278.100000,1026192472.153720,0,0,0,1485164.099793,0,100675863.061476,0,0,457.528350,25080728.880000,0,0,0,116006374935.099243
2023-09-01,63453345905.506042,44223321524.114853,6924883353.194382,186605162.440768,27448801.060000,1010232516.917834,0,0,0,1041703.076782,0,112156893.857401,0,0,19908461.555179,45380728.880000,0,0,0,116004325050.603241
2023-10-01,63114883561.245361,45153709005.629509,6924883349.969629,300356938.868595,154621421.838566,1161433591.245514,0,0,0,43287478.427755,0,138891213.064552,0,0,36175028.118183,45380778.880000,0,0,0,117073622367.287659
2023-11-01,65250099311.570663,48098659440.666481,6924883271.091908,380984889.943937,156996357.665548,1047166181.291908,0,0,0,100018129.666317,0,132817972.059879,0,0,47636085.541958,45380778.880000,0,0,0,122184642418.378601
2023-12-01,66769866803.436325,49086772997.754005,6970775294.995443,458162902.942555,41218335.215465,1092507562.143708,0,0,0,133892067.769593,0,41983491.587786,0,0,32745493.453176,51381278.880000,0,0,0,124679306228.178055
2024-01-01,70819605980.392090,52257268247.511932,6971024205.757164,795534474.352979,205260308.520050,1078450177.041134,0,0,0,130571177.069307,90.000000,65244430.632725,0,0,63944127.262646,27855476.880000,0,0,0,132414758695.420044
2024-02-01,73821102721.193176,53069187163.312347,3671023425.196455,1003368742.991760,235506090.801354,1096177115.881005,0,0,0,196001534.692230,5610198.880000,70346810.712930,0,0,74574394.431898,142775946.950000,0,0,0,133385674145.043182
2024-03-01,79078881807.628754,54966003763.596062,4212251687.821497,1126723891.486527,978485781.912924,1432053480.658229,0,0,0,182813518.987965,76339412.027000,93470542.118388,0,0,126044735.350943,99103895.190000,0,0,0,142372172516.778351
2024-04-01,81367274466.681229,57933216560.268799,4634627831.600689,1127100900.695681,2452934653.912015,1826605201.415483,130000002.000000,0,0,202706596.719660,88020784.837000,108995904.854302,0,0,152707831.122459,178903385.190000,0,0,0,150203094119.297333
2024-05-01,79775894376.927582,58899034114.595436,4571790740.712317,1165657553.629220,2940314349.115060,2001324113.823832,430000002.000000,0,0,227858240.784614,85864153.537000,151370042.467376,0,0,172201967.009061,137877818.620000,0,0,0,150559187473.221436
2024-06-01,78916843856.119186,59887028433.110085,4584287505.014689,1127760625.908494,2974864285.080508,1762221209.700907,580000002.000000,0,0,336704153.054582,195794388.707000,193161408.248813,0,0,169047912.414233,49872439.690000,0,0,0,150777586219.048523
2024-07-01,79228152140.860229,60883849178.125595,4955835593.890522,1382327699.146074,2974769074.559481,1747201792.985797,730000002.000000,0,0,418614429.174361,510178792.397000,233059597.303619,0,0,181402203.786180,47872439.690000,0,0,0,153293262943.918915
2024-08-01,82891527175.876770,61873705815.952507,5559308786.568995,1424234601.052028,3071173619.098654,2017191329.619809,730000002.000000,0,0,502102575.482484,510334159.807000,278771574.326146,0,0,203652715.838427,68991569.690000,0,0,0,159130993925.312866
2024-09-01,84635393116.279236,61867013332.152878,5220900390.382710,1297517947.285124,3477645781.180774,2229840235.466105,1030000002.000000,0,0,481158057.208937,510105091.447000,145423692.834343,100.000000,0,199710058.055428,97981569.690000,0,0,0,161192689373.982544
2024-10-01,83241635767.343475,62849680258.692581,5113327586.371819,1379276672.584585,3531405184.432364,2231940776.322414,1030000002.000000,0,30000000.600000,490843948.142375,513306251.647000,196394402.092433,86322479.311967,0,173857859.724624,81987170.180000,0,0,0,160949978359.445679
2024-11-01,102665404954.566162,61816767540.489265,5809524427.845697,2205921506.488887,3324228037.861374,2007009420.599231,1429976002.510000,0,380000000.600000,312068076.837839,493769283.187000,132207847.995239,112484142.571967,0,258566390.119683,73307190.570000,0,0,0,181021234822.242401
2024-12-01,110994424778.937759,59814116070.198624,6333040880.515759,3331151274.153182,3435736085.708645,2259249495.891712,1429976002.510000,0,630000010.400000,396868990.362526,494044437.477000,155736806.832955,179321275.374384,0,292765125.145338,39553375.560000,0,0,0,189785984609.067841
2025-01-01,113798862951.886734,60787448345.881073,12038205563.548780,3623373395.909342,3695965717.607816,2480251614.874734,1429976002.510000,0,670018233.449304,371426515.189414,492525926.377000,191621377.962815,323645539.235655,0,240444427.207325,99149569.560000,0,0,0,200242915181.200043
2025-02-01,115073869013.086731,63782699309.728157,11444101727.611294,3819907296.273192,3696260974.894864,2449141390.467786,1429976002.510000,0,716542869.027608,412637650.157315,493885386.587000,246121279.950824,465619960.222481,0,231839273.909690,97049669.560000,0,0,0,204359651803.986969
2025-03-01,120556021953.057190,66772680287.775612,12643947674.536507,3854761827.879474,3750868876.661779,2453290119.235090,1429976002.510000,0,1373418692.152774,554923532.486844,492256622.267000,281874037.147699,540020338.156091,0,235911930.644119,91975825.910000,0,0,0,215031927720.420166
2025-04-01,118990104005.913589,71753606114.648804,13292118228.818710,3785088758.042633,3739429286.199372,2542275934.177504,1429976002.510000,0,1413215970.358146,490379733.905436,491442355.087000,334045753.307832,652282962.562671,0,189048659.120274,75375037.340000,0,3.989990,0,219178388805.981964
2025-05-01,117063726457.714035,77745523239.803452,11568925346.471716,5130292460.629817,3730658343.957504,2620388570.318292,1429976002.510000,0,1526526199.890930,567331633.626177,492367175.747000,176922849.506442,829487195.030516,0,203008996.541719,58024729.530000,0,3.989990,0,223143159205.267609
2025-06-01,119197321569.542068,80739594371.903137,10855547393.148518,5572750911.378645,3751142164.845831,2418254434.666158,1429976002.510000,0,1394434087.095508,556494921.108268,493982985.097000,158131846.836278,812972119.088553,0,188125829.915996,58322272.570000,0,15.524734,0,227627050925.230682
2025-07-01,125601839825.209656,82722552813.003540,11746115843.351124,6795064433.183945,3687843647.177009,2615560164.309267,1429976002.510000,0,1465364652.259880,635386582.232437,494827224.187000,197099553.273677,717823169.374303,0,187036000.029441,74987397.100000,0,500164.574834,0,238371977471.776154
2025-08-01,136307795529.986588,82672474833.696762,12717125691.245958,7629139525.212433,3901619174.665262,3122372789.612771,1429976002.510000,1.350000,1418784248.362994,568769269.207097,493828351.217000,192542066.372299,622403920.311052,0,217522870.107514,68560709.000000,0,503084.004834,1000543.554168,251364418610.416779
2025-09-01,149032445534.379669,78666237147.585861,14818241451.536673,7934479536.925579,4020520289.662055,2561872770.665905,1429976002.510000,37777894.342974,1337982335.687928,600646173.527222,507289134.737000,231102524.869505,508349516.213647,9000102.909100,226677275.916646,108583044.910000,0,18367014.049718,56124963.581059,262105672714.010529
2025-10-01,159059717265.621704,78592899702.776215,14804526657.997503,6618153660.222006,4274257702.195523,2498161899.888140,1429976002.510000,46642488.040451,1451742465.603813,566098486.126625,509632113.177000,244783526.948006,708194228.109132,9026311.732284,278266376.468763,86010775.856500,78.350000,101026272.025140,42009299.237356,271321125312.886169
2025-11-01,161694329974.797729,78546094677.569336,15477854161.955925,6538234311.614026,4476261582.962148,2344427142.429868,1429976002.510000,111494475.585835,1552927595.188651,538608434.154294,509665036.767000,214972547.496356,548780900.026073,172990595.294231,207964028.506281,54114827.113068,92763477.871483,88147436.615704,17536615.889485,274617143824.347534
2025-12-01,160184399006.650970,81530716413.217102,15200583427.062263,6004172477.775621,4222435787.098203,2459172197.575087,1429976002.510000,460878675.603130,1495093070.083205,584609520.129169,510564551.747000,233594222.382187,382559880.500129,251718215.104461,194081499.412291,27530055.275307,256463659.892279,52054460.424530,15120775.136704,275495723897.579590
2026-01-01,153863781216.083344,83468496015.358231,13318528241.391916,6232654078.679716,4263382768.693747,2433659590.270844,1429976002.510000,420724272.865645,1512975584.047418,605000650.717714,488055489.067000,205613632.072599,429040251.202917,261966326.618592,207916760.186598,40271922.853766,242425827.908946,52224904.364530,13385798.324655,269490079333.218140
2026-02-01,155190781403.579132,85440643040.402603,14402068922.660336,6538292176.052220,4253775617.857491,2441022457.911384,1429976002.510000,329058209.709041,1530044392.657890,699017672.048198,488708708.037000,228987268.087914,506955927.407774,304761500.494276,189473282.478699,88256439.940590,254508491.647842,51606103.094530,12142450.373964,274380080066.950867
2026-03-01,156690478527.884949,86416979078.409958,14068186932.046265,6282220754.952578,4291390807.270415,2361984413.068357,1429976002.510000,1105533555.945867,1558147832.342337,716144077.411451,485385255.037000,270760137.898810,419706851.281312,323341716.337434,178296282.470157,91497786.395939,268975900.557946,52036949.135630,13460179.522977,277024503040.479370
2026-04-01,158762165455.105927,87398173658.250259,14108065234.569843,5802601597.144878,4516255883.571968,2376348930.317011,1429976002.510000,1529319562.979915,1492398563.934483,705345165.113745,488544769.887000,292264394.900914,408594296.648353,1213116756.407916,207100661.946595,91070122.849726,245948687.923415,51538928.428243,13244149.369841,281132072821.860107
2026-05-01,155085474854.900330,89381564418.186066,13677163327.929239,6026244498.653687,4213098842.506774,2225359276.491683,1429976002.510000,2957601521.149841,1371396180.078502,957126071.052342,490455700.807000,215688886.192609,315094682.697046,1365238725.980962,189909427.621094,58747802.211006,234509046.080435,50914181.966943,12712730.688501,280258276177.703979
2026-06-01,152369162089.963318,89352054386.096680,13030432382.093588,2858714494.645867,4283160420.477799,2275723071.523344,1429976002.510000,5389341585.038118,1379130705.528613,679487303.090680,494172597.947000,269334912.587121,334711465.334657,1721349259.756310,157919329.450381,56578113.982947,225610711.197807,50283603.826595,10019547.544405,276367161982.595337
2026-07-01,145578195902.039307,90310457195.279877,12947299434.438457,2808056898.657774,4216434342.179204,2252575126.230216,1429976002.510000,5671496315.236320,1493280194.254859,635281262.121624,486124451.347000,429565732.979399,313923295.456918,1902325434.512233,154750725.132604,55690046.192797,255559388.584537,51695219.559827,7062080.342651,270999749047.055573
2026-08-01,143639764199.339020,94297086517.227142,12689532730.758419,2723437365.697927,4326100287.368517,2215399887.912798,1429976002.510000,6354397047.288610,1461424783.270337,773992413.542545,484680020.215166,361651810.650884,297139456.091489,1792937646.106423,170962339.113263,57281277.424191,259164694.032455,50210868.860667,6707893.196486,273391847240.606323
2026-09-01,142807879801.671234,94286284656.278046,13591674734.204590,3129276804.041493,4369610317.950639,2240852114.837739,1429976002.510000,6984821291.464976,1616061258.665725,611817292.185022,484128183.235166,345022348.159128,349687100.043481,1527768301.214043,158562797.941668,58065544.593873,229107308.400774,50315562.841880,5989422.151610,274276900842.391144
