day,tron,bsc,solana,ethereum,polygon,arbitrum,base,celo,optimism,avalanche,stellar,aptos,ton,worldchain,sui,plasma,stable,linea,hyperevm,codex,total
2017-11-01,0,0,0,7.000000,0,0,0,0,0,0,0,0,0,0,0,0,0,0,0,0,7.000000
2017-12-01,0,0,0,23.000000,0,0,0,0,0,0,0,0,0,0,0,0,0,0,0,0,23.000000
2018-01-01,0,0,0,337.000000,0,0,0,0,0,0,0,0,0,0,0,0,0,0,0,0,337.000000
2018-02-01,0,0,0,985.000000,0,0,0,0,0,0,0,0,0,0,0,0,0,0,0,0,985.000000
2018-03-01,0,0,0,1090.000000,0,0,0,0,0,0,0,0,0,0,0,0,0,0,0,0,1090.000000
2018-04-01,0,0,0,2176.000000,0,0,0,0,0,0,0,0,0,0,0,0,0,0,0,0,2176.000000
2018-05-01,0,0,0,2638.000000,0,0,0,0,0,0,0,0,0,0,0,0,0,0,0,0,2638.000000
2018-06-01,0,0,0,2518.000000,0,0,0,0,0,0,0,0,0,0,0,0,0,0,0,0,2518.000000
2018-07-01,0,0,0,3222.000000,0,0,0,0,0,0,0,0,0,0,0,0,0,0,0,0,3222.000000
2018-08-01,0,0,0,2580.000000,0,0,0,0,0,0,0,0,0,0,0,0,0,0,0,0,2580.000000
2018-09-01,0,0,0,5126.000000,0,0,0,0,0,0,0,0,0,0,0,0,0,0,0,0,5126.000000
2018-10-01,0,0,0,8793.000000,0,0,0,0,0,0,0,0,0,0,0,0,0,0,0,0,8793.000000
2018-11-01,0,0,0,30900.000000,0,0,0,0,0,0,0,0,0,0,0,0,0,0,0,0,30900.000000
2018-12-01,0,0,0,48646.000000,0,0,0,0,0,0,0,0,0,0,0,0,0,0,0,0,48646.000000
2019-01-01,0,0,0,53781.000000,0,0,0,0,0,0,0,0,0,0,0,0,0,0,0,0,53781.000000
2019-02-01,0,0,0,50569.000000,0,0,0,0,0,0,0,0,0,0,0,0,0,0,0,0,50569.000000
2019-03-01,0,0,0,58555.000000,0,0,0,0,0,0,0,0,0,0,0,0,0,0,0,0,58555.000000
2019-04-01,2081.000000,0,0,116470.000000,0,0,0,0,0,0,0,0,0,0,0,0,0,0,0,0,118551.000000
2019-05-01,5807.000000,0,0,235889.000000,0,0,0,0,0,0,0,0,0,0,0,0,0,0,0,0,241696.000000
2019-06-01,4864.000000,0,0,466408.000000,0,0,0,0,0,0,0,0,0,0,0,0,0,0,0,0,471272.000000
2019-07-01,10193.000000,0,0,889685.000000,0,0,0,0,0,0,0,0,0,0,0,0,0,0,0,0,899878.000000
2019-08-01,5259.000000,0,0,2068631.000000,0,0,0,0,0,0,0,0,0,0,0,0,0,0,0,0,2073890.000000
2019-09-01,4809.000000,0,0,3514216.000000,0,0,0,0,0,0,0,0,0,0,0,0,0,0,0,0,3519025.000000
2019-10-01,36084.000000,0,0,2031630.000000,0,0,0,0,0,0,0,0,0,0,0,0,0,0,0,0,2067714.000000
2019-11-01,63155.000000,0,0,2203436.000000,0,0,0,0,0,0,0,0,0,0,0,0,0,0,0,0,2266591.000000
2019-12-01,85221.000000,0,0,1931050.000000,0,0,0,0,0,0,0,0,0,0,0,0,0,0,0,0,2016271.000000
2020-01-01,113426.000000,0,0,1716325.000000,0,0,0,0,0,0,0,0,0,0,0,0,0,0,0,0,1829751.000000
2020-02-01,168382.000000,0,0,2347293.000000,0,0,0,0,0,0,0,0,0,0,0,0,0,0,0,0,2515675.000000
2020-03-01,256418.000000,0,0,3188320.000000,0,0,0,0,0,0,0,0,0,0,0,0,0,0,0,0,3444738.000000
2020-04-01,298993.000000,0,0,3799439.000000,0,0,0,0,0,0,0,0,0,0,0,0,0,0,0,0,4098432.000000
2020-05-01,321291.000000,0,0,4886412.000000,0,0,0,0,0,0,0,0,0,0,0,0,0,0,0,0,5207703.000000
2020-06-01,520105.000000,0,0,5835453.000000,0,0,0,0,0,0,0,0,0,0,0,0,0,0,0,0,6355558.000000
2020-07-01,846812.000000,0,0,5802772.000000,0,0,0,0,0,0,0,0,0,0,0,0,0,0,0,0,6649584.000000
2020-08-01,1815738.000000,0,0,5970652.000000,0,0,0,0,0,0,0,0,0,0,0,0,0,0,0,0,7786390.000000
2020-09-01,3929845.000000,49533.000000,0,5132372.000000,812.000000,0,0,0,0,0,0,0,0,0,0,0,0,0,0,0,9112562.000000
2020-10-01,3523848.000000,52940.000000,1447.000000,6923358.000000,15765.000000,0,0,0,0,0,0,0,0,0,0,0,0,0,0,0,10517358.000000
2020-11-01,3340809.000000,55139.000000,5029.000000,7198997.000000,29083.000000,0,0,0,0,0,0,0,0,0,0,0,0,0,0,0,10629057.000000
2020-12-01,3939257.000000,60982.000000,3605.000000,6664153.000000,16823.000000,0,0,0,0,0,0,0,0,0,0,0,0,0,0,0,10684820.000000
2021-01-01,5886437.000000,118551.000000,13892.000000,6568452.000000,44011.000000,0,0,0,0,0,13.000000,0,0,0,0,0,0,0,0,0,12631356.000000
2021-02-01,10309230.000000,595189.000000,35809.000000,5097477.000000,57612.000000,0,0,0,0,0,28488.000000,0,0,0,0,0,0,0,0,0,16123805.000000
2021-03-01,12167251.000000,1068994.000000,134470.000000,5232401.000000,92670.000000,0,0,0,0,0,20840.000000,0,0,0,0,0,0,0,0,0,18716626.000000
2021-04-01,14602016.000000,2714069.000000,1033951.000000,5815389.000000,292511.000000,0,0,0,0,0,39249.000000,0,0,0,0,0,0,0,0,0,24497185.000000
2021-05-01,19176875.000000,5018741.000000,1286993.000000,6158262.000000,1324979.000000,0,0,0,0,0,61750.000000,0,0,0,0,0,0,0,0,0,33027600.000000
2021-06-01,12395343.000000,3850894.000000,578425.000000,5391081.000000,2663790.000000,10.000000,0,0,0,0,40424.000000,0,0,0,0,0,0,0,0,0,24919967.000000
2021-07-01,12397772.000000,3597139.000000,370619.000000,4760661.000000,2247075.000000,76.000000,0,0,0,26.000000,36241.000000,0,0,0,0,0,0,0,0,0,23409609.000000
2021-08-01,16469048.000000,4739424.000000,874568.000000,4568262.000000,2451753.000000,171.000000,0,0,0,119684.000000,101520.000000,0,0,0,0,0,0,0,0,0,29324430.000000
2021-09-01,17690305.000000,5343911.000000,2978689.000000,4235121.000000,2668233.000000,238206.000000,0,0,0,366738.000000,114181.000000,0,0,0,0,0,0,0,0,0,33635384.000000
2021-10-01,21423757.000000,7367629.000000,2634783.000000,4469397.000000,3927969.000000,148637.000000,0,0,0,483092.000000,150380.000000,0,0,0,0,0,0,0,0,0,40605644.000000
2021-11-01,26064980.000000,11014139.000000,4318570.000000,4752112.000000,3691443.000000,95718.000000,0,0,21607.000000,668714.000000,668817.000000,0,0,0,0,0,0,0,0,0,51296100.000000
2021-12-01,23974493.000000,8561970.000000,3257490.000000,4225447.000000,4023089.000000,99517.000000,0,0,52657.000000,806852.000000,756800.000000,0,0,0,0,0,0,0,0,0,45758315.000000
2022-01-01,22108627.000000,7632586.000000,3562723.000000,3349391.000000,2340955.000000,120888.000000,0,0,28499.000000,743787.000000,1340983.000000,0,0,0,0,0,0,0,0,0,41228439.000000
2022-02-01,20389447.000000,8178008.000000,2224698.000000,2738539.000000,2178709.000000,129789.000000,0,0,29940.000000,726549.000000,1377352.000000,0,0,0,0,0,0,0,0,0,37973031.000000
2022-03-01,23916243.000000,9564633.000000,1940976.000000,3478141.000000,2019614.000000,179002.000000,0,0,53094.000000,680385.000000,1148408.000000,0,0,0,0,0,0,0,0,0,42980496.000000
2022-04-01,27349596.000000,10141015.000000,3277749.000000,3043781.000000,2196671.000000,240205.000000,0,0,93712.000000,519473.000000,806623.000000,0,0,0,0,0,0,0,0,0,47668825.000000
2022-05-01,30637225.000000,11010592.000000,3977231.000000,3742434.000000,2705521.000000,443557.000000,0,0,131749.000000,574073.000000,1032973.000000,0,0,0,0,0,0,0,0,0,54255355.000000
2022-06-01,26089906.000000,10885724.000000,2626951.000000,3259099.000000,2697273.000000,556955.000000,0,0,241963.000000,427686.000000,844870.000000,0,0,0,0,0,0,0,0,0,47630427.000000
2022-07-01,25877288.000000,11372396.000000,1564922.000000,3557374.000000,2626367.000000,453089.000000,0,0,239889.000000,387037.000000,595179.000000,0,0,0,0,0,0,0,0,0,46673541.000000
2022-08-01,27459274.000000,9911459.000000,1345801.000000,3602891.000000,2721725.000000,657272.000000,0,0,357556.000000,398727.000000,597714.000000,0,0,0,0,0,0,0,0,0,47052419.000000
2022-09-01,26932638.000000,9725489.000000,1080355.000000,3568526.000000,2554816.000000,1066631.000000,0,0,630054.000000,303045.000000,757070.000000,0,0,0,0,0,0,0,0,0,46618624.000000
2022-10-01,35739226.000000,9183258.000000,1081678.000000,3634979.000000,2481398.000000,1264383.000000,0,0,999171.000000,276634.000000,417420.000000,0,0,0,0,0,0,0,0,0,55078147.000000
2022-11-01,47748333.000000,10700325.000000,1275181.000000,4567584.000000,3861024.000000,2219743.000000,0,0,2030047.000000,384375.000000,375340.000000,0,0,0,0,0,0,0,0,0,73161952.000000
2022-12-01,52315565.000000,9602921.000000,1057960.000000,4339087.000000,3428243.000000,1676487.000000,0,0,3017105.000000,388297.000000,234627.000000,0,0,0,0,0,0,0,0,0,76060292.000000
2023-01-01,47091003.000000,8739817.000000,3033953.000000,3960802.000000,3175877.000000,1408352.000000,0,0,2575422.000000,325305.000000,302337.000000,0,0,0,0,0,0,0,0,0,70612868.000000
2023-02-01,38755087.000000,9628307.000000,1279867.000000,3984485.000000,3333419.000000,2361126.000000,0,0,710265.000000,345143.000000,324246.000000,0,0,0,0,0,0,0,0,0,60721945.000000
2023-03-01,42385175.000000,13673734.000000,1492082.000000,4607472.000000,4136830.000000,3189466.000000,0,0,783149.000000,413520.000000,376638.000000,0,0,0,0,0,0,0,0,0,71058066.000000
2023-04-01,46416785.000000,15989965.000000,1337172.000000,3510746.000000,4299303.000000,3992834.000000,0,0,1159021.000000,858340.000000,263996.000000,0,0,0,0,0,0,0,0,0,77828162.000000
2023-05-01,51107482.000000,18478241.000000,2143626.000000,3310747.000000,4963572.000000,3465517.000000,0,0,765768.000000,1690573.000000,255063.000000,0,0,0,14819.000000,0,0,0,0,0,86195408.000000
2023-06-01,42278382.000000,15720746.000000,1577236.000000,3503597.000000,5356399.000000,3878339.000000,0,0,1285012.000000,1936188.000000,387412.000000,0,0,0,6182.000000,0,0,0,0,0,75929493.000000
2023-07-01,39284113.000000,17566713.000000,1657714.000000,3340774.000000,5689714.000000,3890368.000000,0,0,1951177.000000,2004500.000000,508895.000000,0,0,0,16099.000000,0,0,0,0,0,75910067.000000
2023-08-01,41552795.000000,17671215.000000,1524196.000000,3387761.000000,4349207.000000,2989864.000000,37.000000,0,1735658.000000,1177290.000000,332567.000000,0,0,0,678783.000000,0,0,0,0,0,75399373.000000
2023-09-01,42505453.000000,17160722.000000,1470596.000000,3302792.000000,3060423.000000,2247243.000000,42072.000000,0,1081422.000000,672332.000000,281373.000000,0,0,0,171477.000000,0,0,0,0,0,71995905.000000
2023-10-01,44590647.000000,15904575.000000,1720372.000000,3944950.000000,3364974.000000,2641052.000000,144457.000000,0,817921.000000,586482.000000,285663.000000,0,0,0,7791.000000,0,0,0,0,0,74008884.000000
2023-11-01,42200187.000000,16700011.000000,3379777.000000,4030798.000000,3824397.000000,3267422.000000,143813.000000,0,936822.000000,632079.000000,257214.000000,0,0,0,8074.000000,0,0,0,0,0,75380594.000000
2023-12-01,43012171.000000,18989688.000000,7212086.000000,4424513.000000,4559460.000000,3372113.000000,258972.000000,0,1196279.000000,701108.000000,263689.000000,0,0,0,31902.000000,0,0,0,0,0,84021981.000000
2024-01-01,40881228.000000,18808083.000000,7532913.000000,4479076.000000,5109258.000000,4055943.000000,299649.000000,19.000000,1231652.000000,791562.000000,344501.000000,0,0,0,27088.000000,0,0,0,0,0,83560972.000000
2024-02-01,38035602.000000,16854242.000000,7703109.000000,3981765.000000,5412267.000000,3530730.000000,434130.000000,639.000000,999113.000000,1009236.000000,413706.000000,0,0,0,31285.000000,0,0,0,0,0,78405824.000000
2024-03-01,49373982.000000,27561464.000000,11611481.000000,4783175.000000,6903490.000000,6322438.000000,1120630.000000,5148.000000,1945349.000000,1573562.000000,547014.000000,0,0,0,26347.000000,0,0,0,0,0,111774080.000000
2024-04-01,44957963.000000,24046262.000000,8868347.000000,4496552.000000,7421077.000000,7994429.000000,2476312.000000,20870.000000,2719149.000000,1309520.000000,557820.000000,0,77706.000000,0,29521.000000,0,0,0,0,0,104975528.000000
2024-05-01,48386574.000000,21372492.000000,7317827.000000,4526313.000000,5426840.000000,6333081.000000,2241084.000000,46709.000000,2768219.000000,996351.000000,943158.000000,0,619009.000000,0,40752.000000,0,0,0,0,0,101018409.000000
2024-06-01,48065935.000000,23522414.000000,6825136.000000,4279133.000000,4858868.000000,5620314.000000,3039979.000000,72650.000000,2352616.000000,921820.000000,1063695.000000,0,713798.000000,0,31181.000000,0,0,0,0,0,101367539.000000
2024-07-01,50499797.000000,23485373.000000,7135813.000000,4320683.000000,5495850.000000,6474300.000000,3138415.000000,86329.000000,2112189.000000,942337.000000,1098043.000000,0,745296.000000,0,25606.000000,0,0,0,0,0,105560031.000000
2024-08-01,48315797.000000,26197525.000000,7070234.000000,4779433.000000,5633635.000000,6830209.000000,3574250.000000,109567.000000,2180425.000000,895427.000000,1124310.000000,0,918106.000000,12.000000,46964.000000,0,0,0,0,0,107675894.000000
2024-09-01,48474657.000000,31617655.000000,7141452.000000,4643158.000000,5274278.000000,5482175.000000,3338014.000000,127666.000000,1900837.000000,827083.000000,1050363.000000,0,1782554.000000,70.000000,57648.000000,0,0,0,0,0,111717610.000000
2024-10-01,51524986.000000,29458763.000000,8604872.000000,4337582.000000,6698762.000000,5862145.000000,3551355.000000,895045.000000,2761143.000000,739593.000000,1107980.000000,57.000000,1034372.000000,691377.000000,244223.000000,0,0,0,0,0,117512255.000000
2024-11-01,49379168.000000,30334487.000000,11389744.000000,4930894.000000,9150033.000000,9500697.000000,4998194.000000,2474703.000000,2402434.000000,897748.000000,1312330.000000,22525.000000,1098269.000000,1031324.000000,475692.000000,0,0,0,0,0,129398242.000000
2024-12-01,47595406.000000,32654427.000000,11402393.000000,5351623.000000,9880991.000000,10796488.000000,6038734.000000,3305693.000000,2164250.000000,983921.000000,1323718.000000,676166.000000,1047008.000000,1226845.000000,576070.000000,0,0,0,0,0,135023733.000000
2025-01-01,43795046.000000,30570805.000000,16378326.000000,5341638.000000,9236352.000000,9148299.000000,6465099.000000,8900498.000000,2036799.000000,997610.000000,1317276.000000,1330670.000000,868604.000000,1069305.000000,534869.000000,0,0,0,0,2.000000,137991198.000000
2025-02-01,40054851.000000,29967052.000000,10951074.000000,6015676.000000,8169778.000000,8858769.000000,5723068.000000,6273318.000000,2149049.000000,1023255.000000,1146735.000000,1250910.000000,765038.000000,729177.000000,366865.000000,0,0,0,0,2.000000,123444617.000000
2025-03-01,45437887.000000,39597247.000000,10039072.000000,6777717.000000,8348967.000000,10080619.000000,5784802.000000,2017639.000000,2059916.000000,794046.000000,1216668.000000,1337047.000000,803381.000000,730615.000000,418945.000000,0,0,0,0,10.000000,135444578.000000
2025-04-01,43468342.000000,32883197.000000,10846635.000000,6844441.000000,8973474.000000,9190377.000000,5764938.000000,1902074.000000,2170553.000000,733437.000000,1215188.000000,1294126.000000,733523.000000,781565.000000,555045.000000,0,0,0,0,1161.000000,127358076.000000
2025-05-01,46031086.000000,85370253.000000,12890096.000000,7300538.000000,10577821.000000,11164830.000000,8630562.000000,1377728.000000,2918294.000000,852817.000000,1169763.000000,1859668.000000,843161.000000,966444.000000,1359758.000000,0,0,0,0,584.000000,193313403.000000
2025-06-01,44410186.000000,131967116.000000,12615418.000000,7361515.000000,10731761.000000,9497695.000000,10801914.000000,3545550.000000,2831647.000000,943525.000000,1075209.000000,2419208.000000,696581.000000,1127910.000000,451690.000000,0,0,0,0,5.000000,240476930.000000
2025-07-01,46112638.000000,123815856.000000,18250495.000000,7861225.000000,14816665.000000,12203079.000000,12401129.000000,3904051.000000,2743553.000000,1016027.000000,1204633.000000,2701491.000000,779406.000000,1290628.000000,831395.000000,0,0,0,0,15.000000,249932286.000000
2025-08-01,46405444.000000,74840265.000000,17011240.000000,9371877.000000,12848392.000000,13736419.000000,12899297.000000,3923924.000000,2893051.000000,1012462.000000,1155868.000000,2147730.000000,921483.000000,1331339.000000,2042391.000000,0,0,23.000000,0,44.000000,202541249.000000
2025-09-01,48270599.000000,77904887.000000,15594363.000000,9637182.000000,10238605.000000,10163890.000000,13699697.000000,2672091.000000,2506812.000000,1396005.000000,1179141.000000,2182574.000000,961195.000000,2655548.000000,935207.000000,104066.000000,0,123643.000000,2909.000000,41.000000,200228455.000000
2025-10-01,51760470.000000,95919743.000000,15876574.000000,10572072.000000,10811626.000000,12545630.000000,20315608.000000,2549775.000000,2898203.000000,1132167.000000,1277048.000000,2361759.000000,866746.000000,3312831.000000,1727012.000000,412682.000000,0,118284.000000,13134.000000,70.000000,234471434.000000
2025-11-01,50795463.000000,81184023.000000,14996830.000000,10682180.000000,11689017.000000,11737260.000000,22453646.000000,3068265.000000,2827450.000000,1096803.000000,1208893.000000,2360260.000000,1035711.000000,1929118.000000,609781.000000,675312.000000,315.000000,132070.000000,20201.000000,46.000000,218502644.000000
2025-12-01,54160569.000000,72105928.000000,13947535.000000,12986983.000000,13286318.000000,10826404.000000,18223265.000000,4296122.000000,1975580.000000,814089.000000,1249508.000000,1959526.000000,1124726.000000,1374046.000000,621916.000000,911150.000000,27548.000000,76797.000000,48159.000000,55.000000,210016224.000000
2026-01-01,52601117.000000,73280411.000000,18647757.000000,17007966.000000,14734722.000000,10238044.000000,16283633.000000,3390464.000000,2533395.000000,1014323.000000,1209897.000000,1822315.000000,981287.000000,1288606.000000,331927.000000,1003114.000000,11287.000000,216731.000000,63341.000000,53.000000,216660390.000000
2026-02-01,44553515.000000,69978250.000000,17177873.000000,14553588.000000,14919785.000000,10660188.000000,14557918.000000,3703577.000000,1841192.000000,1033532.000000,1080021.000000,1540737.000000,966868.000000,966237.000000,239055.000000,967479.000000,11331.000000,26708.000000,61635.000000,8.000000,198839497.000000
2026-03-01,51078330.000000,73940081.000000,18796918.000000,15291774.000000,18890670.000000,8395749.000000,14751076.000000,5800200.000000,1937634.000000,867523.000000,1185439.000000,1551265.000000,1029746.000000,772569.000000,358280.000000,996625.000000,8530.000000,38522.000000,52551.000000,56.000000,215743538.000000
2026-04-01,50356818.000000,70870578.000000,23099558.000000,11303155.000000,18025315.000000,7240290.000000,12363986.000000,7306207.000000,1643575.000000,868853.000000,1142570.000000,1430830.000000,947981.000000,630212.000000,207831.000000,1089025.000000,9322.000000,40589.000000,36632.000000,34.000000,208613361.000000
2026-05-01,51086975.000000,73773891.000000,21224940.000000,11030574.000000,12308647.000000,8558570.000000,14824162.000000,7779269.000000,1921109.000000,836245.000000,1225875.000000,1393571.000000,1184047.000000,488269.000000,227119.000000,1242222.000000,10221.000000,42965.000000,47216.000000,9.000000,209205896.000000
2026-06-01,49973912.000000,65232352.000000,27997209.000000,11784058.000000,11853619.000000,9665499.000000,12751409.000000,6798340.000000,2118919.000000,956385.000000,1296632.000000,1230584.000000,1239757.000000,596762.000000,214739.000000,1085189.000000,8482.000000,37563.000000,13145.000000,8.000000,204854563.000000
2026-07-01,50381219.000000,70999740.000000,30061554.000000,12471422.000000,10260406.000000,7858265.000000,11378228.000000,10037413.000000,1896518.000000,886971.000000,1304336.000000,1432731.000000,1304714.000000,423205.000000,160528.000000,1280945.000000,681979.000000,26533.000000,2825.000000,13.000000,212849545.000000
2026-08-01,10163433.000000,14843571.000000,7847943.000000,2420911.000000,1924510.000000,1411584.000000,2187765.000000,1805615.000000,378408.000000,125452.000000,275618.000000,239934.000000,268453.000000,61928.000000,27172.000000,361138.000000,155387.000000,3911.000000,638.000000,1.000000,44503372.000000
