day,tron,ethereum,bsc,solana,arbitrum,polygon,ton,base,avalanche,stellar,optimism,plasma,hyperevm,monad,celo,stable,worldchain,linea,codex,total
2020-01-01,89304363.813833,2375043098.334566,0,0,0,0,0,0,0,0,0,0,0,0,0,0,0,0,0,2464347462.148399
2020-02-01,47605548.452082,2577077282.142863,0,0,0,0,0,0,0,0,0,0,0,0,0,0,0,0,0,2624682830.594945
2020-03-01,90441852.257212,3976280267.328394,0,0,0,0,0,0,0,0,0,0,0,0,0,0,0,0,0,4066722119.585606
2020-04-01,156741851.746424,5252823416.263432,0,0,0,0,0,0,0,0,0,0,0,0,0,0,0,0,0,5409565268.009855
2020-05-01,141170733.656698,6447072188.176154,0,0,0,0,0,0,0,0,0,0,0,0,0,0,0,0,0,6588242921.832852
2020-06-01,115420176.182486,8093560307.996531,0,0,0,0,0,0,0,0,0,0,0,0,0,0,0,0,0,8208980484.179016
2020-07-01,151020930.787757,9615946032.521271,0,0,0,0,0,0,0,0,0,0,0,0,0,0,0,0,0,9766966963.309027
2020-08-01,335649633.047275,11141868713.633041,0,0,0,0,0,0,0,0,0,0,0,0,0,0,0,0,0,11477518346.680317
2020-09-01,2374373190.664668,13050043045.938736,229966389.042170,0,0,9949104.169645,0,0,0,0,0,0,0,0,0,0,0,0,0,15664331729.815220
2020-10-01,1394193058.519400,13729466480.638767,73718400.717984,1775611.284772,0,87692428.844473,0,0,0,0,0,0,0,0,0,0,0,0,0,15286845980.005396
2020-11-01,1390852360.863018,14530388147.038879,111296622.074390,4259702.071993,0,20960342.324319,0,0,0,0,0,0,0,0,0,0,0,0,0,16057757174.372601
2020-12-01,1556519493.880518,17103298289.430466,164499716.464784,26940977.681522,0,19173120.078215,0,0,0,0,0,0,0,0,0,0,0,0,0,18870431597.535507
2021-01-01,1924583964.093450,19033057161.494858,108533946.940028,11370092.564613,0,34078217.209866,0,0,0,34.669218,0,0,0,0,0,0,0,0,0,21111623416.972031
2021-02-01,3066202065.289691,16147523284.648897,481237928.900862,22795140.027225,0,12595846.099839,0,0,0,75543497.420359,0,0,0,0,0,0,0,0,0,19805897762.386875
2021-03-01,5166103087.301413,19710536710.418388,1176242603.679686,98632717.834705,0,31606186.511556,0,0,0,22589282.497039,0,0,0,0,0,0,0,0,0,26205710588.242790
2021-04-01,7656292539.295712,19490509227.263000,2721583131.069652,331613299.498976,0,509176315.185099,0,0,0,27754374.791498,0,0,0,0,0,0,0,0,0,30736928887.103939
2021-05-01,10488103078.730419,21417641542.683922,3075337307.755440,287822015.767826,0,2077089500.292606,0,0,0,56264577.419669,0,0,0,0,0,0,0,0,0,37402258022.649879
2021-06-01,10777841725.515587,20762391710.127819,2009696472.064024,117307765.523353,491.028433,3245294438.169033,0,0,0,46080262.489484,0,0,0,0,0,0,0,0,0,36958612864.917732
2021-07-01,12621946859.902447,19588645029.737514,1618518857.644304,228980263.748780,9053.393261,1714474630.747449,0,0,117.148891,18707557.999229,0,0,0,0,0,0,0,0,0,35791282370.321869
2021-08-01,16991478428.437819,19395530859.143642,2509302571.992570,731905113.860141,68199.143649,1503381923.056616,0,0,264313074.698919,26401123.121071,0,0,0,0,0,0,0,0,0,41422381293.454422
2021-09-01,19124931895.009693,17914701450.010071,3130972021.992378,2767942178.785792,404498121.417534,1254636497.900801,0,0,498442769.745314,187411119.695612,0,0,0,0,0,0,0,0,0,45283536054.557190
2021-10-01,23489523810.691826,18592646247.735935,3043711507.938883,2132893939.310678,535108415.904735,1954342276.043592,0,0,1681643105.341264,47094424.308951,0,0,0,0,0,0,0,0,0,51476963727.275864
2021-11-01,25173133375.588921,17618397893.207409,3748955063.216652,2544774132.929021,356481928.234935,1449726372.497104,0,0,2036315401.448472,115221033.183179,52661245.704894,0,0,0,0,0,0,0,0,53095666446.010582
2021-12-01,25609708303.592804,17273459737.159134,3338673326.419171,1848718617.372366,303563148.619550,1756746775.774536,0,0,1692859620.199557,181911757.214568,53212247.488772,0,0,0,0,0,0,0,0,52058853533.840462
2022-01-01,25292113814.520184,16622650885.363613,3312784557.912474,1597823213.468619,506474763.239788,1633658249.709960,0,0,2064013883.740039,181193551.753351,60336785.262818,0,0,0,0,0,0,0,0,51271049704.970848
2022-02-01,22670538730.125660,12760318851.325628,2836189112.320886,1068648643.744926,467567050.295358,1462939072.794774,0,0,1921051524.911382,120004151.397557,55479607.521740,0,0,0,0,0,0,0,0,43362736744.437920
2022-03-01,31243726462.683308,14859515669.061733,3505125788.875446,1126796261.365870,349385395.783961,989854635.318694,0,0,1677612757.989372,163635768.542304,95033472.050722,0,0,0,0,0,0,0,0,54010686211.671402
2022-04-01,36011883363.673828,13611979404.247519,3798080525.439207,1504466899.974370,313148426.057396,949209527.111843,0,0,1856175770.573410,114232112.466137,117657046.499925,0,0,0,0,0,0,0,0,58276833076.043633
2022-05-01,37444769088.807899,16240624566.301935,3717920952.727750,1497627870.115054,413339785.020165,1340814790.767414,0,0,1623723978.812502,137320991.992509,219877526.609783,0,0,0,0,0,0,0,0,62636019551.155014
2022-06-01,38049801072.990143,13750449483.585812,3020726244.017023,694439381.009346,327334536.641842,787707891.898447,0,0,996046873.427181,122821919.511710,372300675.016633,0,0,0,0,0,0,0,0,58121628078.098137
2022-07-01,39465987247.443893,10950819912.149849,3268596038.894099,401260177.181133,386466851.173043,632535685.088460,0,0,519808329.336675,76461822.744823,174445756.713049,0,0,0,0,0,0,0,0,55876381820.725021
2022-08-01,42649345929.305420,11967594057.567764,2975315290.886719,412448044.455646,486207208.298982,934087838.303316,0,0,502868004.339937,43368467.628497,673076622.831989,0,0,0,0,0,0,0,0,60644311463.618256
2022-09-01,42041076814.030304,11614726285.948561,2786475584.529286,279285567.389577,480006200.008080,780375306.153732,0,0,560920959.270840,90300413.626355,361668039.543728,0,0,0,0,0,0,0,0,58994835170.500481
2022-10-01,42545794170.466797,11612921653.576256,2525779413.169988,312748302.688612,386409341.914533,585050745.306575,0,0,388781223.785512,89372493.583566,305324641.906026,0,0,0,0,0,0,0,0,58752181986.397873
2022-11-01,47604582699.385223,15251107999.999811,3111498975.109183,483251780.447066,1164940383.015749,1131349218.625099,0,0,765477096.417548,112166445.565199,675646272.650458,0,0,0,0,0,0,0,0,70300020871.215317
2022-12-01,51145281203.824097,13302138834.596649,2416748830.858178,188682763.619454,706133622.552104,626768919.233889,0,0,318771432.894252,125199624.457076,443901924.670945,0,0,0,0,0,0,0,0,69273627156.706635
2023-01-01,45795502744.915199,14102220494.327410,2018398669.222622,317792475.154844,506773620.629540,556725163.371102,0,0,325759405.765000,113879451.581523,285254530.252452,0,0,0,0,0,0,0,0,64022306555.219681
2023-02-01,46301284727.904411,14157746162.382368,2616710167.357121,277139527.445450,981699307.810510,709261623.582374,0,0,477043829.943383,162617085.546390,290240584.957221,0,0,0,0,0,0,0,0,65973743016.929230
2023-03-01,55827879898.001434,19844922279.276348,5395197663.415432,349706970.605871,2388898756.999728,1138788815.895828,0,0,533129128.024332,113687170.886605,519873608.172799,0,0,0,0,0,0,0,0,86112084291.278397
2023-04-01,58323635850.723045,14005750513.019947,7743908559.605115,283718454.541433,1627060304.318021,948166967.153504,0,0,306722496.563200,118390128.469304,321999899.264470,0,0,0,0,0,0,0,0,83679353173.658035
2023-05-01,59873193464.447624,13941559469.548092,9304585442.925655,247692057.740916,1005908259.473541,722432100.459271,0,0,237897174.640403,82384931.542437,247025161.855786,0,0,0,0,0,0,0,0,85662678062.633728
2023-06-01,58687334298.077705,13463639739.680899,3278339686.309135,232995143.763708,971544386.844167,1101715807.355473,0,0,351935467.491623,95234088.179370,260691267.243209,0,0,0,0,0,0,0,0,78443429884.945282
2023-07-01,61462472375.072464,12078029122.020782,3566959827.567584,311116789.086068,853576492.082673,944329946.467867,0,0,330095274.066616,204861493.319615,271989179.291370,0,0,0,0,0,0,0,0,80023430498.975037
2023-08-01,62855644472.982483,12930733691.034977,3520116320.737272,297734250.817259,822224929.478105,855914393.968622,0,119.032869,167989688.231273,154206801.458083,368074982.537111,0,0,0,0,0,0,0,0,81972639650.278061
2023-09-01,59966249141.096779,11512413518.177984,3392822162.791102,233137339.724211,593238356.143842,493872510.419150,0,20069248.153470,98336326.083068,140137501.258942,179190252.892381,0,0,0,0,0,0,0,0,76629466356.740936
2023-10-01,63795010650.789375,12566485774.209507,2785177963.904231,367959204.448164,723149896.557866,542286621.806005,0,28806434.227904,145764286.396649,269433942.876174,209913107.981234,0,0,0,0,0,0,0,0,81433987883.197113
2023-11-01,64286497161.142471,13428454255.029444,2832324347.439897,837950582.083852,1127361183.765769,642238600.918621,0,35330033.584765,225670453.190414,475243825.402638,230522095.556207,0,0,0,0,0,0,0,0,84121592538.114075
2023-12-01,67134986796.563316,14533748754.840948,3711755428.215522,2565282898.059149,1316782223.570691,647285777.848312,0,55560765.453156,333397275.920844,433563541.390360,357695914.568992,0,0,0,0,0,0,0,0,91090059376.431274
2024-01-01,69203633206.932999,14235973371.299812,3331740775.982265,3286339346.626153,1443632115.295696,787728464.094067,0,77817453.708732,305760212.322726,298164046.783036,359369012.105305,0,0,0,37.123584,0,0,0,0,93330158042.274384
2024-02-01,60425501593.993881,14034402923.034721,3107161201.142525,2956887092.765068,1572369382.533092,1258905639.900001,0,131520951.317201,791269913.203198,303922342.165165,415251754.162897,0,0,0,212836.121747,0,0,0,0,84997405630.339493
2024-03-01,76844219085.021179,17212671287.452354,5345491713.400696,6502112953.103676,2383396686.316485,1750685390.403952,0,407092436.872509,604016895.728311,427788900.504034,483590714.923915,0,0,0,17560070.880084,0,0,0,0,111978626134.607193
2024-04-01,77963476530.897797,15723765543.352913,4377690971.263969,5161148766.487976,1927802374.719603,1054242952.711428,87332426.314756,661421956.900897,429945343.404754,445957928.252012,641308374.287583,0,0,0,98677359.668820,0,0,0,0,108572770528.262512
2024-05-01,81726219833.431854,15327549477.250872,3307801068.841762,3984736211.261219,1591747539.258105,915840763.793307,444752468.956612,645319332.918043,263237748.169067,535563147.324005,449812610.713171,0,0,0,73042120.839886,0,0,0,0,109265622322.757904
2024-06-01,85352816583.096558,14249916250.756132,3048914509.265667,3468943162.329893,1427064950.570131,927630624.089580,665733760.422903,532668689.707477,204581479.846772,550516583.268288,314823813.352781,0,0,0,222425628.916367,0,0,0,0,110966036035.622559
2024-07-01,93544600349.244949,15072481284.146591,3103619205.052056,4053980865.952459,1683114556.478776,1048787119.709712,804538070.045988,571207963.667492,343900371.595912,603258221.170367,303117340.135878,0,0,0,237153476.234727,0,0,0,0,121369758823.434921
2024-08-01,93878785922.371338,14642732319.699286,3601806877.160767,4301044386.726921,1521492141.218612,895841757.752090,893648018.606248,576597384.985639,359065399.773752,954444816.018274,281132076.733283,0,0,0,151738509.453695,0,0,0,0,122058329610.499908
2024-09-01,96248835415.732635,14000251188.549036,3696801795.836299,3260824799.232998,1370760973.387095,891951649.040143,45552695270.364616,586150073.531547,301478891.205905,1094570109.971820,260018412.429843,0,0,0,240324431.817560,0,0,0,0,167504663011.099548
2024-10-01,107209784708.008057,16105618898.151196,4050247045.757629,4870377267.468031,1335329547.995649,1366730810.166563,2805431351.344985,942205070.269248,328813956.511254,958131334.996293,297209871.701788,0,0,0,186290508.293061,0,0,0,0,140456170370.663788
2024-11-01,108816806293.235199,18177531800.340126,4562802581.903380,7982692641.750607,2234641764.282800,1705626414.604080,623495593.281419,1389980634.818340,565035630.062084,1527073278.789283,378058875.518422,0,0,0,197304767.287885,0,0,0,0,148161050275.873627
2024-12-01,114490139284.054123,20927683966.201126,6403503299.270180,8168053606.198318,3013655503.615551,1621084278.670508,640182700.738878,2026396030.764469,638824045.400859,954247465.130011,433138142.644604,0,0,0,131556383.966238,0,0,0,0,159448464706.654846
2025-01-01,104109637157.883209,19468257772.523884,6096373616.530491,16967939609.094881,2550545941.517018,1645636597.369657,1543974959.419814,2372331278.184210,735125178.799239,865739730.899173,374758447.234042,0,0,0,72680008.002277,0,10272623.944637,0,0,156813272921.402527
2025-02-01,100101626410.074509,17448783700.120770,5973342031.437562,9880679984.534634,1964384955.328730,1272024271.177576,882722892.236076,1677320798.525143,621837801.561279,791297970.871291,310074638.362734,0,0,0,104376884.883423,0,4240730.758765,0,0,141032713069.872498
2025-03-01,117811216561.703125,18983061753.677856,7476435169.326042,6192556768.944561,2129825046.204126,1410681930.365923,720964521.938737,1399771596.068293,663713755.414638,850584276.862911,264756797.535087,0,0,0,98748273.416359,0,3825418.233541,0,0,158006141869.691254
2025-04-01,121831583494.105621,19215705722.968819,6325428109.904490,6689860459.527278,2187269293.609117,1531654654.114365,565025635.772865,1419368272.727371,541631588.691808,939139118.021666,245193856.114921,0,0,0,81897516.451095,0,3752519.367553,0,3.520010,161577510244.896973
2025-05-01,131522001295.399338,21037920841.033188,8289248791.407424,7716135116.922711,2344943455.133252,1835322706.504242,477986546.059071,1608401893.093946,677177094.815421,1355578403.798079,252068572.163384,0,111322140.839875,0,82882398.483091,0,41248240.774778,0,0.099997,177352237496.527771
2025-06-01,132295891961.610046,21736170741.601673,15473911406.478380,5740259143.072840,1896063220.706832,1912274570.877481,753829947.099745,1489804659.370829,594170526.721543,981417640.355604,297924791.618846,0,206830921.441165,0,203593905.041035,0,31232949.557318,0,1.348700,183613376386.902008
2025-07-01,138018170205.753571,24744674077.594353,11669949669.122101,7280630636.585307,2840942666.466850,2434352109.592868,691761307.113226,1968988334.420366,841661789.195319,1188089738.216435,349302944.742411,0,395631508.541753,0,155044234.208144,0,73588986.913834,0,1261828.586468,192654050037.052979
2025-08-01,135463610600.124863,25679209709.488457,10768060100.199352,6960472346.716169,3145498565.314766,1496209361.711614,601831706.145189,2740106967.174086,964739392.715603,1185172515.169987,326640441.514861,0,634120864.131971,0,190874732.943025,0,69299538.698430,0,8150647.077695,190233997489.126007
2025-09-01,143473936673.334778,27827821763.128410,13686519862.708218,13965524804.745527,4181960602.581047,1670446751.251401,700002932.558337,3053796895.378226,1122278158.656887,1092986176.466876,330187522.625438,2371427267.658336,904127234.783625,0,164013743.571429,0,124754297.917351,108907058.332883,3039682.479688,214781731428.178497
2025-10-01,156331203798.756409,32106969050.969067,16262654628.757654,24526241252.508038,5839069118.140758,2183218208.779882,709353486.058246,4772006604.380918,1240216550.245272,1160197680.782757,369420474.012629,3444988814.249248,850237610.713784,40.692845,269470476.687247,0,111250494.598327,355304084.709161,285916758.869616,250817719133.911835
2025-11-01,149487630449.285278,32189685615.787994,14452541541.316395,20525339589.721161,4274131905.128353,2110108246.144361,617457450.721606,3949070614.551581,1049060347.267280,1250894822.115893,393305218.934323,1729212902.493721,739256405.357102,299370795.241387,319591843.886568,29495.545243,68742717.102818,112253479.118418,69285356.637236,233636968796.356750
2025-12-01,159073771432.839050,27693556109.774460,14145412579.793198,8963555800.794527,4156845927.723892,2274108617.244855,664920159.477038,2559344205.038706,983915600.651437,1275707762.972305,269582916.334587,1240233041.618147,651971250.744605,642669455.133121,233051601.441937,966743068.612709,36657419.739538,18118242.002795,72994743.871743,225923159935.808624
2026-01-01,155864721266.851929,27333367583.135170,13743583234.671705,18053016431.250851,4656480359.494984,2638746417.987638,534875090.908725,2572811278.529918,825299017.617584,1254066507.851017,274064010.525286,831370106.472203,610986066.870829,421804011.579239,231064112.882228,69107285.656526,44865031.898946,55588628.130395,24992237.651322,230040808679.966522
2026-02-01,132008705442.077606,25456865716.937660,10596716280.252428,39774669595.249664,3229099173.077991,2580591462.296919,617335724.993957,2449199943.653718,757030153.216052,1124444523.697756,218029682.329377,657516902.861503,548553807.949552,267100438.264881,167050732.614181,3047409.486491,51265160.011467,7066949.476219,22144097.485904,220536433195.933350
2026-03-01,155330614847.530609,26296402919.616928,12518587562.857668,25706677526.647507,3322500778.606809,3428755567.674634,899445527.574127,2449171538.535508,832809521.753254,1271324622.183601,237866458.979321,946170200.424616,604644663.515640,320228134.306066,139428444.623538,789110.793597,22994894.197369,4687978.031949,999676.854782,234334099974.707489
2026-04-01,164956432978.596771,26880202726.908619,11333393064.665600,27693306095.308418,3008860207.132437,3349266414.437565,593659245.269891,2424541466.649706,677150423.776886,1306410048.995382,405281373.583694,1222219743.225521,658532558.811660,419589216.631202,90397109.631340,9173396.167910,28583881.519932,4298041.000469,999656.965988,245062297649.278961
2026-05-01,174171962655.594238,27613165089.744019,12063716982.997684,11417229776.231197,3156747363.560107,2631162145.906739,658928306.846170,2320699858.940598,657150519.218950,1660985815.666801,499891513.521857,955179562.338834,1892603675.945006,306182114.293106,200258084.304753,23732808.076007,77451871.962695,5303639.825385,999785.172695,240313351570.146881
2026-06-01,199102125207.016663,32430732867.138771,15190489253.956924,13582349204.186531,4348424482.585053,2652940718.976970,653900220.059534,2498490063.599927,676030454.625029,2217711734.727811,528544937.781619,1123324482.664011,2317794301.046960,387431188.956574,291367532.538960,20667153.559828,36065083.124919,6149868.617432,0.002009,278064538755.165527
2026-07-01,204318153300.325439,32464891706.303558,16369308222.844883,11917643753.326464,3099572967.286764,2339174038.641937,588442012.524458,2362217989.097334,435991927.455387,1628324994.178761,487227263.446959,1096178321.003005,493052462.354878,1079850308.026943,269746338.746575,87597439.473509,17080115.298863,6748473.571685,108.377526,279061201742.284851
2026-08-01,203192668777.158203,36967724474.988899,17693507214.253712,14669387685.284149,3725399876.474068,2405897215.986795,606155704.581997,2800640830.458353,397558877.010718,1901895724.662483,682572734.993863,1548433016.971321,583451371.556897,1184162496.435541,245885146.128609,46376805.602478,29815408.828208,3039658.244618,16.097378,288684573035.718262
2026-09-01,149064206130.824707,27957046524.518364,13755094021.229794,13213660702.799435,2727897077.598775,1700335222.152973,398885979.628043,2356317966.030136,370103858.339673,1491698465.857534,472159220.327680,1103570415.170830,438769473.962340,670175106.283207,180719936.354567,26441793.536794,15123411.582819,2014288.782938,61.547477,215944219656.528137
