day,USDT,USDC,PYUSD,EURC,USDP,FDUSD,MUSD,USDG,USDH,EURS,RLUSD,EURCV,USDTB,total
2017-11-01,7.000000,0,0,0,0,0,0,0,0,0,0,0,0,7.000000
2017-12-01,23.000000,0,0,0,0,0,0,0,0,0,0,0,0,23.000000
2018-01-01,337.000000,0,0,0,0,0,0,0,0,0,0,0,0,337.000000
2018-02-01,985.000000,0,0,0,0,0,0,0,0,0,0,0,0,985.000000
2018-03-01,1090.000000,0,0,0,0,0,0,0,0,0,0,0,0,1090.000000
2018-04-01,2176.000000,0,0,0,0,0,0,0,0,0,0,0,0,2176.000000
2018-05-01,2638.000000,0,0,0,0,0,0,0,0,0,0,0,0,2638.000000
2018-06-01,2291.000000,0,0,0,0,0,0,0,0,227.000000,0,0,0,2518.000000
2018-07-01,2854.000000,0,0,0,0,0,0,0,0,368.000000,0,0,0,3222.000000
2018-08-01,2373.000000,0,0,0,0,0,0,0,0,207.000000,0,0,0,2580.000000
2018-09-01,4039.000000,174.000000,0,0,427.000000,0,0,0,0,486.000000,0,0,0,5126.000000
2018-10-01,2802.000000,1729.000000,0,0,3306.000000,0,0,0,0,956.000000,0,0,0,8793.000000
2018-11-01,3260.000000,15242.000000,0,0,10268.000000,0,0,0,0,2130.000000,0,0,0,30900.000000
2018-12-01,6512.000000,28970.000000,0,0,9719.000000,0,0,0,0,3445.000000,0,0,0,48646.000000
2019-01-01,3573.000000,32916.000000,0,0,13049.000000,0,0,0,0,4243.000000,0,0,0,53781.000000
2019-02-01,2930.000000,35017.000000,0,0,9400.000000,0,0,0,0,3222.000000,0,0,0,50569.000000
2019-03-01,9551.000000,40856.000000,0,0,5617.000000,0,0,0,0,2531.000000,0,0,0,58555.000000
2019-04-01,51147.000000,56643.000000,0,0,8191.000000,0,0,0,0,2570.000000,0,0,0,118551.000000
2019-05-01,111115.000000,96016.000000,0,0,31582.000000,0,0,0,0,2983.000000,0,0,0,241696.000000
2019-06-01,327527.000000,104587.000000,0,0,36220.000000,0,0,0,0,2938.000000,0,0,0,471272.000000
2019-07-01,764227.000000,97139.000000,0,0,37443.000000,0,0,0,0,1069.000000,0,0,0,899878.000000
2019-08-01,1955814.000000,81598.000000,0,0,35832.000000,0,0,0,0,646.000000,0,0,0,2073890.000000
2019-09-01,3414375.000000,74795.000000,0,0,29032.000000,0,0,0,0,823.000000,0,0,0,3519025.000000
2019-10-01,1943999.000000,86426.000000,0,0,36119.000000,0,0,0,0,1170.000000,0,0,0,2067714.000000
2019-11-01,2139280.000000,87558.000000,0,0,38962.000000,0,0,0,0,791.000000,0,0,0,2266591.000000
2019-12-01,1883600.000000,84434.000000,0,0,47531.000000,0,0,0,0,706.000000,0,0,0,2016271.000000
2020-01-01,1634368.000000,112098.000000,0,0,82582.000000,0,0,0,0,703.000000,0,0,0,1829751.000000
2020-02-01,2239734.000000,150642.000000,0,0,124235.000000,0,0,0,0,1064.000000,0,0,0,2515675.000000
2020-03-01,3010527.000000,214140.000000,0,0,218420.000000,0,0,0,0,1651.000000,0,0,0,3444738.000000
2020-04-01,3563911.000000,194250.000000,0,0,339084.000000,0,0,0,0,1187.000000,0,0,0,4098432.000000
2020-05-01,4494142.000000,225981.000000,0,0,486585.000000,0,0,0,0,995.000000,0,0,0,5207703.000000
2020-06-01,5774758.000000,262136.000000,0,0,317808.000000,0,0,0,0,856.000000,0,0,0,6355558.000000
2020-07-01,6158259.000000,363976.000000,0,0,126219.000000,0,0,0,0,1130.000000,0,0,0,6649584.000000
2020-08-01,7248231.000000,497571.000000,0,0,39629.000000,0,0,0,0,959.000000,0,0,0,7786390.000000
2020-09-01,8504018.000000,585860.000000,0,0,21965.000000,0,0,0,0,719.000000,0,0,0,9112562.000000
2020-10-01,9616474.000000,873714.000000,0,0,26140.000000,0,0,0,0,1030.000000,0,0,0,10517358.000000
2020-11-01,9255809.000000,1311044.000000,0,0,60672.000000,0,0,0,0,1532.000000,0,0,0,10629057.000000
2020-12-01,9592782.000000,1047518.000000,0,0,42593.000000,0,0,0,0,1927.000000,0,0,0,10684820.000000
2021-01-01,11406510.000000,1178861.000000,0,0,43032.000000,0,0,0,0,2953.000000,0,0,0,12631356.000000
2021-02-01,14721455.000000,1373415.000000,0,0,27403.000000,0,0,0,0,1532.000000,0,0,0,16123805.000000
2021-03-01,17098814.000000,1598893.000000,0,0,17644.000000,0,0,0,0,1275.000000,0,0,0,18716626.000000
2021-04-01,21468074.000000,3010212.000000,0,0,17448.000000,0,0,0,0,1451.000000,0,0,0,24497185.000000
2021-05-01,28836304.000000,4168732.000000,0,0,20598.000000,0,0,0,0,1966.000000,0,0,0,33027600.000000
2021-06-01,20309046.000000,4592685.000000,0,0,15072.000000,0,0,0,0,3164.000000,0,0,0,24919967.000000
2021-07-01,19478599.000000,3915354.000000,0,0,14018.000000,0,0,0,0,1638.000000,0,0,0,23409609.000000
2021-08-01,24839313.000000,4470449.000000,0,0,13467.000000,0,0,0,0,1201.000000,0,0,0,29324430.000000
2021-09-01,26974000.000000,6651163.000000,0,0,9026.000000,0,0,0,0,1195.000000,0,0,0,33635384.000000
2021-10-01,33534246.000000,7061692.000000,0,0,8457.000000,0,0,0,0,1249.000000,0,0,0,40605644.000000
2021-11-01,42340097.000000,8948086.000000,0,0,6520.000000,0,0,0,0,1397.000000,0,0,0,51296100.000000
2021-12-01,37183865.000000,8566970.000000,0,0,5407.000000,0,0,0,0,2073.000000,0,0,0,45758315.000000
2022-01-01,34159851.000000,7062840.000000,0,0,4665.000000,0,0,0,0,1083.000000,0,0,0,41228439.000000
2022-02-01,31616348.000000,6351921.000000,0,0,3802.000000,0,0,0,0,960.000000,0,0,0,37973031.000000
2022-03-01,36516484.000000,6457007.000000,0,0,5406.000000,0,0,0,0,1599.000000,0,0,0,42980496.000000
2022-04-01,40694319.000000,6968590.000000,0,0,4098.000000,0,0,0,0,1818.000000,0,0,0,47668825.000000
2022-05-01,44343128.000000,9903401.000000,0,13.000000,6182.000000,0,0,0,0,2631.000000,0,0,0,54255355.000000
2022-06-01,39012195.000000,8610222.000000,0,99.000000,5600.000000,0,0,0,0,2311.000000,0,0,0,47630427.000000
2022-07-01,39925686.000000,6741203.000000,0,389.000000,3794.000000,0,0,0,0,2469.000000,0,0,0,46673541.000000
2022-08-01,40479284.000000,6565707.000000,0,2455.000000,3145.000000,0,0,0,0,1828.000000,0,0,0,47052419.000000
2022-09-01,39845276.000000,6766252.000000,0,1355.000000,3692.000000,0,0,0,0,2049.000000,0,0,0,46618624.000000
2022-10-01,48600491.000000,6468682.000000,0,2099.000000,3303.000000,0,0,0,0,3572.000000,0,0,0,55078147.000000
2022-11-01,63462122.000000,9689904.000000,18.000000,986.000000,5955.000000,0,0,0,0,2967.000000,0,0,0,73161952.000000
2022-12-01,66841708.000000,9213680.000000,0,284.000000,2730.000000,0,0,0,0,1890.000000,0,0,0,76060292.000000
2023-01-01,60144681.000000,10462381.000000,32.000000,259.000000,2515.000000,0,0,0,0,3000.000000,0,0,0,70612868.000000
2023-02-01,52906977.000000,7809169.000000,16.000000,313.000000,3653.000000,0,0,0,0,1817.000000,0,0,0,60721945.000000
2023-03-01,62140933.000000,8904042.000000,50.000000,1986.000000,6518.000000,0,0,0,0,4537.000000,0,0,0,71058066.000000
2023-04-01,68278604.000000,9542456.000000,0,785.000000,3033.000000,0,0,0,0,3284.000000,0,0,0,77828162.000000
2023-05-01,75781553.000000,10408919.000000,0,749.000000,2406.000000,4.000000,0,0,0,1777.000000,0,0,0,86195408.000000
2023-06-01,64679083.000000,11243241.000000,5.000000,2807.000000,2890.000000,4.000000,0,0,0,1463.000000,0,0,0,75929493.000000
2023-07-01,64303108.000000,11599738.000000,0,3941.000000,2009.000000,41.000000,0,0,0,1230.000000,0,0,0,75910067.000000
2023-08-01,66989643.000000,8403660.000000,920.000000,1152.000000,2489.000000,258.000000,0,0,0,1251.000000,0,0,0,75399373.000000
2023-09-01,65490178.000000,6498242.000000,1737.000000,989.000000,2297.000000,1294.000000,0,0,0,1168.000000,0,0,0,71995905.000000
2023-10-01,66357756.000000,7640869.000000,3289.000000,1424.000000,2395.000000,1230.000000,0,0,0,1921.000000,0,0,0,74008884.000000
2023-11-01,65623635.000000,9743885.000000,4658.000000,1939.000000,2424.000000,2563.000000,0,0,0,1462.000000,0,28.000000,0,75380594.000000
2023-12-01,70371153.000000,13626627.000000,5684.000000,5651.000000,2890.000000,8643.000000,0,0,0,1326.000000,0,7.000000,0,84021981.000000
2024-01-01,68729361.000000,14801963.000000,6712.000000,3365.000000,2768.000000,15195.000000,0,0,0,1604.000000,0,4.000000,0,83560972.000000
2024-02-01,63887474.000000,14475365.000000,7798.000000,3401.000000,2120.000000,28348.000000,0,0,0,1307.000000,0,11.000000,0,78405824.000000
2024-03-01,89724863.000000,21940453.000000,11125.000000,6453.000000,2929.000000,84428.000000,0,0,0,3821.000000,0,8.000000,0,111774080.000000
2024-04-01,81805959.000000,23045295.000000,13661.000000,2888.000000,3092.000000,102929.000000,0,0,0,1701.000000,0,3.000000,0,104975528.000000
2024-05-01,82254416.000000,18622482.000000,18649.000000,3120.000000,1959.000000,115351.000000,0,0,0,2432.000000,0,0,0,101018409.000000
2024-06-01,83520265.000000,17778975.000000,26302.000000,6881.000000,2079.000000,30788.000000,0,0,0,2249.000000,0,0,0,101367539.000000
2024-07-01,85698951.000000,19697865.000000,137924.000000,6736.000000,2572.000000,14146.000000,0,0,0,1814.000000,0,23.000000,0,105560031.000000
2024-08-01,86891793.000000,20557258.000000,194601.000000,13195.000000,2328.000000,14882.000000,0,0,0,1833.000000,1.000000,3.000000,0,107675894.000000
2024-09-01,93165651.000000,18191166.000000,322887.000000,15470.000000,2778.000000,18221.000000,0,0,0,1423.000000,3.000000,11.000000,0,111717610.000000
2024-10-01,94657488.000000,22572574.000000,231639.000000,29114.000000,2712.000000,17118.000000,0,16.000000,0,1539.000000,12.000000,43.000000,0,117512255.000000
2024-11-01,98034368.000000,31018109.000000,221932.000000,47062.000000,53304.000000,21079.000000,0,12.000000,0,2332.000000,10.000000,34.000000,0,129398242.000000
2024-12-01,101253931.000000,33509887.000000,150187.000000,50969.000000,21299.000000,31840.000000,0,24.000000,0,4930.000000,595.000000,7.000000,64.000000,135023733.000000
2025-01-01,101451816.000000,36095648.000000,183466.000000,62045.000000,4883.000000,190681.000000,0,27.000000,0,1923.000000,662.000000,15.000000,32.000000,137991198.000000
2025-02-01,91025132.000000,32070208.000000,112245.000000,65997.000000,80172.000000,88303.000000,0,86.000000,0,1643.000000,759.000000,41.000000,31.000000,123444617.000000
2025-03-01,101409682.000000,33575770.000000,146710.000000,108931.000000,110504.000000,88260.000000,0,2232.000000,0,1559.000000,837.000000,36.000000,57.000000,135444578.000000
2025-04-01,92517210.000000,34362038.000000,191611.000000,123229.000000,40600.000000,112797.000000,0,6740.000000,0,1977.000000,1747.000000,58.000000,69.000000,127358076.000000
2025-05-01,142307175.000000,50544967.000000,232722.000000,115882.000000,51043.000000,41236.000000,0,16810.000000,0,1621.000000,1643.000000,84.000000,220.000000,193313403.000000
2025-06-01,188152994.000000,51791247.000000,267058.000000,144043.000000,20211.000000,32082.000000,0,64700.000000,0,1773.000000,2217.000000,56.000000,549.000000,240476930.000000
2025-07-01,190276907.000000,58638504.000000,616426.000000,319369.000000,15702.000000,29802.000000,0,28502.000000,0,2285.000000,3786.000000,55.000000,948.000000,249932286.000000
2025-08-01,141956533.000000,59333909.000000,972755.000000,187416.000000,14817.000000,36506.000000,38.000000,31473.000000,0,2568.000000,4139.000000,80.000000,1015.000000,202541249.000000
2025-09-01,141293502.000000,58124312.000000,454340.000000,143732.000000,19095.000000,26492.000000,126544.000000,31141.000000,2909.000000,1568.000000,3835.000000,123.000000,862.000000,200228455.000000
2025-10-01,161662704.000000,71936036.000000,453077.000000,195945.000000,17927.000000,21427.000000,133362.000000,28473.000000,13134.000000,1900.000000,5444.000000,822.000000,1183.000000,234471434.000000
2025-11-01,151218916.000000,66376702.000000,369573.000000,290463.000000,18289.000000,14428.000000,153853.000000,25542.000000,20201.000000,1948.000000,6676.000000,1693.000000,4360.000000,218502644.000000
2025-12-01,148033226.000000,61026904.000000,444566.000000,292317.000000,24946.000000,15501.000000,91794.000000,28617.000000,48159.000000,2223.000000,5151.000000,2277.000000,543.000000,210016224.000000
2026-01-01,152276143.000000,63482858.000000,308930.000000,204760.000000,34681.000000,20798.000000,232013.000000,27422.000000,63341.000000,1453.000000,4809.000000,2243.000000,939.000000,216660390.000000
2026-02-01,139293573.000000,58981831.000000,221768.000000,160810.000000,21613.000000,11516.000000,43543.000000,32314.000000,61635.000000,1766.000000,5511.000000,2289.000000,1328.000000,198839497.000000
2026-03-01,153665091.000000,61464052.000000,239785.000000,168530.000000,19633.000000,12678.000000,58037.000000,41572.000000,52551.000000,1327.000000,6723.000000,12492.000000,1067.000000,215743538.000000
2026-04-01,149948244.000000,58037871.000000,177509.000000,247416.000000,16793.000000,17490.000000,63302.000000,47697.000000,36632.000000,408.000000,6487.000000,12076.000000,1436.000000,208613361.000000
2026-05-01,151408890.000000,57175042.000000,223797.000000,191463.000000,16884.000000,7141.000000,73883.000000,47353.000000,47216.000000,277.000000,4968.000000,7590.000000,1392.000000,209205896.000000
2026-06-01,145556284.000000,58715553.000000,239549.000000,178085.000000,14322.000000,8382.000000,67587.000000,43101.000000,13145.000000,302.000000,6221.000000,10268.000000,1764.000000,204854563.000000
2026-07-01,156181364.000000,56018086.000000,183914.000000,213676.000000,15557.000000,5707.000000,55974.000000,150891.000000,2825.000000,99.000000,9603.000000,10243.000000,1606.000000,212849545.000000
2026-08-01,32393303.000000,11999828.000000,40254.000000,32186.000000,3108.000000,607.000000,8216.000000,22049.000000,638.000000,41.000000,1518.000000,1431.000000,193.000000,44503372.000000
