day,infra_automation,store_of_value,investment_trade,payments,unclassified,defi,short_term_pair,dust,total
2020-01-01,1140844470.205880,380295966.887575,259811383.231265,312151315.980087,143298816.516255,16082109.772131,211863386.761774,12.793432,2464347462.148399
2020-02-01,1239892390.464123,375960928.741106,232970148.967974,366950946.179597,146707914.392532,28299958.492637,233900533.696770,9.660207,2624682830.594945
2020-03-01,1945121071.257790,651230809.573889,345485588.547478,518487835.276330,219974602.801750,29455437.899667,356966764.812349,9.416354,4066722119.585607
2020-04-01,2295140421.137444,930986831.063344,559288028.681010,790046394.114169,293494218.711489,20457711.758559,520151644.382637,18.161204,5409565268.009855
2020-05-01,2567190966.781247,1200097279.395980,706661232.934962,1075277798.601871,417667202.046092,21144815.324247,600203615.378585,11.369867,6588242921.832851
2020-06-01,3169241241.279982,1485821124.512153,874144357.465464,1159847716.435808,471243826.710244,311813497.953433,736868709.290221,10.531707,8208980484.179011
2020-07-01,3769497496.493837,1838430913.162819,1209456412.317297,1316629087.516465,595661439.648478,180803503.465000,856488102.691845,8.013286,9766966963.309029
2020-08-01,4604032535.172443,2221881918.534309,1453539433.577168,1462375540.162273,624872031.172941,244392923.062867,866423955.551105,9.447208,11477518346.680313
2020-09-01,7293871341.896094,2736741129.500372,1848092998.992947,1579018384.319889,850341508.887921,477297791.997820,878968549.355202,24.864968,15664331729.815212
2020-10-01,5660102690.194534,2882546631.828222,2059847103.065855,2381275904.324759,888148790.603493,342523122.482542,1072401724.583819,12.922173,15286845980.005396
2020-11-01,5658683987.330978,3168724219.904361,2274801429.204420,2388575137.213655,937942342.609533,432000849.186693,1197029192.623676,16.299282,16057757174.372601
2020-12-01,7078250573.717191,3639400124.185607,2803219139.086435,2331941367.971207,1021388720.314042,541490861.522889,1454740783.893612,26.844508,18870431597.535492
2021-01-01,7917870980.327155,4007538952.687556,3093139452.953912,2422374252.222569,1175288804.726923,1108857286.466029,1386553487.919119,199.668752,21111623416.972012
2021-02-01,8058705582.473546,3402104853.047227,2835847522.094487,2000724036.653219,1051682884.442920,1413797237.623608,1043035188.913090,457.138774,19805897762.386871
2021-03-01,11338728922.625240,4785684062.293479,3538996816.691675,2535152864.094253,1313338460.133502,1328254440.036682,1365554980.361876,42.006086,26205710588.242798
2021-04-01,13209880854.480265,5474790246.701910,3728012416.575389,2808898872.528338,1502006250.919998,2544648188.824336,1468692015.950994,41.122717,30736928887.103951
2021-05-01,16398912256.949230,6250254515.058887,4347994985.134459,2905439341.051230,1841867718.056299,4193607703.788072,1464181457.703112,44.908605,37402258022.649902
2021-06-01,15709505439.914417,6452125894.978672,4595946624.725988,3125369871.118739,1891091873.238921,3407620301.908117,1776952805.811298,53.221581,36958612864.917732
2021-07-01,14773971685.178501,6956035111.703993,4887500768.745145,3615420517.888264,1959294695.676501,1997077619.873231,1601981915.250850,56.005383,35791282370.321869
2021-08-01,16958246394.327435,8263905031.883713,5370463892.190723,4348945018.331140,2398012335.690497,2364396624.665419,1718411897.652121,98.713392,41422381293.454445
2021-09-01,19635184168.475113,8854662801.308821,5397583018.784174,4278600625.013966,2551292025.376730,2760015718.705276,1806197610.623106,86.270005,45283536054.557198
2021-10-01,22054901601.086487,9868367119.689718,6137889709.806009,4886736748.363729,2894693408.978945,3878728636.071563,1755646381.270151,122.009261,51476963727.275864
2021-11-01,22520817866.636955,11069377019.078566,6085566722.309826,4995620048.584575,3100453491.642151,3785779516.597721,1538051570.609727,210.551069,53095666446.010590
2021-12-01,21737066587.770683,11114211080.063515,6242125013.861848,4967448322.104499,3174038810.684237,3271922289.594015,1552041221.580836,208.180833,52058853533.840462
2022-01-01,22721004729.294800,10714623599.868271,5663088458.988873,4791527442.608179,2871433745.157571,2971461466.077184,1537909519.887656,743.088294,51271049704.970833
2022-02-01,18881180634.137608,9137078688.586533,4960789181.328209,4469216328.413364,2427931641.220062,2165106737.307843,1321432658.117110,875.327180,43362736744.437912
2022-03-01,21942543711.652821,12367238079.993952,6408873162.956369,6349878548.210035,3333193106.469233,1953152050.703935,1655806411.757664,1139.927402,54010686211.671410
2022-04-01,23561428378.319344,13761106837.814342,6930918920.743601,6852014455.434390,3516167487.473834,2122740022.182853,1532456239.493622,734.581639,58276833076.043617
2022-05-01,25458568572.181496,14664877603.366325,7173120254.551764,7216305922.981224,3616951757.422044,2755355537.367756,1750839032.267940,871.016472,62636019551.155014
2022-06-01,23148382796.936092,13993308277.014647,7022759895.638058,7196751334.919827,3548344563.983753,1698407189.131263,1513673358.457355,662.017145,58121628078.098129
2022-07-01,21074314964.341301,14307435031.411934,6503197515.994639,7679090263.182394,3619734527.343837,1220066121.300405,1472542661.216293,735.934238,55876381820.725037
2022-08-01,22800250403.321533,15671315308.465500,7272498602.684513,8014900827.993683,4084085837.377995,1308586538.702549,1492673216.530517,728.541966,60644311463.618263
2022-09-01,22663571930.018665,15097732478.582272,7038607144.813513,7593046259.613899,3794546488.109452,1311027564.479235,1496302344.202376,960.681029,58994835170.500443
2022-10-01,21832905056.340881,15215865487.192280,7506857694.901464,7949080389.119764,3853482290.791249,842191904.865648,1551772472.445498,26690.741076,58752181986.397858
2022-11-01,26386179126.412392,17556076768.263016,8565038311.409637,8449738218.440947,4602862124.814077,2168478813.076138,2571615110.695618,32398.103506,70300020871.215332
2022-12-01,26744719341.774117,17968629663.891922,8904088001.240477,8001244645.729424,4735834717.448900,1059298037.502009,1859808730.919094,4018.200685,69273627156.706619
2023-01-01,24767658887.512005,16260628794.515331,8764627602.808561,6931154081.435858,4377861682.965374,1171326228.238832,1749031383.469273,17894.274482,64022306555.219719
2023-02-01,25433189516.419914,16694899469.458635,8512676351.631758,7644025970.424208,4439435099.209395,1394437851.148418,1855067791.937020,10966.699882,65973743016.929230
2023-03-01,33047456401.804729,21108596057.684303,10478825710.765678,9514587229.747854,5555093977.735126,3360416265.713965,3047101074.513012,7573.313688,86112084291.278351
2023-04-01,31453343159.623924,23417148941.132042,9687651986.166178,9592906757.278568,5459906226.695552,1555901201.373449,2512482712.839419,12188.548922,83679353173.658051
2023-05-01,34106187909.225830,21279962686.150829,9938396176.828264,10697160856.091541,5500763903.316111,1336322852.262772,2803862478.628096,21200.130287,85662678062.633728
2023-06-01,30597771950.185703,19697604574.362232,9838606994.832634,9709777602.548471,5146473926.703043,1467755625.817742,1985429634.883348,9575.612119,78443429884.945312
2023-07-01,30595286066.891224,20407428758.992050,10216360084.208872,10194316448.582628,5397533946.577889,1338034667.713648,1874462212.769220,8313.239550,80023430498.975098
2023-08-01,31573342796.782578,20587109713.917759,10140750235.801453,10910801381.310972,5450739064.745825,1298370313.070051,2011513259.572247,12885.077174,81972639650.278061
2023-09-01,28899890654.762093,19668169083.571148,9654934214.106434,10464289479.083847,5226861864.280855,784605456.815729,1930702813.696324,12790.424460,76629466356.740875
2023-10-01,30035059497.971642,21183479697.559456,10647045553.394764,10763489900.075207,5808179092.721532,1096795837.872687,1899929801.987158,8501.614650,81433987883.197083
2023-11-01,30533907175.611317,22306731507.204693,11003969370.410631,10775395152.925304,5946837016.229660,1617970945.348758,1936772001.441085,9368.942694,84121592538.114136
2023-12-01,32793004156.905022,23875574894.573174,11205795136.957939,11714608323.130665,6299099567.847134,2684267529.481439,2517698108.366845,11659.169096,91090059376.431335
2024-01-01,34199795527.618851,24462980120.875351,11000046324.741661,12079803447.879158,6526479773.071178,3010513247.288608,2050526460.190373,13140.609234,93330158042.274414
2024-02-01,31758557675.189117,20920973963.861019,10237418876.589825,10265531248.346426,5991021812.761037,3063085956.940210,2760807817.574072,8279.077785,84997405630.339493
2024-03-01,40198163998.489227,27857810057.560238,13111882246.504944,13594663471.492764,7754143923.184244,6385991264.264662,3075962273.632461,8899.478658,111978626134.607208
2024-04-01,39208218949.627777,27652939320.686573,13008409262.314365,13577270243.434601,7597238477.321653,5055783568.271214,2472902890.402424,7816.203889,108572770528.262482
2024-05-01,39527126391.704765,27519355854.771976,13757087981.064438,14218282744.109146,7838838484.481850,4046360209.742302,2358565526.011774,5130.871672,109265622322.757935
2024-06-01,40791828014.451866,28164218031.655834,14087576310.098009,14315046787.482559,7999297583.690659,3394658401.553761,2213402865.842587,8040.847254,110966036035.622528
2024-07-01,43679214650.859222,31425217231.175285,16084681998.588566,15488138135.254761,8595850947.837643,3864832659.485886,2231811041.633332,12158.600252,121369758823.434952
2024-08-01,43629629836.867973,32024106945.566452,16045538858.287586,15479874460.433624,8580105495.584448,3972880304.396299,2326183924.270402,9785.093073,122058329610.499847
2024-09-01,43431304013.721695,77524091058.788696,16116096360.657257,15793452653.026108,9133528293.948391,3132731302.226114,2373442077.671103,17251.060160,167504663011.099518
2024-10-01,49353313461.628166,38685383826.917068,17487365475.567951,17660961232.207291,10243386228.111492,4357106919.995051,2668633715.657544,19510.579205,140456170370.663727
2024-11-01,51607089066.887650,39032970438.184570,18839256162.740921,17553793337.844105,10869449272.631710,7256877088.795073,3001603628.572940,11280.216624,148161050275.873566
2024-12-01,56090672829.813293,41202616083.388718,20581893196.025528,18700061481.795048,11470629637.094347,7766262919.531633,3636317364.433476,11194.572847,159448464706.654907
2025-01-01,54405117134.059357,39035302542.970490,18802893496.605148,17709530516.592262,11108269849.795708,12167202720.302687,3584943519.393637,13141.683310,156813272921.402618
2025-02-01,51207049100.242531,35408247447.724030,17554326167.520256,15969299113.037006,10294709564.709507,7216448341.464710,3382623248.784710,10086.389706,141032713069.872437
2025-03-01,56571862532.612534,39977070333.714142,20700744342.495739,20392175976.709564,11741468409.555635,5113464436.858084,3509345251.322124,10586.423382,158006141869.691193
2025-04-01,57877660186.152328,41660357777.649208,20670031854.281715,20375528924.626572,12087026388.569553,5436177496.507802,3470721185.292944,6431.816940,161577510244.897095
2025-05-01,62220300435.990494,46118142868.089752,23596708208.036766,21521873433.927139,13366760316.907286,6270057487.984130,4258385239.748569,9505.843614,177352237496.527740
2025-06-01,63645446086.133316,45624173943.018539,24016157130.317307,22851303165.522163,13651526038.748844,4950396759.878249,8874354598.604923,18664.678746,183613376386.902069
2025-07-01,67716814672.556175,48752973137.154091,25480160889.953770,23324414214.904556,14763033002.913073,6435511915.138184,6181125302.039205,16902.393836,192654050037.052917
2025-08-01,66213761952.953308,47973584635.611130,25164048239.983513,23075805517.344032,14468214281.411480,7864695437.335428,5473875204.075779,12220.411441,190233997489.126068
2025-09-01,75771665647.050095,52916226843.948700,26994634700.762104,23706944547.739090,15807547583.943958,13464066475.683851,6120638082.391371,7546.659147,214781731428.178314
2025-10-01,87640578675.210007,64830354077.048897,30011906174.667622,25130562860.495625,17303727133.544373,18310686903.751938,7589891415.156284,11894.037067,250817719133.911865
2025-11-01,85106557081.214966,54514022729.075745,28110712597.287727,26519311268.981712,16652655461.614853,15882835629.227299,6850850392.850592,23636.103938,233636968796.356812
2025-12-01,80393714090.168304,56567370343.593521,29019612180.984619,27230331147.872108,17628909266.093311,8039191971.886944,7044011154.823406,19780.386467,225923159935.808685
2026-01-01,76923940439.821899,61729034326.043488,28081762397.603680,27607860394.719994,17728123979.657425,10338555073.938858,7631507719.573534,24348.607660,230040808679.966553
2026-02-01,66582370733.926201,77198549594.699844,23870129038.675903,22415284976.785633,15530078948.606541,8968213562.001122,5971777447.433033,28893.805010,220536433195.933319
2026-03-01,74547160574.884796,73098643086.832779,27144251784.985275,27228700576.317341,18135950624.112396,6828289162.676633,7351078286.327738,25878.570635,234334099974.707642
2026-04-01,76224867930.641113,77972967708.419617,29964676308.953529,27739317829.489208,19706615761.240700,7104578426.253823,6349221026.479568,52657.801453,245062297649.278992
2026-05-01,80397809549.041534,61262697431.755135,32804288005.278114,30351341966.653343,20873015030.457893,7631658002.299704,6992514325.515167,27259.145963,240313351570.146851
2026-06-01,91198852256.487885,72048056821.977478,38688959538.065231,33186935688.805214,24793865929.741806,9206473095.399956,8961367991.019684,-19972566.331697,278064538755.165466
2026-07-01,89620972298.549805,71619841613.760941,40911842828.203125,34905118757.103271,25683211517.669769,6437985628.616934,9882198492.661924,30605.719231,279061201742.284973
2026-08-01,94680751236.801682,61243154893.536018,48128845721.470100,39036717145.697281,26492794107.854378,8035516409.698847,11066767719.994406,25800.665560,288684573035.718262
2026-09-01,68125100751.430359,36989475569.379204,41486224579.061790,32352494255.124138,22662020063.645668,6154451210.756036,8174431385.090956,21842.039952,215944219656.528107
